,HShift,NShift,CA,CB,CAPrime,CBPrime,ClosestCAShift1D,ClosestCBShift1D,Closest2DShift (ppm)
0,5.756,114.3,58.59,57.296,60.265,,"[0.089, 0.134, 0.178, 0.229, 0.231]","[0.014, 0.022, 0.05, 0.058, 0.18]","[0.2071, 0.2424, 0.42221, 0.74007, 0.74798]"
1,5.251,126.472,55.967,,,,"[0.018, 0.053, 0.067, 0.081, 0.089]",,
2,6.303,122.611,49.834,69.595,49.177,66.158,"[0.09, 0.105, 0.33, 0.657, 0.884]","[0.307, 0.557, 0.587, 0.614, 0.775]","[1.01942, 2.3857, 2.69302, 2.7908, 2.87039]"
3,6.425,120.326,56.74,55.626,58.271,22.79,"[0.024, 0.041, 0.089, 0.164, 0.173]","[0.018, 0.021, 0.024, 0.087, 0.151]","[0.81138, 0.84034, 0.86195, 0.88387, 0.89516]"
4,6.285,109.235,63.646,56.981,63.742,57.774,"[0.014, 0.035, 0.04, 0.07, 0.075]","[0.068, 0.073, 0.102, 0.122, 0.128]","[0.69804, 0.74195, 0.79879, 1.08909, 1.09165]"
5,6.282,110.3,63.687,56.561,63.799,57.707,"[0.001, 0.006, 0.027, 0.029, 0.034]","[0.045, 0.053, 0.059, 0.067, 0.071]","[1.11452, 1.15146, 1.16203, 1.21425, 1.42519]"
6,7.002,128.485,52.688,52.519,57.381,60.846,"[0.016, 0.038, 0.087, 0.087, 0.107]","[0.096, 0.109, 0.241, 0.257, 0.434]","[1.5694, 2.09669, 2.45968, 2.96691, 3.01207]"
7,7.138,125.759,52.591,43.135,44.528,41.57,"[0.01, 0.054, 0.06, 0.081, 0.088]","[0.187, 0.63, 0.695, 0.924, 0.944]","[0.38803, 0.63231, 0.72839, 1.39075, 1.45042]"
8,6.959,124.662,53.525,45.004,61.471,16.496,"[0.041, 0.048, 0.049, 0.058, 0.139]","[0.002, 0.033, 0.194, 0.199, 0.236]","[0.25162, 0.74623, 0.77936, 0.78599, 0.80799]"
9,6.659,121.347,52.852,43.54,56.342,58.128,"[0.025, 0.057, 0.077, 0.126, 0.18]","[0.29, 0.539, 0.592, 0.853, 0.887]","[0.55995, 0.8436, 1.08187, 1.14924, 1.67778]"
10,6.871,121.901,49.565,55.308,59.395,22.684,"[0.061, 0.359, 0.374, 0.388, 1.153]","[0.012, 0.038, 0.086, 0.09, 0.16]","[3.1695, 4.55796, 4.59579, 4.75493, 4.80638]"
11,7.074,122.281,56.886,45.196,58.883,57.6,"[0.018, 0.027, 0.105, 0.122, 0.209]","[0.002, 0.007, 0.055, 0.19, 0.209]","[0.10523, 0.46118, 0.48847, 0.5801, 0.604]"
12,7.107,122.172,54.788,53.623,54.158,55.148,"[0.012, 0.02, 0.026, 0.037, 0.052]","[0.145, 0.154, 0.363, 0.383, 0.447]","[0.68963, 0.70297, 0.81126, 1.42195, 1.5752]"
13,7.202,122.897,56.762,21.944,55.516,45.902,"[0.002, 0.019, 0.111, 0.142, 0.151]","[0.089, 0.134, 0.211, 0.341, 0.464]","[0.91487, 0.99677, 1.01517, 1.04828, 1.581]"
14,7.51,125.415,54.865,67.176,63.123,49.517,"[0.008, 0.02, 0.025, 0.04, 0.051]","[0.035, 0.218, 0.363, 0.501, 0.549]","[0.93738, 1.35015, 1.41835, 1.86665, 2.28349]"
15,7.474,124.269,57.302,55.233,55.465,54.07,"[0.013, 0.046, 0.059, 0.079, 0.136]","[0.015, 0.037, 0.063, 0.085, 0.115]","[0.22605, 0.74181, 1.05101, 1.06921, 1.17046]"
16,7.434,123.079,58.551,47.311,49.939,70.609,"[0.05, 0.173, 0.19, 0.192, 0.207]","[0.014, 0.016, 0.148, 0.321, 0.351]","[1.02969, 1.18571, 1.30701, 1.45908, 1.46883]"
17,7.541,124.03,54.354,66.33,66.063,17.695,"[0.006, 0.037, 0.048, 0.075, 0.094]","[0.172, 0.881, 1.064, 1.209, 1.347]","[1.92561, 2.25022, 2.36619, 2.38032, 2.41891]"
18,7.486,122.753,52.887,,56.186,,"[0.06, 0.092, 0.112, 0.161, 0.171]",,
19,7.394,121.492,58.627,54.416,59.915,55.296,"[0.097, 0.126, 0.141, 0.205, 0.209]","[0.024, 0.156, 0.179, 0.188, 0.191]","[0.34904, 0.50013, 0.77083, 1.13741, 1.37524]"
20,7.38,120.764,57.357,25.811,60.8,,"[0.004, 0.009, 0.024, 0.042, 0.096]","[2.186, 3.021, 3.071, 3.127, 3.397]","[3.15624, 3.1663, 3.40885, 3.7325, 3.74585]"
21,7.357,120.264,61.584,53.585,52.071,47.297,"[0.027, 0.035, 0.038, 0.076, 0.106]","[0.116, 0.183, 0.401, 0.421, 0.445]","[0.59538, 0.72946, 0.96081, 0.98762, 1.47311]"
22,7.424,120.287,55.868,43.476,57.361,57.713,"[0.002, 0.018, 0.032, 0.036, 0.04]","[0.354, 0.528, 0.603, 0.917, 0.951]","[0.99338, 1.3423, 1.42408, 1.63203, 1.91597]"
23,7.46,120.837,64.512,,60.527,,"[0.018, 0.029, 0.065, 0.116, 0.13]",,
24,7.404,119.653,58.121,21.689,61.006,53.14,"[0.007, 0.008, 0.011, 0.033, 0.039]","[0.044, 0.086, 0.166, 0.209, 0.389]","[0.46823, 0.59786, 0.8695, 1.05102, 1.11117]"
25,7.396,118.582,58.703,,59.18,54.953,"[0.021, 0.065, 0.129, 0.133, 0.18]",,
26,7.404,118.199,58.541,56.073,59.84,53.768,"[0.04, 0.18, 0.182, 0.183, 0.197]","[0.137, 0.154, 0.21, 0.302, 0.348]","[0.89398, 1.03677, 1.21134, 1.24345, 1.27077]"
27,7.321,118.22,54.681,43.287,45.012,37.768,"[0.002, 0.004, 0.061, 0.119, 0.127]","[0.339, 0.543, 0.782, 0.792, 1.076]","[1.10512, 1.13572, 1.14705, 1.3569, 1.78456]"
28,7.038,120.246,53.035,52.749,54.186,53.986,"[0.023, 0.077, 0.208, 0.24, 0.26]","[0.134, 0.31, 0.339, 0.391, 0.471]","[1.58881, 1.68967, 2.05171, 2.60523, 2.64884]"
29,7.091,119.957,64.992,38.208,55.205,68.553,"[0.246, 0.364, 0.415, 0.498, 0.509]","[0.44, 3.097, 3.362, 3.494, 3.617]","[5.07116, 5.94779, 6.16865, 7.88286, 8.516]"
30,6.91,119.276,58.116,57.228,59.816,58.392,"[0.003, 0.012, 0.016, 0.028, 0.044]","[0.01, 0.046, 0.082, 0.112, 0.118]","[0.27577, 0.40297, 0.72068, 0.85245, 0.89736]"
31,6.828,119.145,64.357,,59.342,,"[0.025, 0.126, 0.137, 0.151, 0.22]",,
32,6.99,118.313,49.098,65.214,57.527,,"[0.079, 0.406, 0.826, 0.841, 1.62]","[0.944, 1.436, 1.997, 2.18, 2.325]","[0.9473, 1.49229, 2.16108, 3.5715, 3.59274]"
33,6.946,117.451,58.059,20.715,53.902,57.836,"[0.029, 0.054, 0.062, 0.069, 0.072]","[0.765, 0.888, 1.018, 1.14, 1.363]","[0.8442, 1.41825, 1.7464, 1.74966, 2.02618]"
34,6.956,118.09,,,,,,,
35,7.019,117.896,55.466,52.963,64.628,55.022,"[0.001, 0.024, 0.05, 0.058, 0.08]","[0.096, 0.177, 0.348, 0.506, 0.553]","[1.107, 1.45957, 1.61812, 1.63858, 1.90707]"
36,6.891,115.766,68.63,52.85,68.673,33.258,"[0.043, 0.222, 0.964, 1.536, 1.683]","[0.209, 0.235, 0.29, 0.44, 0.572]","[2.87623, 2.97174, 3.57407, 4.55341, 4.5752]"
37,6.623,114.914,42.645,59.336,,,"[0.272, 0.907, 1.883, 2.049, 2.138]","[0.041, 0.046, 0.063, 0.085, 0.1]","[8.17173, 9.44493, 10.25535, 10.72378, 11.3565]"
38,7.621,125.661,53.613,,56.436,45.006,"[0.039, 0.047, 0.051, 0.136, 0.146]",,
39,7.67,125.413,56.991,28.046,64.746,48.658,"[0.078, 0.087, 0.104, 0.128, 0.16]","[3.513, 4.421, 5.212, 5.254, 5.256]","[5.35234, 5.40962, 5.42645, 5.66938, 5.87625]"
40,7.632,124.604,55.202,66.749,64.382,,"[0.003, 0.079, 0.166, 0.184, 0.214]","[0.462, 0.591, 0.645, 0.79, 0.928]","[1.22926, 1.804, 1.81251, 2.36349, 2.7863]"
41,7.696,123.854,64.464,47.168,57.119,46.603,"[0.019, 0.03, 0.082, 0.113, 0.164]","[0.129, 0.159, 0.178, 0.268, 0.291]","[1.16815, 1.51645, 1.80058, 2.43112, 2.70483]"
42,7.936,127.752,60.936,51.972,59.382,21.855,"[0.007, 0.07, 0.087, 0.136, 0.171]","[0.113, 0.29, 0.306, 0.438, 0.643]","[0.66191, 1.1701, 1.38522, 1.57418, 1.62047]"
43,8.009,127.859,49.49,48.988,61.36,50.456,"[0.014, 0.313, 0.434, 0.449, 1.228]","[0.038, 0.169, 0.314, 0.322, 0.33]","[3.08562, 3.31042, 3.69891, 4.53936, 4.76671]"
44,8.032,129.505,52.235,,57.527,,"[0.016, 0.119, 0.138, 0.142, 0.164]",,
45,8.198,129.602,54.896,54.155,56.25,44.393,"[0.039, 0.051, 0.056, 0.071, 0.082]","[0.01, 0.034, 0.073, 0.085, 0.149]","[0.44503, 0.57531, 0.72984, 0.89076, 1.23721]"
46,8.476,130.143,52.609,67.299,53.984,45.734,"[0.008, 0.063, 0.072, 0.078, 0.106]","[0.088, 0.095, 0.24, 0.378, 0.426]","[0.516, 0.66913, 0.68858, 0.71508, 0.80845]"
47,8.721,130.75,57.82,45.385,53.058,41.825,"[0.044, 0.065, 0.077, 0.118, 0.147]","[0.02, 0.026, 0.058, 0.134, 0.15]","[0.3793, 0.60035, 0.94723, 1.05482, 1.29888]"
48,8.909,131.581,56.687,,63.681,,"[0.036, 0.077, 0.094, 0.134, 0.201]",,
49,8.974,130.687,55.072,54.948,55.563,57.238,"[0.051, 0.084, 0.133, 0.215, 0.227]","[0.005, 0.074, 0.076, 0.077, 0.096]","[0.25108, 0.85945, 0.92074, 0.93563, 0.9469]"
50,9.139,131.761,53.493,42.917,52.251,42.948,"[0.016, 0.026, 0.073, 0.081, 0.166]","[0.031, 0.412, 0.706, 0.904, 0.913]","[0.93836, 1.041, 1.15631, 1.1724, 1.17545]"
51,9.234,132.424,53.114,51.85,61.976,,"[0.002, 0.056, 0.213, 0.287, 0.319]","[0.235, 0.412, 0.428, 0.56, 0.56]","[0.78492, 2.38991, 2.73103, 2.8451, 3.23351]"
52,8.854,128.462,57.857,,59.3,,"[0.007, 0.028, 0.11, 0.114, 0.126]",,
53,9.111,129.425,54.739,51.741,60.277,47.887,"[0.06, 0.061, 0.062, 0.069, 0.075]","[0.344, 0.451, 0.521, 0.537, 0.669]","[1.16577, 2.26779, 2.31211, 2.43953, 2.50294]"
54,8.789,129.035,53.418,40.967,57.532,47.459,"[0.049, 0.059, 0.091, 0.148, 0.156]","[0.338, 0.603, 0.735, 0.858, 1.012]","[0.74061, 0.93046, 1.01319, 1.31443, 1.60301]"
55,8.471,128.811,53.518,43.369,55.832,58.166,"[0.041, 0.048, 0.051, 0.056, 0.146]","[0.421, 0.461, 0.71, 0.864, 1.024]","[0.79114, 1.23432, 1.30723, 1.33511, 1.39094]"
56,9.895,133.893,56.159,,59.202,,"[0.002, 0.002, 0.027, 0.027, 0.037]",,
57,9.294,128.749,52.393,55.633,53.467,41.979,"[0.02, 0.039, 0.108, 0.11, 0.138]","[0.025, 0.028, 0.031, 0.094, 0.158]","[0.87569, 1.80119, 1.83042, 1.93048, 2.05715]"
58,9.334,128.047,60.593,44.184,62.125,50.871,"[0.0, 0.066, 0.172, 0.207, 0.252]","[0.105, 0.209, 0.243, 0.354, 0.584]","[2.57957, 3.02093, 3.26448, 3.45523, 3.58516]"
59,9.504,127.474,52.475,67.123,60.765,,"[0.026, 0.028, 0.056, 0.062, 0.102]","[0.088, 0.271, 0.416, 0.554, 0.602]","[0.61135, 0.68158, 0.71297, 0.72845, 0.76164]"
60,9.393,126.917,55.751,66.715,56.186,56.49,"[0.011, 0.018, 0.021, 0.047, 0.077]","[0.496, 0.557, 0.679, 0.824, 0.962]","[1.30927, 1.91738, 2.02498, 2.60871, 3.12075]"
61,9.045,127.772,55.491,45.05,57.702,21.48,"[0.001, 0.025, 0.026, 0.033, 0.072]","[0.044, 0.079, 0.148, 0.153, 0.201]","[0.79285, 0.85237, 0.92446, 0.94602, 1.00386]"
62,8.719,128.484,57.541,56.695,57.348,56.283,"[0.009, 0.014, 0.014, 0.016, 0.024]","[0.035, 0.067, 0.097, 0.133, 0.157]","[0.45496, 0.53063, 0.6544, 0.7883, 1.03379]"
63,8.396,128.016,49.855,66.257,53.327,41.702,"[0.069, 0.084, 0.351, 0.678, 0.863]","[0.099, 0.954, 1.137, 1.282, 1.42]","[0.68519, 0.95649, 2.36048, 2.36346, 2.50373]"
64,8.535,128.034,,,54.857,,,,
65,8.735,127.869,56.736,42.945,60.341,52.262,"[0.028, 0.045, 0.085, 0.168, 0.177]","[0.003, 0.44, 0.734, 0.885, 0.932]","[1.52738, 1.89139, 1.92449, 2.08272, 2.25845]"
66,8.851,127.404,59.358,56.167,58.128,22.74,"[0.015, 0.016, 0.018, 0.024, 0.037]","[0.043, 0.116, 0.208, 0.248, 0.254]","[0.30753, 1.03387, 1.18258, 1.22698, 1.25822]"
67,8.895,126.878,55.659,47.718,56.441,45.811,"[0.002, 0.031, 0.036, 0.045, 0.096]","[0.056, 0.169, 0.259, 0.302, 0.391]","[0.9748, 1.08864, 1.70153, 1.70611, 1.70617]"
68,8.844,126.583,60.709,,61.778,17.485,"[0.056, 0.091, 0.116, 0.182, 0.22]",,
69,8.806,126.412,54.128,44.254,54.429,42.211,"[0.006, 0.009, 0.022, 0.03, 0.058]","[0.139, 0.173, 0.175, 0.424, 0.514]","[0.31424, 0.70166, 1.15331, 1.19072, 1.20918]"
70,8.693,127.332,57.908,,61.023,,"[0.023, 0.044, 0.059, 0.075, 0.079]",,
71,8.565,127.54,54.138,,52.775,,"[0.004, 0.019, 0.02, 0.032, 0.048]",,
72,8.621,127.135,59.377,45.754,54.317,55.475,"[0.005, 0.018, 0.034, 0.035, 0.037]","[0.016, 0.02, 0.047, 0.057, 0.082]","[1.27347, 1.59932, 1.96721, 2.3151, 2.41234]"
73,8.484,126.907,56.45,44.817,54.84,55.044,"[0.009, 0.014, 0.015, 0.022, 0.028]","[0.049, 0.154, 0.189, 0.381, 0.386]","[0.18952, 0.22344, 0.4688, 0.50849, 0.59466]"
74,8.58,126.556,56.881,57.201,52.531,68.272,"[0.023, 0.032, 0.1, 0.117, 0.214]","[0.037, 0.073, 0.085, 0.092, 0.109]","[0.32359, 0.39092, 0.58612, 0.70181, 0.79781]"
75,8.648,126.362,59.683,58.037,61.619,54.572,"[0.078, 0.12, 0.133, 0.151, 0.157]","[0.033, 0.091, 0.129, 0.135, 0.168]","[0.3791, 0.66737, 0.72923, 0.86196, 0.91158]"
76,8.705,126.223,65.807,53.77,62.893,54.392,"[0.022, 0.091, 0.256, 0.471, 0.578]","[0.002, 0.216, 0.236, 0.3, 0.301]","[1.09997, 1.30019, 1.6725, 1.71975, 2.07214]"
77,8.665,126.685,55.494,,54.238,,"[0.004, 0.022, 0.029, 0.03, 0.069]",,
78,9.073,125.852,60.459,,57.166,,"[0.068, 0.118, 0.134, 0.182, 0.194]",,
79,9.393,123.89,54.552,55.931,52.537,42.505,"[0.007, 0.045, 0.055, 0.068, 0.095]","[0.012, 0.279, 0.323, 0.326, 0.329]","[0.40556, 0.51299, 0.57113, 0.58504, 0.87654]"
80,8.669,124.95,,,59.305,57.487,,,
81,9.54,121.791,54.277,51.248,54.348,45.443,"[0.017, 0.039, 0.04, 0.063, 0.071]","[0.042, 0.377, 0.792, 0.837, 1.014]","[0.61444, 1.81898, 2.35439, 2.73951, 2.80199]"
82,9.398,121.999,51.743,,,,"[0.094, 0.111, 0.184, 0.259, 0.295]",,
83,9.412,121.005,59.876,16.454,52.373,43.83,"[0.036, 0.039, 0.05, 0.06, 0.115]","[0.042, 0.311, 1.031, 1.241, 2.595]","[1.59555, 2.16346, 2.54805, 3.00588, 5.42354]"
84,9.173,122.196,57.172,45.307,55.886,48.666,"[0.006, 0.021, 0.053, 0.077, 0.143]","[0.056, 0.098, 0.104, 0.104, 0.109]","[0.33616, 0.40459, 0.70175, 0.71809, 0.79517]"
85,9.049,123.551,56.523,,58.359,13.859,"[0.03, 0.037, 0.045, 0.058, 0.082]",,
86,9.021,123.421,,,,,,,
87,8.952,123.5,54.083,40.96,53.867,44.079,"[0.023, 0.036, 0.051, 0.075, 0.099]","[0.345, 0.61, 0.742, 0.865, 1.019]","[1.05929, 1.06112, 1.19072, 1.29797, 1.34121]"
88,8.962,122.958,56.555,46.391,49.924,67.211,"[0.002, 0.069, 0.077, 0.09, 0.096]","[0.061, 0.107, 0.212, 0.482, 0.489]","[0.5911, 0.60253, 0.72, 0.78377, 0.98302]"
89,8.881,124.01,56.15,55.451,52.501,56.502,"[0.007, 0.011, 0.034, 0.036, 0.036]","[0.024, 0.057, 0.088, 0.151, 0.154]","[0.29206, 0.76326, 0.96491, 0.9706, 0.98385]"
90,8.857,123.893,59.004,,54.62,,"[0.121, 0.168, 0.172, 0.176, 0.188]",,
91,8.849,124.3,55.983,,56.232,44.768,"[0.034, 0.069, 0.073, 0.083, 0.097]",,
92,8.879,123.627,,,,,,,
93,8.752,122.893,54.95,53.153,56.258,54.189,"[0.038, 0.093, 0.105, 0.11, 0.125]","[0.013, 0.094, 0.316, 0.538, 0.615]","[1.05172, 1.1303, 1.18266, 1.66858, 1.8942]"
94,9.021,122.106,59.164,50.936,53.974,23.625,"[0.016, 0.028, 0.034, 0.038, 0.108]","[0.065, 0.354, 0.48, 1.149, 1.326]","[1.14934, 1.47439, 1.77302, 2.13311, 2.24785]"
95,8.213,126.998,55.77,57.322,62.405,16.143,"[0.001, 0.002, 0.008, 0.058, 0.062]","[0.012, 0.024, 0.048, 0.084, 0.159]","[0.21654, 0.22339, 0.28605, 0.41505, 0.67998]"
96,8.385,125.707,59.26,44.68,61.733,46.498,"[0.012, 0.025, 0.04, 0.045, 0.058]","[0.088, 0.253, 0.287, 0.291, 0.326]","[1.68109, 1.84424, 2.14782, 2.53357, 2.84275]"
97,8.198,125.341,58.088,,,,"[0.0, 0.025, 0.04, 0.044, 0.072]",,
98,8.278,125.117,53.82,44.579,62.35,54.165,"[0.033, 0.043, 0.047, 0.079, 0.082]","[0.152, 0.186, 0.189, 0.392, 0.427]","[0.5022, 0.75448, 0.90964, 0.99962, 1.00625]"
99,7.987,125.355,51.812,66.8,56.405,56.859,"[0.025, 0.042, 0.115, 0.19, 0.226]","[0.411, 0.594, 0.642, 0.739, 0.877]","[0.60503, 0.73942, 0.89735, 0.96674, 1.01487]"
100,7.855,125.66,54.45,44.704,57.453,48.02,"[0.002, 0.007, 0.021, 0.047, 0.048]","[0.064, 0.267, 0.277, 0.302, 0.311]","[0.45265, 0.74391, 0.74601, 0.8547, 0.88905]"
101,7.901,125.285,55.252,,58.832,57.31,"[0.047, 0.116, 0.129, 0.134, 0.213]",,
102,7.803,124.634,51.874,66.463,54.134,45.535,"[0.02, 0.037, 0.053, 0.128, 0.164]","[0.305, 0.748, 0.931, 1.076, 1.214]","[0.93251, 1.07664, 1.22073, 1.28086, 1.35115]"
103,8.577,125.076,52.299,44.786,54.545,56.516,"[0.048, 0.055, 0.074, 0.202, 0.204]","[0.018, 0.185, 0.22, 0.359, 0.393]","[0.95886, 1.26646, 1.72002, 1.76648, 1.83863]"
104,8.546,125.163,61.426,55.445,54.457,54.228,"[0.033, 0.037, 0.045, 0.05, 0.066]","[0.03, 0.051, 0.094, 0.149, 0.157]","[0.16763, 0.89408, 1.46473, 1.48762, 1.51833]"
105,8.446,124.568,52.133,44.903,55.123,55.919,"[0.04, 0.062, 0.095, 0.118, 0.131]","[0.068, 0.103, 0.135, 0.295, 0.3]","[1.09951, 1.38832, 1.85282, 1.91983, 1.95856]"
106,9.182,120.234,61.717,,59.34,56.474,"[0.016, 0.027, 0.029, 0.057, 0.061]",,
107,9.255,119.725,59.758,57.429,65.829,55.07,"[0.003, 0.058, 0.082, 0.157, 0.168]","[0.052, 0.058, 0.083, 0.098, 0.103]","[0.31899, 0.36097, 0.4567, 0.89155, 0.93362]"
108,8.982,120.778,,,,,,,
109,8.954,120.575,59.705,,64.577,,"[0.056, 0.111, 0.135, 0.142, 0.173]",,
110,8.742,122.076,,,61.459,,,,
111,8.805,121.801,59.822,,56.478,45.411,"[0.006, 0.018, 0.061, 0.093, 0.104]",,
112,8.674,122.96,,,55.769,21.733,,,
113,8.617,122.973,59.255,,54.8,58.619,"[0.017, 0.03, 0.045, 0.05, 0.053]",,
114,8.626,122.748,56.542,51.5,,52.615,"[0.011, 0.056, 0.064, 0.077, 0.101]","[0.21, 0.585, 0.629, 0.762, 0.778]","[2.21206, 2.2205, 2.44826, 2.70396, 2.7138]"
115,8.658,122.588,56.377,,62.287,52.278,"[0.006, 0.028, 0.035, 0.05, 0.051]",,
116,8.622,122.329,60.33,,49.504,63.778,"[0.011, 0.053, 0.065, 0.197, 0.246]",,
117,8.528,123.969,56.255,55.653,57.641,22.414,"[0.003, 0.005, 0.007, 0.023, 0.038]","[0.045, 0.048, 0.051, 0.114, 0.178]","[0.35864, 0.74244, 0.78048, 0.83968, 0.83984]"
118,8.545,122.653,,,,,,,
119,8.557,122.615,58.491,,57.517,69.288,"[0.01, 0.13, 0.132, 0.147, 0.22]",,
120,8.735,121.154,,,54.507,69.008,,,
121,8.814,120.765,54.462,54.611,55.9,55.602,"[0.005, 0.014, 0.033, 0.035, 0.045]","[0.004, 0.016, 0.031, 0.039, 0.075]","[0.38303, 0.57478, 0.61213, 0.61708, 0.68323]"
122,8.765,120.079,66.777,,,,"[0.03, 0.317, 0.361, 0.392, 0.499]",,
123,8.72,119.717,56.36,,51.242,,"[0.018, 0.023, 0.033, 0.045, 0.067]",,
124,8.977,119.306,,,,21.603,,,
125,9.193,118.472,57.652,,42.917,,"[0.011, 0.015, 0.05, 0.058, 0.091]",,
126,9.373,117.944,,,55.661,,,,
127,9.22,116.274,55.055,,55.563,,"[0.067, 0.068, 0.15, 0.198, 0.21]",,
128,9.102,117.586,56.68,,56.486,,"[0.029, 0.084, 0.101, 0.127, 0.194]",,
129,9.048,118.242,57.175,,61.125,,"[0.009, 0.024, 0.056, 0.08, 0.14]",,
130,8.787,118.432,57.601,,56.781,45.203,"[0.007, 0.04, 0.066, 0.069, 0.074]",,
131,8.736,117.825,,67.307,66.416,54.686,,"[0.087, 0.096, 0.232, 0.37, 0.418]",
132,8.749,117.692,55.323,48.39,60.084,57.274,"[0.045, 0.063, 0.118, 0.142, 0.167]","[0.054, 0.1, 0.141, 0.242, 0.268]","[0.62701, 1.06934, 1.12057, 1.26087, 1.33141]"
133,8.782,117.049,51.209,,53.574,,"[0.033, 0.491, 0.628, 0.645, 0.718]",,
134,8.843,116.852,44.985,,58.344,,"[0.011, 0.027, 0.037, 0.068, 0.202]",,
135,8.825,116.292,54.127,,57.743,41.305,"[0.007, 0.008, 0.021, 0.031, 0.059]",,
136,8.698,115.348,59.473,,52.601,,"[0.023, 0.052, 0.059, 0.078, 0.09]",,
137,8.654,116.213,53.975,51.606,57.983,,"[0.001, 0.003, 0.009, 0.073, 0.076]","[0.316, 0.479, 0.656, 0.672, 0.735]","[0.44337, 2.24523, 2.38933, 2.66593, 2.82269]"
138,8.66,117.314,57.355,45.19,56.553,45.671,"[0.006, 0.007, 0.026, 0.04, 0.098]","[0.008, 0.013, 0.061, 0.184, 0.215]","[0.13524, 0.57415, 0.90442, 0.93518, 0.93724]"
139,8.587,116.512,56.253,53.797,54.808,44.427,"[0.003, 0.005, 0.009, 0.021, 0.04]","[0.029, 0.189, 0.209, 0.273, 0.328]","[0.39203, 0.83395, 0.89905, 1.03918, 1.77458]"
140,8.572,117.604,54.367,,,,"[0.019, 0.035, 0.05, 0.062, 0.081]",,
141,8.484,116.362,54.47,,53.863,,"[0.013, 0.022, 0.027, 0.037, 0.041]",,
142,8.385,116.463,58.195,,46.861,13.859,"[0.035, 0.063, 0.067, 0.076, 0.082]",,
143,8.375,117.255,52.732,43.83,54.679,49.474,"[0.006, 0.043, 0.06, 0.063, 0.095]","[0.0, 0.249, 0.563, 0.597, 0.882]","[0.359, 1.00463, 1.16199, 1.33927, 1.60445]"
144,8.437,117.199,55.619,,56.262,54.696,"[0.004, 0.009, 0.042, 0.056, 0.056]",,
145,8.465,117.684,53.874,,55.704,,"[0.007, 0.011, 0.025, 0.028, 0.087]",,
146,8.48,118.339,59.292,,57.49,45.198,"[0.007, 0.008, 0.013, 0.02, 0.048]",,
147,8.42,118.41,,43.794,66.385,48.658,,"[0.036, 0.285, 0.599, 0.633, 0.846]",
148,8.406,118.663,53.664,,,59.273,"[0.0, 0.09, 0.098, 0.123, 0.187]",,
149,8.351,118.773,58.992,56.528,59.45,57.346,"[0.109, 0.156, 0.16, 0.188, 0.2]","[0.012, 0.02, 0.026, 0.038, 0.054]","[0.35216, 0.76069, 0.7982, 0.93749, 1.00879]"
150,8.667,119.026,59.287,,,,"[0.002, 0.013, 0.015, 0.018, 0.053]",,
151,8.615,119.74,67.141,54.621,64.483,48.336,"[0.047, 0.334, 0.525, 0.725, 0.756]","[0.014, 0.021, 0.026, 0.049, 0.065]","[0.72791, 0.77443, 1.3867, 2.54479, 2.65346]"
152,8.466,119.294,54.465,44.06,63.012,54.761,"[0.008, 0.017, 0.032, 0.036, 0.042]","[0.019, 0.23, 0.333, 0.367, 0.708]","[0.50233, 0.5983, 1.37066, 1.38794, 1.51168]"
153,8.509,119.632,56.197,,59.761,,"[0.001, 0.011, 0.011, 0.035, 0.036]",,
154,8.518,120.163,58.264,53.824,54.448,55.539,"[0.007, 0.08, 0.095, 0.097, 0.104]","[0.056, 0.162, 0.182, 0.246, 0.341]","[0.4442, 0.77798, 0.82373, 1.45386, 1.5693]"
155,8.543,120.414,59.276,,,,"[0.004, 0.009, 0.024, 0.029, 0.064]",,
156,8.367,119.324,57.293,,57.967,,"[0.022, 0.055, 0.068, 0.088, 0.127]",,
157,8.401,119.171,59.372,,54.825,,"[0.01, 0.023, 0.029, 0.03, 0.032]",,
158,8.92,113.167,57.645,16.586,57.987,49.157,"[0.004, 0.022, 0.051, 0.057, 0.098]","[0.09, 0.443, 0.899, 1.109, 2.727]","[2.81892, 3.82706, 4.22964, 4.78057, 4.89433]"
159,8.868,112.778,,,55.49,,,,
160,8.576,114.414,55.248,45.189,55.368,67.967,"[0.043, 0.12, 0.125, 0.138, 0.217]","[0.009, 0.014, 0.062, 0.183, 0.216]","[0.74788, 0.7617, 0.87991, 0.93516, 1.06905]"
161,8.472,113.739,66.059,,58.088,,"[0.004, 0.219, 0.23, 0.326, 0.343]",,
162,8.601,112.664,60.213,,,,"[0.052, 0.064, 0.128, 0.129, 0.168]",,
163,8.248,114.07,57.022,,61.463,47.662,"[0.073, 0.097, 0.109, 0.118, 0.129]",,
164,8.426,113.08,44.819,,62.005,54.006,"[0.036, 0.098, 0.125, 0.155, 0.193]",,
165,8.204,114.734,45.02,,70.313,31.559,"[0.002, 0.008, 0.046, 0.103, 0.237]",,
166,8.141,114.982,42.867,,59.198,52.41,"[0.05, 0.685, 1.661, 1.827, 1.916]",,
167,8.381,112.865,54.148,,,,"[0.01, 0.014, 0.029, 0.038, 0.042]",,
168,7.992,116.72,57.215,57.666,64.494,54.806,"[0.049, 0.064, 0.096, 0.1, 0.12]","[0.009, 0.029, 0.041, 0.046, 0.047]","[0.15338, 0.84295, 0.85071, 0.95165, 0.98771]"
169,7.887,115.866,58.323,20.622,44.917,,"[0.021, 0.036, 0.038, 0.052, 0.163]","[0.858, 0.981, 1.111, 1.233, 1.456]","[1.05915, 1.59696, 1.62535, 1.91739, 2.12696]"
170,7.881,115.6,62.818,,,55.608,"[0.044, 0.051, 0.065, 0.075, 0.116]",,
171,7.869,115.008,,,59.563,,,,
172,8.064,114.741,,,67.094,55.394,,,
173,7.985,114.356,56.4,,66.278,,"[0.005, 0.017, 0.028, 0.036, 0.041]",,
174,8.118,113.523,,,56.651,,,,
175,7.972,113.801,55.721,20.412,57.997,53.469,"[0.017, 0.041, 0.048, 0.051, 0.06]","[1.068, 1.191, 1.321, 1.443, 1.666]","[1.32187, 2.25055, 2.56173, 2.77388, 3.34862]"
176,7.849,113.446,64.712,54.134,58.132,,"[0.034, 0.084, 0.135, 0.218, 0.229]","[0.031, 0.055, 0.064, 0.094, 0.128]","[0.70648, 0.89196, 1.45732, 1.79118, 1.81194]"
177,8.403,110.982,43.909,,56.465,56.466,"[0.357, 0.619, 0.785, 0.874, 0.992]",,
178,8.294,110.696,43.753,,56.116,56.421,"[0.201, 0.775, 0.836, 0.941, 1.03]",,
179,8.206,110.675,44.737,,56.161,56.73,"[0.043, 0.046, 0.18, 0.209, 0.237]",,
180,8.339,103.902,44.934,,58.501,57.109,"[0.017, 0.04, 0.078, 0.088, 0.151]",,
181,7.853,109.88,46.184,,57.525,55.27,"[0.032, 0.3, 0.374, 0.677, 0.917]",,
182,7.729,109.606,,,52.672,,,,
183,7.642,109.021,,,,,,,
184,7.541,108.671,,,54.402,,,,
185,7.18,109.363,58.301,13.268,45.81,,"[0.03, 0.043, 0.058, 0.06, 0.141]","[0.591, 0.591, 2.875, 3.228, 4.217]","[0.59384, 4.52426, 5.01083, 5.46558, 8.23382]"
186,7.143,109.275,44.574,,63.721,57.675,"[0.046, 0.12, 0.209, 0.343, 0.4]",,
187,7.069,109.483,44.658,,57.885,46.33,"[0.036, 0.125, 0.13, 0.259, 0.316]",,
188,7.078,109.913,61.637,,61.69,58.919,"[0.018, 0.023, 0.026, 0.053, 0.091]",,
189,7.027,109.938,62.533,,62.556,59.251,"[0.023, 0.028, 0.029, 0.068, 0.128]",,
190,7.156,110.918,62.7,58.255,63.799,59.29,"[0.002, 0.033, 0.037, 0.053, 0.067]","[0.068, 0.089, 0.127, 0.137, 0.179]","[0.07741, 0.45295, 0.618, 0.75996, 0.90233]"
191,7.142,110.28,63.758,,,57.527,"[0.016, 0.037, 0.041, 0.041, 0.042]",,
192,7.039,112.313,52.06,46.414,57.594,59.041,"[0.011, 0.022, 0.033, 0.058, 0.133]","[0.084, 0.084, 0.189, 0.486, 0.505]","[0.88307, 1.17209, 1.61239, 1.83316, 1.85459]"
193,6.501,109.853,,,61.546,,,,
194,6.586,109.887,62.515,58.166,62.601,59.201,"[0.01, 0.041, 0.047, 0.086, 0.11]","[0.0, 0.038, 0.096, 0.157, 0.226]","[0.21576, 0.51604, 0.55483, 0.56108, 1.03857]"
195,6.552,111.633,62.064,,62.027,57.902,"[0.028, 0.037, 0.059, 0.061, 0.088]",,
196,6.589,110.964,62.607,58.232,62.667,59.212,"[0.006, 0.045, 0.051, 0.056, 0.06]","[0.066, 0.091, 0.104, 0.16, 0.162]","[0.10685, 0.49058, 0.60254, 0.66731, 0.96902]"
197,6.645,110.858,62.651,58.219,62.753,59.295,"[0.012, 0.016, 0.05, 0.051, 0.089]","[0.053, 0.091, 0.104, 0.149, 0.173]","[0.10469, 0.45199, 0.58423, 0.6999, 0.95998]"
198,6.756,111.379,63.486,,62.663,58.323,"[0.142, 0.174, 0.195, 0.2, 0.23]",,
199,6.659,112.3,62.805,58.278,62.996,61.887,"[0.031, 0.038, 0.052, 0.088, 0.103]","[0.045, 0.112, 0.114, 0.15, 0.156]","[0.14896, 0.42977, 0.64922, 0.82707, 0.84441]"
200,6.692,112.041,63.05,57.882,63.212,58.998,"[0.029, 0.038, 0.054, 0.061, 0.069]","[0.013, 0.02, 0.046, 0.108, 0.169]","[0.11375, 0.42559, 0.58673, 0.63831, 0.70038]"
201,6.646,111.929,,,,,,,
202,6.963,114.492,63.619,,63.716,33.3,"[0.041, 0.062, 0.067, 0.097, 0.102]",,
203,6.917,114.194,,56.531,67.666,57.532,,"[0.015, 0.023, 0.029, 0.041, 0.057]",
204,7.6,110.605,,,,,,,
205,7.573,111.425,63.643,,63.66,58.07,"[0.017, 0.038, 0.043, 0.073, 0.078]",,
206,7.377,111.87,63.192,,63.344,58.928,"[0.018, 0.02, 0.069, 0.113, 0.152]",,
207,7.313,112.089,63.272,58.23,,,"[0.06, 0.062, 0.072, 0.149, 0.193]","[0.064, 0.093, 0.102, 0.16, 0.162]","[0.4197, 0.46153, 0.49249, 0.61606, 0.65486]"
208,7.238,112.216,59.766,,60.929,59.236,"[0.005, 0.05, 0.074, 0.149, 0.16]",,
209,7.498,112.497,,,62.937,57.869,,,
210,7.343,112.356,62.896,,62.981,59.175,"[0.003, 0.041, 0.054, 0.064, 0.085]",,
211,7.517,120.207,58.691,58.078,58.113,45.909,"[0.033, 0.077, 0.141, 0.145, 0.19]","[0.008, 0.05, 0.088, 0.176, 0.209]","[0.51512, 0.78084, 0.85222, 0.98455, 0.98745]"
212,7.557,120.795,53.868,44.735,53.566,46.99,"[0.001, 0.005, 0.031, 0.034, 0.081]","[0.033, 0.236, 0.271, 0.308, 0.342]","[0.64741, 0.656, 0.74819, 0.84306, 0.85537]"
213,7.607,121.265,54.083,51.473,44.974,45.587,"[0.023, 0.036, 0.051, 0.075, 0.099]","[0.183, 0.602, 0.612, 0.789, 0.805]","[0.45722, 2.08596, 2.51511, 2.65137, 2.78027]"
214,7.633,121.613,57.512,,,,"[0.005, 0.013, 0.015, 0.015, 0.02]",,
215,7.643,121.96,54.716,68.087,,69.038,"[0.037, 0.039, 0.084, 0.092, 0.096]","[0.119, 0.12, 0.185, 0.204, 0.273]","[0.45756, 0.66295, 0.67548, 0.94442, 1.89274]"
216,7.587,122.497,,,58.724,59.062,,,
217,7.596,123.302,51.802,43.577,56.293,49.302,"[0.035, 0.052, 0.125, 0.2, 0.236]","[0.253, 0.502, 0.629, 0.816, 0.85]","[0.62454, 0.77281, 1.29977, 2.12514, 2.1557]"
218,7.576,123.681,,,53.112,,,,
219,7.677,123.024,59.188,53.52,54.497,56.913,"[0.004, 0.008, 0.01, 0.014, 0.084]","[0.051, 0.248, 0.38, 0.461, 0.466]","[0.69757, 1.11005, 1.19209, 1.39385, 1.43302]"
220,7.982,124.007,,,66.807,,,,
221,7.98,123.765,54.947,43.643,55.87,57.054,"[0.041, 0.09, 0.102, 0.107, 0.122]","[0.187, 0.436, 0.695, 0.75, 0.784]","[0.79623, 1.16469, 1.50343, 1.52281, 1.70788]"
222,7.919,123.279,,68.159,59.926,,,"[0.047, 0.113, 0.192, 0.276, 0.345]",
223,7.883,124.073,52.053,66.706,54.26,45.628,"[0.015, 0.018, 0.04, 0.051, 0.126]","[0.505, 0.548, 0.688, 0.833, 0.971]","[0.69944, 0.86055, 0.97234, 1.01978, 1.12573]"
224,7.853,123.843,58.84,56.434,61.611,,"[0.004, 0.008, 0.043, 0.072, 0.116]","[0.013, 0.032, 0.04, 0.056, 0.059]","[0.5016, 0.75534, 0.87604, 1.0972, 1.1511]"
225,7.815,123.23,52.786,67.172,56.904,54.607,"[0.009, 0.011, 0.041, 0.06, 0.114]","[0.039, 0.222, 0.367, 0.505, 0.553]","[0.69247, 0.8866, 0.88722, 0.93257, 1.01749]"
226,7.7,122.483,59.301,,57.095,,"[0.001, 0.004, 0.016, 0.029, 0.039]",,
227,7.745,122.373,59.272,,55.762,49.421,"[0.0, 0.013, 0.028, 0.033, 0.068]",,
228,7.818,123.598,57.563,,,,"[0.031, 0.031, 0.036, 0.036, 0.038]",,
229,8.513,122.149,56.32,55.787,62.767,54.801,"[0.007, 0.022, 0.027, 0.058, 0.062]","[0.132, 0.179, 0.182, 0.185, 0.248]","[0.45894, 0.59784, 0.66601, 0.69431, 0.71566]"
230,8.479,121.959,52.948,,59.272,,"[0.11, 0.121, 0.153, 0.164, 0.173]",,
231,8.471,123.148,,,56.056,,,,
232,8.449,123.159,,,,,,,
233,8.378,123.41,,42.685,54.214,42.013,,"[0.18, 0.263, 0.474, 0.672, 0.706]",
234,8.324,123.833,63.609,,,54.871,"[0.051, 0.072, 0.077, 0.107, 0.112]",,
235,8.343,123.768,,,62.505,,,,
236,10.933,134.098,,,,,,,
237,8.254,123.763,50.748,64.177,57.667,22.078,"[0.03, 0.494, 0.809, 0.824, 1.089]","[0.399, 1.981, 2.29, 3.034, 3.217]","[1.30642, 2.52832, 3.1439, 3.42624, 3.53397]"
238,8.149,123.956,54.76,,56.383,48.531,"[0.04, 0.048, 0.054, 0.065, 0.08]",,
239,8.194,123.893,,,,,,,
240,8.068,123.27,54.332,,59.192,52.085,"[0.015, 0.016, 0.07, 0.072, 0.094]",,
241,8.117,123.39,53.544,53.642,51.854,67.814,"[0.022, 0.03, 0.067, 0.077, 0.12]","[0.126, 0.173, 0.344, 0.364, 0.428]","[0.72835, 1.08488, 1.58405, 1.62636, 1.90925]"
242,8.076,122.746,49.028,43.892,53.664,51.29,"[0.149, 0.476, 0.896, 0.911, 1.69]","[0.062, 0.187, 0.501, 0.535, 0.876]","[3.01191, 3.34557, 3.3584, 3.77318, 4.39408]"
243,8.23,123.16,55.305,43.728,62.774,54.872,"[0.063, 0.081, 0.1, 0.16, 0.182]","[0.102, 0.351, 0.665, 0.699, 0.78]","[0.85768, 1.15553, 1.39317, 1.48022, 1.70659]"
244,8.175,123.354,64.222,51.552,54.106,45.707,"[0.016, 0.16, 0.261, 0.272, 0.355]","[0.262, 0.533, 0.681, 0.71, 0.726]","[1.96563, 2.06671, 2.20481, 2.3128, 2.60205]"
245,8.392,123.077,,,55.949,,,,
246,8.352,122.91,,,,,,,
247,8.369,122.432,,,62.562,56.852,,,
248,8.452,122.772,56.046,55.445,56.428,56.375,"[0.01, 0.07, 0.097, 0.111, 0.115]","[0.03, 0.051, 0.094, 0.149, 0.157]","[0.21439, 0.77952, 0.92613, 0.97851, 1.0054]"
249,7.336,115.1,53.841,,62.95,,"[0.022, 0.026, 0.054, 0.058, 0.061]",,
250,7.723,113.165,,,63.686,58.434,,,
251,7.648,113.118,57.483,,54.845,68.526,"[0.007, 0.03, 0.034, 0.042, 0.044]",,
252,7.723,114.19,,,,,,,
253,7.708,114.499,,,68.408,33.339,,,
254,7.401,117.321,,57.178,45.884,,,"[0.06, 0.062, 0.069, 0.096, 0.124]",
255,7.493,116.835,,56.741,59.532,,,"[0.011, 0.051, 0.087, 0.111, 0.113]",
256,7.493,117.354,,,,,,,
257,7.48,118.145,58.599,57.822,65.716,,"[0.098, 0.125, 0.169, 0.233, 0.237]","[0.014, 0.047, 0.048, 0.08, 0.109]","[0.36047, 0.56252, 0.7197, 0.78145, 0.97508]"
258,7.718,116.963,59.285,,,,"[0.0, 0.013, 0.015, 0.02, 0.055]",,
259,7.777,116.966,59.04,,59.285,,"[0.14, 0.152, 0.157, 0.158, 0.162]",,
260,7.758,117.468,56.238,48.239,63.21,55.218,"[0.006, 0.012, 0.02, 0.024, 0.042]","[0.051, 0.091, 0.097, 0.219, 0.292]","[0.32602, 0.55338, 1.06442, 1.23458, 1.27424]"
261,7.949,117.571,53.179,46.673,52.827,68.206,"[0.067, 0.121, 0.148, 0.288, 0.298]","[0.07, 0.175, 0.227, 0.317, 0.343]","[0.50026, 0.7584, 1.1153, 1.23683, 1.27163]"
262,8.117,117.552,63.065,,59.343,,"[0.014, 0.053, 0.058, 0.069, 0.076]",,
263,8.176,117.498,59.361,55.911,57.151,46.9,"[0.018, 0.019, 0.021, 0.021, 0.034]","[0.008, 0.299, 0.303, 0.306, 0.309]","[0.56339, 0.82773, 0.97495, 1.43776, 1.47472]"
264,8.22,116.892,58.951,46.043,58.361,54.642,"[0.068, 0.115, 0.119, 0.183, 0.227]","[0.134, 0.141, 0.232, 0.287, 0.305]","[0.84865, 1.10396, 1.68776, 1.91568, 1.9936]"
265,8.265,116.687,,,,,,,
266,8.042,118.524,53.932,44.608,52.503,67.804,"[0.03, 0.033, 0.042, 0.046, 0.052]","[0.16, 0.181, 0.215, 0.363, 0.398]","[0.53298, 0.7877, 0.84117, 0.8945, 0.93289]"
267,7.925,118.367,59.538,54.483,64.206,48.95,"[0.006, 0.025, 0.088, 0.117, 0.143]","[0.089, 0.091, 0.112, 0.124, 0.159]","[0.59082, 0.77616, 0.89616, 1.18769, 1.38254]"
268,7.745,118.148,50.262,57.476,61.476,55.605,"[0.323, 0.338, 0.456, 0.758, 0.98]","[0.005, 0.011, 0.051, 0.056, 0.124]","[2.44168, 3.65776, 4.27226, 4.38927, 4.52069]"
269,7.626,118.234,,,62.092,,,,
270,7.673,118.636,59.188,52.102,51.927,67.394,"[0.004, 0.008, 0.01, 0.014, 0.084]","[0.017, 0.16, 0.176, 0.308, 0.513]","[0.01746, 0.30816, 1.16405, 1.78904, 1.81306]"
271,7.819,119.203,61.76,52.884,53.787,45.738,"[0.014, 0.018, 0.027, 0.07, 0.1]","[0.175, 0.256, 0.269, 0.474, 0.585]","[0.79627, 0.8031, 1.14844, 1.21269, 1.41034]"
272,7.87,119.0,52.763,46.345,54.119,55.118,"[0.012, 0.032, 0.037, 0.064, 0.091]","[0.015, 0.153, 0.258, 0.436, 0.443]","[0.98252, 1.02997, 1.17693, 1.19039, 1.30638]"
273,8.065,126.356,52.008,66.887,56.196,56.792,"[0.006, 0.03, 0.063, 0.081, 0.085]","[0.324, 0.507, 0.652, 0.729, 0.79]","[0.51343, 0.67405, 0.79002, 0.8423, 0.9397]"
274,7.656,120.44,57.305,,46.216,44.971,"[0.01, 0.043, 0.056, 0.076, 0.139]",,
275,2.957,108.275,43.29,,51.837,67.539,"[0.262, 0.373, 1.238, 1.404, 1.493]",,
276,7.711,120.681,53.965,43.968,,68.981,"[0.009, 0.013, 0.019, 0.063, 0.066]","[0.111, 0.138, 0.425, 0.459, 0.8]","[0.14807, 0.95986, 1.37267, 1.45625, 1.52391]"
277,7.731,121.574,55.445,46.752,53.978,45.597,"[0.02, 0.045, 0.059, 0.071, 0.077]","[0.148, 0.149, 0.238, 0.254, 0.422]","[0.85296, 1.32523, 1.37022, 1.54797, 1.63328]"
278,7.682,121.325,,,,,,,
279,8.315,118.027,57.601,21.436,56.157,56.628,"[0.007, 0.04, 0.066, 0.069, 0.074]","[0.044, 0.167, 0.297, 0.419, 0.642]","[0.11017, 0.64538, 0.97882, 1.40647, 1.5107]"
280,8.237,117.96,52.723,21.592,60.045,48.148,"[0.003, 0.051, 0.052, 0.072, 0.104]","[0.011, 0.112, 0.141, 0.263, 0.486]","[2.38707, 3.04926, 4.96783, 4.98026, 4.98622]"
281,8.194,118.535,61.066,,54.814,,"[0.043, 0.059, 0.06, 0.137, 0.266]",,
282,7.8,120.136,58.115,,,68.82,"[0.002, 0.013, 0.017, 0.027, 0.045]",,
283,7.898,118.707,,,,,,,
284,7.914,119.025,,,,,,,
285,8.081,119.015,,,52.354,,,,
286,8.176,118.93,,47.652,57.315,58.696,,"[0.01, 0.193, 0.235, 0.325, 0.355]",
287,8.251,119.178,61.874,,,,"[0.096, 0.102, 0.128, 0.131, 0.141]",,
288,8.275,119.653,59.416,,,,"[0.005, 0.021, 0.034, 0.034, 0.073]",,
289,8.294,119.647,61.329,,50.718,,"[0.031, 0.13, 0.134, 0.142, 0.147]",,
290,8.285,120.004,54.642,44.692,52.795,47.327,"[0.022, 0.035, 0.037, 0.097, 0.135]","[0.076, 0.265, 0.279, 0.299, 0.314]","[0.3127, 0.8065, 0.83836, 0.98062, 0.98423]"
291,8.207,119.937,50.998,,44.694,,"[0.244, 0.28, 0.839, 0.856, 0.929]",,
292,8.165,120.044,57.603,,60.593,,"[0.009, 0.038, 0.064, 0.071, 0.076]",,
293,8.037,119.763,54.158,67.991,55.386,,"[0.0, 0.024, 0.028, 0.039, 0.043]","[0.024, 0.108, 0.177, 0.187, 0.215]","[0.87074, 1.07522, 1.1883, 1.21024, 1.34825]"
294,8.014,120.127,57.876,56.114,58.16,54.595,"[0.009, 0.012, 0.091, 0.107, 0.111]","[0.096, 0.169, 0.195, 0.261, 0.307]","[0.55439, 0.91408, 1.00207, 1.17501, 1.22988]"
295,7.971,119.574,,,55.772,,,,
296,8.376,120.379,56.257,,43.552,,"[0.001, 0.005, 0.007, 0.025, 0.036]",,
297,8.368,120.777,,,,,,,
298,8.372,120.576,,,,,,,
299,8.206,121.043,,,56.913,56.879,,,
300,8.348,122.08,,44.498,55.623,57.481,,"[0.071, 0.105, 0.27, 0.419, 0.473]",
301,8.324,122.023,56.404,,58.768,,"[0.001, 0.021, 0.024, 0.032, 0.037]",,
302,8.325,121.742,54.345,44.501,55.628,57.712,"[0.003, 0.028, 0.057, 0.084, 0.085]","[0.074, 0.108, 0.267, 0.422, 0.47]","[0.46888, 0.63763, 0.9154, 0.942, 1.05531]"
303,8.295,121.434,,,,,,,
304,8.291,121.691,56.15,,54.988,,"[0.007, 0.011, 0.034, 0.036, 0.036]",,
305,8.22,121.477,,44.513,,,,"[0.086, 0.12, 0.255, 0.434, 0.458]",
306,8.234,121.644,54.036,,56.327,,"[0.052, 0.058, 0.062, 0.07, 0.083]",,
307,8.225,121.775,,,54.201,45.405,,,
308,8.244,122.166,,,,,,,
309,8.28,122.125,60.236,,52.726,48.29,"[0.029, 0.041, 0.105, 0.152, 0.191]",,
310,8.117,120.425,55.62,44.413,45.267,,"[0.003, 0.008, 0.041, 0.057, 0.057]","[0.014, 0.02, 0.334, 0.355, 0.558]","[0.63032, 0.70751, 0.81212, 1.00871, 1.31612]"
311,8.095,120.574,,,58.836,,,,
312,8.052,121.061,54.563,,44.783,,"[0.018, 0.056, 0.057, 0.066, 0.106]",,
313,8.2,122.349,60.077,,61.746,,"[0.007, 0.032, 0.151, 0.162, 0.188]",,
314,8.196,122.014,55.479,,62.989,55.075,"[0.011, 0.014, 0.037, 0.045, 0.084]",,
315,8.167,121.652,,,,,,,
316,8.124,121.995,61.94,53.005,55.914,56.508,"[0.036, 0.065, 0.087, 0.152, 0.162]","[0.054, 0.135, 0.39, 0.464, 0.595]","[0.80557, 0.94371, 1.00311, 1.02143, 1.23033]"
317,8.114,121.832,,,,,,,
318,8.062,121.828,,,53.477,45.251,,,
319,8.061,121.604,,52.923,,,,"[0.136, 0.217, 0.308, 0.513, 0.546]",
320,8.047,121.533,,,55.524,56.21,,,
321,7.992,121.739,62.609,55.753,56.764,56.828,"[0.008, 0.047, 0.053, 0.054, 0.058]","[0.145, 0.148, 0.151, 0.166, 0.214]","[0.77723, 0.80463, 0.89632, 0.96502, 1.07073]"
322,7.953,121.518,,,52.002,67.677,,,
323,7.981,121.316,,,,,,,
324,8.003,121.133,,,61.66,,,,
325,7.904,121.48,59.715,53.314,52.093,67.725,"[0.046, 0.101, 0.125, 0.152, 0.183]","[0.155, 0.174, 0.255, 0.454, 0.672]","[0.47089, 1.0414, 1.22417, 1.30267, 1.33565]"
326,7.918,121.166,53.442,44.321,54.677,45.672,"[0.025, 0.035, 0.115, 0.124, 0.132]","[0.072, 0.106, 0.242, 0.447, 0.491]","[0.48907, 0.93066, 1.17637, 1.32331, 1.37011]"
327,7.89,120.097,,,59.421,,,,
328,7.849,120.214,,,45.022,,,,
329,7.904,120.314,,,,,,,
330,7.784,120.53,,,55.828,,,,
331,7.817,120.714,,53.574,57.864,57.116,,"[0.105, 0.194, 0.412, 0.432, 0.434]",
332,7.841,121.427,53.076,51.868,52.038,67.883,"[0.018, 0.036, 0.249, 0.251, 0.281]","[0.217, 0.394, 0.41, 0.542, 0.578]","[0.82452, 2.39124, 2.73437, 2.88112, 3.24902]"
333,7.827,121.788,61.14,,62.702,57.637,"[0.015, 0.117, 0.134, 0.211, 0.22]",,
334,7.811,122.224,,,,,,,
335,7.86,122.28,54.171,,62.96,53.059,"[0.013, 0.015, 0.03, 0.037, 0.043]",,
336,6.933,114.003,62.992,,63.079,,"[0.003, 0.004, 0.011, 0.02, 0.032]",,
337,6.928,113.541,,57.997,,58.835,,"[0.073, 0.095, 0.128, 0.131, 0.161]",
338,7.781,120.892,,,,,,,
339,7.794,121.047,,,53.899,,,,
340,,,,,,,,,
341,,,,,,,,,
342,,,,,,,,,
343,,,,,,,,,
344,,,,,,,,,
345,,,,,,,,,
346,,,,,,,,,
347,,,,,,,,,
348,,,,,,,,,
349,,,,,,,,,
350,,,,,,,,,
351,,,,,,,,,
352,,,,,,,,,
353,,,,,,,,,
354,,,,,,,,,
355,,,,,,,,,
356,,,,,,,,,
357,,,,,,,,,
358,,,,,,,,,
359,,,,,,,,,
360,,,,,,,,,
361,,,,,,,,,
362,,,,,,,,,
363,,,,,,,,,
364,,,,,,,,,
365,,,,,,,,,
366,,,,,,,,,
367,,,,,,,,,
368,,,,,,,,,
369,,,,,,,,,
370,,,,,,,,,
371,,,,,,,,,
372,,,,,,,,,
373,,,,,,,,,
374,,,,,,,,,
375,,,,,,,,,
376,,,,,,,,,
377,,,,,,,,,
378,,,,,,,,,
379,,,,,,,,,
380,,,,,,,,,
381,,,,,,,,,
382,,,,,,,,,
383,,,,,,,,,
384,,,,,,,,,
385,,,,,,,,,
386,,,,,,,,,
387,,,,,,,,,
388,,,,,,,,,
389,,,,,,,,,
390,,,,,,,,,
391,,,,,,,,,
392,,,,,,,,,
393,,,,,,,,,
394,,,,,,,,,
395,,,,,,,,,
396,,,,,,,,,
397,,,,,,,,,
398,,,,,,,,,
399,,,,,,,,,
400,,,,,,,,,
401,,,,,,,,,
402,,,,,,,,,
403,,,,,,,,,
404,,,,,,,,,
405,,,,,,,,,
406,,,,,,,,,
407,,,,,,,,,
408,,,,,,,,,
409,,,,,,,,,
410,,,,,,,,,
411,,,,,,,,,
412,,,,,,,,,
413,,,,,,,,,
414,,,,,,,,,
415,,,,,,,,,
416,,,,,,,,,
417,,,,,,,,,
418,,,,,,,,,
419,,,,,,,,,
420,,,,,,,,,
421,,,,,,,,,
422,,,,,,,,,
423,,,,,,,,,
424,,,,,,,,,
425,,,,,,,,,
426,,,,,,,,,
427,,,,,,,,,
428,,,,,,,,,
429,,,,,,,,,
430,,,,,,,,,
431,,,,,,,,,
432,,,,,,,,,
433,,,,,,,,,
434,,,,,,,,,
435,,,,,,,,,
436,,,,,,,,,
437,,,,,,,,,
438,,,,,,,,,
439,,,,,,,,,
440,,,,,,,,,
441,,,,,,,,,
442,,,,,,,,,
443,,,,,,,,,
444,,,,,,,,,
445,,,,,,,,,
446,,,,,,,,,
447,,,,,,,,,
448,,,,,,,,,
449,,,,,,,,,
450,,,,,,,,,
451,,,,,,,,,
452,,,,,,,,,
453,,,,,,,,,
454,,,,,,,,,
455,,,,,,,,,
456,,,,,,,,,
457,,,,,,,,,
458,,,,,,,,,
459,,,,,,,,,
460,,,,,,,,,
461,,,,,,,,,
462,,,,,,,,,
463,,,,,,,,,
464,,,,,,,,,
465,,,,,,,,,
466,,,,,,,,,
467,,,,,,,,,
468,,,,,,,,,
469,,,,,,,,,
470,,,,,,,,,
471,,,,,,,,,
472,,,,,,,,,
473,,,,,,,,,
