,residue number,amino acid,N,H,CA,CAPrime,CB,CBPrime
0,1,T,123.833,8.324,63.609,,,54.871
1,2,P,113.165,7.723,,63.686,,58.434
2,3,K,124.662,6.959,53.525,61.471,45.004,16.496
3,4,D,118.09,6.956,,,,
4,5,D,122.373,7.745,59.272,55.762,,49.421
5,6,E,119.276,6.91,58.116,59.816,57.228,58.392
6,7,F,,,,,,
7,8,Y,126.223,8.705,65.807,62.893,53.77,54.392
8,9,Q,119.725,9.255,59.758,65.829,57.429,55.07
9,10,Q,122.023,8.324,56.404,58.768,,
10,11,W,118.027,8.315,57.601,56.157,21.436,56.628
11,12,Q,,,,,,
12,13,L,123.768,8.343,,62.505,,
13,14,K,121.742,8.325,54.345,55.628,44.501,57.712
14,15,Y,,,,,,
15,16,P,121.533,8.047,,55.524,,56.21
16,17,K,131.581,8.909,56.687,63.681,,
17,18,L,126.878,8.895,55.659,56.441,47.718,45.811
18,19,I,,,,,,
19,20,L,112.356,7.343,62.896,62.981,,59.175
20,21,R,115.1,7.336,53.841,62.95,,
21,22,E,117.451,6.946,58.059,53.902,20.715,57.836
22,23,A,,,,,,
23,24,S,114.914,6.623,42.645,,59.336,
24,25,S,113.541,6.928,,,57.997,58.835
25,26,V,,,,,,
26,27,S,124.95,8.669,,59.305,,57.487
27,28,E,122.588,8.658,56.377,62.287,,52.278
28,29,E,119.026,8.667,59.287,,,
29,30,L,126.362,8.648,59.683,61.619,58.037,54.572
30,31,H,,,,,,
31,32,K,113.801,7.972,55.721,57.997,20.412,53.469
32,33,E,119.574,7.971,,55.772,,
33,34,V,,,,,,
34,35,Q,114.356,7.985,56.4,66.278,,
35,36,E,122.615,8.557,58.491,57.517,,69.288
36,37,A,,,,,,
37,38,F,123.765,7.98,54.947,55.87,43.643,57.054
38,39,L,121.316,7.981,,,,
39,40,T,125.355,7.987,51.812,56.405,66.8,56.859
40,41,L,118.636,7.673,59.188,51.927,52.102,67.394
41,42,H,,,,,,
42,43,K,,,,,,
43,44,H,119.0,7.87,52.763,54.119,46.345,55.118
44,45,G,121.325,7.682,,,,
45,46,C,120.576,8.372,,,,
46,47,L,,,,,,
47,48,F,121.265,7.607,54.083,44.974,51.473,45.587
48,49,R,127.135,8.621,59.377,54.317,45.754,55.475
49,50,D,,,,,,
50,51,L,124.073,7.883,52.053,54.26,66.706,45.628
51,52,V,125.341,8.198,58.088,,,
52,53,R,,,,,,
53,54,I,121.047,7.794,,53.899,,
54,55,Q,116.966,7.777,59.04,59.285,,
55,56,G,109.483,7.069,44.658,57.885,,46.33
56,57,K,119.937,8.207,50.998,44.694,,
57,58,D,109.606,7.729,,52.672,,
58,59,L,120.314,7.904,,,,
59,60,L,118.93,8.176,,57.315,47.652,58.696
60,61,T,117.498,8.176,59.361,57.151,55.911,46.9
61,62,P,120.574,8.095,,58.836,,
62,63,V,111.633,6.552,62.064,62.027,,57.902
63,64,S,,,,,,
64,65,R,122.329,8.622,60.33,49.504,,63.778
65,66,I,,,,,,
66,67,L,118.41,8.42,,66.385,43.794,48.658
67,68,I,,,,,,
68,69,G,113.08,8.426,44.819,62.005,,54.006
69,70,N,116.463,8.385,58.195,46.861,,13.859
70,71,P,119.957,7.091,64.992,55.205,38.208,68.553
71,72,G,120.778,8.982,,,,
72,73,C,120.379,8.376,56.257,43.552,,
73,74,T,,,,,,
74,75,Y,120.575,8.954,59.705,64.577,,
75,76,K,120.234,9.182,61.717,59.34,,56.474
76,77,Y,,,,,,
77,78,L,125.759,7.138,52.591,44.528,43.135,41.57
78,79,N,123.5,8.952,54.083,53.867,40.96,44.079
79,80,T,128.016,8.396,49.855,53.327,66.257,41.702
80,81,R,122.958,8.962,56.555,49.924,46.391,67.211
81,82,L,,,,,,
82,83,F,122.893,8.752,54.95,56.258,53.153,54.189
83,84,T,119.171,8.401,59.372,54.825,,
84,85,V,,,,,,
85,86,P,114.003,6.933,62.992,63.079,,
86,87,W,125.707,8.385,59.26,61.733,44.68,46.498
87,88,P,123.421,9.021,,,,
88,89,V,119.653,7.404,58.121,61.006,21.689,53.14
89,90,K,116.963,7.718,59.285,,,
90,91,G,103.902,8.339,44.934,58.501,,57.109
91,92,S,117.321,7.401,,45.884,57.178,
92,93,N,118.148,7.745,50.262,61.476,57.476,55.605
93,94,I,134.098,10.933,,,,
94,95,K,114.3,5.756,58.59,60.265,57.296,
95,96,H,120.044,8.165,57.603,60.593,,
96,97,T,,,,,,
97,98,E,,,,,,
98,99,A,128.034,8.535,,54.857,,
99,100,E,120.414,8.543,59.276,,,
100,101,I,,,,,,
101,102,A,122.149,8.513,56.32,62.767,55.787,54.801
102,103,A,122.653,8.545,,,,
103,104,A,123.969,8.528,56.255,57.641,55.653,22.414
104,105,C,,,,,,
105,106,E,,,,,,
106,107,T,,,,,,
107,108,F,109.887,6.586,62.515,62.601,58.166,59.201
108,109,L,109.938,7.027,62.533,62.556,,59.251
109,110,K,,,,,,
110,111,L,112.313,7.039,52.06,57.594,46.414,59.041
111,112,N,,,,,,
112,113,D,123.024,7.677,59.188,54.497,53.52,56.913
113,114,Y,113.446,7.849,64.712,58.132,54.134,
114,115,L,117.896,7.019,55.466,64.628,52.963,55.022
115,116,Q,124.269,7.474,57.302,55.465,55.233,54.07
116,117,I,,,,,,
117,118,E,123.16,8.23,55.305,62.774,43.728,54.872
118,119,T,,,,,,
119,120,I,110.964,6.589,62.607,62.667,58.232,59.212
120,121,Q,,,,,,
121,122,A,117.96,8.237,52.723,60.045,21.592,48.148
122,123,L,127.54,8.565,54.138,52.775,,
123,124,E,,,,,,
124,125,E,,,,,,
125,126,L,120.326,6.425,56.74,58.271,55.626,22.79
126,127,A,,,,,,
127,128,A,123.763,8.254,50.748,57.667,64.177,22.078
128,129,K,,,,,,
129,130,E,126.412,8.806,54.128,54.429,44.254,42.211
130,131,K,,,,,,
131,132,A,116.274,9.22,55.055,55.563,,
132,133,N,117.255,8.375,52.732,54.679,43.83,49.474
133,134,E,112.865,8.381,54.148,,,
134,135,D,123.41,8.378,,54.214,42.685,42.013
135,136,A,121.005,9.412,59.876,52.373,16.454,43.83
136,137,V,119.306,8.977,,,,21.603
137,138,P,114.492,6.963,63.619,63.716,,33.3
138,139,L,127.859,8.009,49.49,61.36,48.988,50.456
139,140,C,122.748,8.626,56.542,,51.5,52.615
140,141,M,117.199,8.437,55.619,56.262,,54.696
141,142,S,117.944,9.373,,55.661,,
142,143,A,118.663,8.406,53.664,,,59.273
143,144,D,121.999,9.398,51.743,,,
144,145,F,123.89,9.393,54.552,52.537,55.931,42.505
145,146,P,122.973,8.617,59.255,54.8,,58.619
146,147,R,,,,,,
147,148,V,122.106,9.021,59.164,53.974,50.936,23.625
148,149,G,114.982,8.141,42.867,59.198,,52.41
149,150,M,121.652,8.167,,,,
150,151,G,115.008,7.869,,59.563,,
151,152,S,118.313,6.99,49.098,57.527,65.214,
152,153,S,122.611,6.303,49.834,49.177,69.595,66.158
153,154,Y,,,,,,
154,155,N,130.687,8.974,55.072,55.563,54.948,57.238
155,156,G,110.675,8.206,44.737,56.161,,56.73
156,157,Q,109.363,7.18,58.301,45.81,13.268,
157,158,D,123.551,9.049,56.523,58.359,,13.859
158,159,E,117.314,8.66,57.355,56.553,45.19,45.671
159,160,V,,,,,,
160,161,D,,,,,,
161,162,I,119.203,7.819,61.76,53.787,52.884,45.738
162,163,K,123.598,7.818,57.563,,,
163,164,S,120.714,7.817,,57.864,53.574,57.116
164,165,R,,,,,,
165,166,A,,,,,,
166,167,A,126.685,8.665,55.494,54.238,,
167,168,Y,127.772,9.045,55.491,57.702,45.05,21.48
168,169,N,125.852,9.073,60.459,57.166,,
169,170,V,120.837,7.46,64.512,60.527,,
170,171,T,,,,,,
171,172,L,,,,,,
172,173,L,121.492,7.394,58.627,59.915,54.416,55.296
173,174,N,121.347,6.659,52.852,56.342,43.54,58.128
174,175,F,,,,,,
175,176,M,122.432,8.369,,62.562,,56.852
176,177,D,117.571,7.949,53.179,52.827,46.673,68.206
177,178,P,120.264,7.357,61.584,52.071,53.585,47.297
178,179,Q,,,,,,
179,180,K,121.613,7.633,57.512,,,
180,181,M,120.246,7.038,53.035,54.186,52.749,53.986
181,182,P,119.015,8.081,,52.354,,
182,183,Y,128.047,9.334,60.593,62.125,44.184,50.871
183,184,L,133.893,9.895,56.159,59.202,,
184,185,K,129.035,8.789,53.418,57.532,40.967,47.459
185,186,E,121.791,9.54,54.277,54.348,51.248,45.443
186,187,E,,,,,,
187,188,P,113.523,8.118,,56.651,,
188,189,Y,126.583,8.844,60.709,61.778,,17.485
189,190,F,128.462,8.854,57.857,59.3,,
190,191,G,124.3,8.849,55.983,56.232,,44.768
191,192,M,112.778,8.868,,55.49,,
192,193,G,109.88,7.853,46.184,57.525,,55.27
193,194,K,120.214,7.849,,45.022,,
194,195,M,,,,,,
195,196,A,,,,,,
196,197,V,,,,,,
197,198,S,114.194,6.917,,67.666,56.531,57.532
198,199,W,110.28,7.142,63.758,,,57.527
199,200,H,,,,,,
200,201,H,119.717,8.72,56.36,51.242,,
201,202,D,130.75,8.721,57.82,53.058,45.385,41.825
202,203,E,123.956,8.149,54.76,56.383,,48.531
203,204,N,122.172,7.107,54.788,54.158,53.623,55.148
204,205,L,124.568,8.446,52.133,55.123,44.903,55.919
205,206,V,115.348,8.698,59.473,52.601,,
206,207,D,121.901,6.871,49.565,59.395,55.308,22.684
207,208,R,112.664,8.601,60.213,,,
208,209,S,,,,,,
209,210,A,123.39,8.117,53.544,51.854,53.642,67.814
210,211,V,,,,,,
211,212,A,,,,,,
212,213,V,,,,,,
213,214,Y,,,,,,
214,215,S,109.235,6.285,63.646,63.742,56.981,57.774
215,216,Y,110.3,6.282,63.687,63.799,56.561,57.707
216,217,S,,,,,,
217,218,C,109.913,7.078,61.637,61.69,,58.919
218,219,E,109.853,6.501,,61.546,,
219,220,G,119.178,8.251,61.874,,,
220,221,P,122.349,8.2,60.077,61.746,,
221,222,E,114.07,8.248,57.022,61.463,,47.662
222,223,E,122.166,8.244,,,,
223,224,E,116.892,8.22,58.951,58.361,46.043,54.642
224,225,S,,,,,,
225,226,E,120.681,7.711,53.965,,43.968,68.981
226,227,D,124.634,7.803,51.874,54.134,66.463,45.535
227,228,D,122.224,7.811,,,,
228,229,S,123.23,7.815,52.786,56.904,67.172,54.607
229,230,H,120.136,7.8,58.115,,,68.82
230,231,L,,,,,,
231,232,E,125.66,7.855,54.45,57.453,44.704,48.02
232,233,G,,,,,,
233,234,R,115.866,7.887,58.323,44.917,20.622,
234,235,D,127.474,9.504,52.475,60.765,67.123,
235,236,P,121.518,7.953,,52.002,,67.677
236,237,D,,,,,,
237,238,I,121.995,8.124,61.94,55.914,53.005,56.508
238,239,W,119.653,8.275,59.416,,,
239,240,H,,,,,,
240,241,V,119.145,6.828,64.357,59.342,,
241,242,G,109.275,7.143,44.574,63.721,,57.675
242,243,F,,,,,,
243,244,K,122.28,7.86,54.171,62.96,,53.059
244,245,I,,,,,,
245,246,S,117.825,8.736,,66.416,67.307,54.686
246,247,W,121.48,7.904,59.715,52.093,53.314,67.725
247,248,D,121.477,8.22,,,44.513,
248,249,I,123.893,8.194,,,,
249,250,E,122.014,8.196,55.479,62.989,,55.075
250,251,T,118.535,8.194,61.066,54.814,,
251,252,P,111.425,7.573,63.643,63.66,,58.07
252,253,G,,,,,,
253,254,L,120.425,8.117,55.62,45.267,44.413,
254,255,A,118.432,8.787,57.601,56.781,,45.203
255,256,I,,,,,,
256,257,P,111.379,6.756,63.486,62.663,,58.323
257,258,L,118.367,7.925,59.538,64.206,54.483,48.95
258,259,H,120.764,7.38,57.357,60.8,25.811,
259,260,Q,,,,,,
260,261,G,120.079,8.765,66.777,,,
261,262,D,,,,,,
262,263,C,,,,,,
263,264,Y,112.089,7.313,63.272,,58.23,
264,265,F,112.041,6.692,63.05,63.212,57.882,58.998
265,266,M,132.424,9.234,53.114,61.976,51.85,
266,267,L,,,,,,
267,268,D,124.01,8.881,56.15,52.501,55.451,56.502
268,269,D,126.917,9.393,55.751,56.186,66.715,56.49
269,270,L,,,,,,
270,271,N,118.22,7.321,54.681,45.012,43.287,37.768
271,272,A,,,,,,
272,273,T,,,,,,
273,274,H,121.788,7.827,61.14,62.702,,57.637
274,275,Q,,,,,,
275,276,H,128.484,8.719,57.541,57.348,56.695,56.283
276,277,C,,,,,,
277,278,V,115.766,6.891,68.63,68.673,52.85,33.258
278,279,L,,,,,,
279,280,A,122.897,7.202,56.762,55.516,21.944,45.902
280,281,G,122.96,8.674,,55.769,,21.733
281,282,S,119.647,8.294,61.329,50.718,,
282,283,Q,125.117,8.278,53.82,62.35,44.579,54.165
283,284,P,123.354,8.175,64.222,54.106,51.552,45.707
284,285,R,,,,,,
285,286,F,,,,,,
286,287,S,112.3,6.659,62.805,62.996,58.278,61.887
287,288,S,110.918,7.156,62.7,63.799,58.255,59.29
288,289,T,110.858,6.645,62.651,62.753,58.219,59.295
289,290,H,111.929,6.646,,,,
290,291,R,,,,,,
291,292,V,127.332,8.693,57.908,61.023,,
292,293,A,,,,,,
293,294,E,,,,,,
294,295,C,109.021,7.642,,,,
295,296,S,124.604,7.632,55.202,64.382,66.749,
296,297,T,121.96,7.643,54.716,,68.087,69.038
297,298,G,108.275,2.957,43.29,51.837,,67.539
298,299,T,,,,,,
299,300,L,123.079,7.434,58.551,49.939,47.311,70.609
300,301,D,,,,,,
301,302,Y,128.811,8.471,53.518,55.832,43.369,58.166
302,303,I,,,,,,
303,304,L,119.294,8.466,54.465,63.012,44.06,54.761
304,305,Q,117.684,8.465,53.874,55.704,,
305,306,R,123.148,8.471,,56.056,,
306,307,C,113.739,8.472,66.059,58.088,,
307,308,Q,123.159,8.449,,,,
308,309,L,122.772,8.452,56.046,56.428,55.445,56.375
309,310,A,,,,,,
310,311,L,116.362,8.484,54.47,53.863,,
311,312,Q,126.907,8.484,56.45,54.84,44.817,55.044
312,313,N,129.602,8.198,54.896,56.25,54.155,44.393
313,314,V,,,,,,
314,315,C,,,,,,
315,316,D,122.08,8.348,,55.623,44.498,57.481
316,317,D,122.483,7.7,59.301,57.095,,
317,318,V,123.854,7.696,64.464,57.119,47.168,46.603
318,319,D,125.413,7.67,56.991,64.746,28.046,48.658
319,320,N,,,,,,
320,321,D,121.166,7.918,53.442,54.677,44.321,45.672
321,322,D,119.025,7.914,,,,
322,323,V,117.354,7.493,,,,
323,324,S,116.835,7.493,,59.532,56.741,
324,325,L,112.497,7.498,,62.937,,57.869
325,326,K,120.207,7.517,58.691,58.113,58.078,45.909
326,327,S,,,,,,
327,328,F,111.87,7.377,63.192,63.344,,58.928
328,329,E,118.582,7.396,58.703,59.18,,54.953
329,330,P,122.91,8.352,,,,
330,331,A,121.434,8.295,,,,
331,332,V,,,,,,
332,333,L,,,,,,
333,334,K,120.004,8.285,54.642,52.795,44.692,47.327
334,335,Q,121.691,8.291,56.15,54.988,,
335,336,G,110.696,8.294,43.753,56.116,,56.421
336,337,E,,,,,,
337,338,E,,,,,,
338,339,I,,,,,,
339,340,H,121.133,8.003,,61.66,,
340,341,N,,,,,,
341,342,E,120.127,8.014,57.876,58.16,56.114,54.595
342,343,V,,,,,,
343,344,E,116.72,7.992,57.215,64.494,57.666,54.806
344,345,F,121.739,7.992,62.609,56.764,55.753,56.828
345,346,E,,,,,,
346,347,W,,,,,,
347,348,L,,,,,,
348,349,R,122.196,9.173,57.172,55.886,45.307,48.666
349,350,Q,,,,,,
350,351,F,118.199,7.404,58.541,59.84,56.073,53.768
351,352,W,125.285,7.901,55.252,58.832,,57.31
352,353,F,,,,,,
353,354,Q,121.775,8.225,,54.201,,45.405
354,355,G,114.734,8.204,45.02,70.313,,31.559
355,356,N,121.061,8.052,54.563,44.783,,
356,357,R,,,,,,
357,358,Y,127.869,8.735,56.736,60.341,42.945,52.262
358,359,R,,,,,,
359,360,K,117.586,9.102,56.68,56.486,,
360,361,C,127.752,7.936,60.936,59.382,51.972,21.855
361,362,T,123.279,7.919,,59.926,68.159,
362,363,D,114.414,8.576,55.248,55.368,45.189,67.967
363,364,W,116.512,8.587,56.253,54.808,53.797,44.427
364,365,W,,,,,,
365,366,C,,,,,,
366,367,Q,112.216,7.238,59.766,60.929,,59.236
367,368,P,120.097,7.89,,59.421,,
368,369,M,117.468,7.758,56.238,63.21,48.239,55.218
369,370,A,120.892,7.781,,,,
370,371,Q,120.53,7.784,,55.828,,
371,372,L,117.692,8.749,55.323,60.084,48.39,57.274
372,373,E,125.661,7.621,53.613,56.436,,45.006
373,374,A,,,,,,
374,375,L,123.302,7.596,51.802,56.293,43.577,49.302
375,376,W,110.605,7.6,,,,
376,377,K,,,,,,
377,378,K,,,,,,
378,379,M,,,,,,
379,380,E,108.671,7.541,,54.402,,
380,381,G,110.982,8.403,43.909,56.465,,56.466
381,382,V,,,,,,
382,383,T,125.415,7.51,54.865,63.123,67.176,49.517
383,384,N,,,,,,
384,385,A,122.753,7.486,52.887,56.186,,
385,386,V,,,,,,
386,387,L,118.145,7.48,58.599,65.716,57.822,
387,388,H,122.281,7.074,56.886,58.883,45.196,57.6
388,389,E,,,,,,
389,390,V,127.404,8.851,59.358,58.128,56.167,22.74
390,391,K,118.773,8.351,58.992,59.45,56.528,57.346
391,392,R,123.627,8.879,,,,
392,393,E,123.893,8.857,59.004,54.62,,
393,394,G,116.852,8.843,44.985,58.344,,
394,395,L,118.472,9.193,57.652,42.917,,
395,396,P,121.801,8.805,59.822,56.478,,45.411
396,397,V,120.777,8.368,,,,
397,398,E,118.242,9.048,57.175,61.125,,
398,399,Q,119.324,8.367,57.293,57.967,,
399,400,R,,,,,,
400,401,N,,,,,,
401,402,E,113.118,7.648,57.483,54.845,,68.526
402,403,I,117.552,8.117,63.065,59.343,,
403,404,L,118.234,7.626,,62.092,,
404,405,T,120.44,7.656,57.305,46.216,,44.971
405,406,A,,,,,,
406,407,I,,,,,,
407,408,L,114.741,8.064,,67.094,,55.394
408,409,A,123.27,8.068,54.332,59.192,,52.085
409,410,S,121.604,8.061,,,52.923,
410,411,L,,,,,,
411,412,T,126.356,8.065,52.008,56.196,66.887,56.792
412,413,A,,,,,,
413,414,R,121.828,8.062,,53.477,,45.251
414,415,Q,,,,,,
415,416,N,128.485,7.002,52.688,57.381,52.519,60.846
416,417,L,122.746,8.076,49.028,53.664,43.892,51.29
417,418,R,,,,,,
418,419,R,122.076,8.742,,61.459,,
419,420,E,,,,,,
420,421,W,113.167,8.92,57.645,57.987,16.586,49.157
421,422,H,,,,,,
422,423,A,120.287,7.424,55.868,57.361,43.476,57.713
423,424,R,,,,,,
424,425,C,118.339,8.48,59.292,57.49,,45.198
425,426,Q,121.959,8.479,52.948,59.272,,
426,427,S,130.143,8.476,52.609,53.984,67.299,45.734
427,428,R,118.524,8.042,53.932,52.503,44.608,67.804
428,429,I,121.574,7.731,55.445,53.978,46.752,45.597
429,430,A,,,,,,
430,431,R,,,,,,
431,432,T,119.763,8.037,54.158,55.386,67.991,
432,433,L,126.556,8.58,56.881,52.531,57.201,68.272
433,434,P,121.043,8.206,,56.913,,56.879
434,435,A,124.007,7.982,,66.807,,
435,436,D,125.076,8.577,52.299,54.545,44.786,56.516
436,437,Q,117.604,8.572,54.367,,,
437,438,K,129.505,8.032,52.235,57.527,,
438,439,P,125.163,8.546,61.426,54.457,55.445,54.228
439,440,E,,,,,,
440,441,C,119.632,8.509,56.197,59.761,,
441,442,R,121.644,8.234,54.036,56.327,,
442,443,P,118.707,7.898,,,,
443,444,Y,126.472,5.251,55.967,,,
444,445,W,116.292,8.825,54.127,57.743,,41.305
445,446,E,120.765,8.814,54.462,55.9,54.611,55.602
446,447,K,120.163,8.518,58.264,54.448,53.824,55.539
447,448,D,116.687,8.265,,,,
448,449,D,120.795,7.557,53.868,53.566,44.735,46.99
449,450,A,123.681,7.576,,53.112,,
450,451,S,126.998,8.213,55.77,62.405,57.322,16.143
451,452,M,122.497,7.587,,58.724,,59.062
452,453,P,123.077,8.392,,55.949,,
453,454,L,114.499,7.708,,68.408,,33.339
454,455,P,122.125,8.28,60.236,52.726,,48.29
455,456,F,129.425,9.111,54.739,60.277,51.741,47.887
456,457,D,117.049,8.782,51.209,53.574,,
457,458,L,131.761,9.139,53.493,52.251,42.917,42.948
458,459,T,,,,,,
459,460,D,121.427,7.841,53.076,52.038,51.868,67.883
460,461,I,,,,,,
461,462,V,,,,,,
462,463,S,119.74,8.615,67.141,64.483,54.621,48.336
463,464,E,115.6,7.881,62.818,,,55.608
464,465,L,123.843,7.853,58.84,61.611,56.434,
465,466,R,114.19,7.723,,,,
466,467,G,,,,,,
467,468,Q,116.213,8.654,53.975,57.983,51.606,
468,469,L,,,,,,
469,470,L,128.749,9.294,52.393,53.467,55.633,41.979
470,471,E,,,,,,
471,472,A,121.154,8.735,,54.507,,69.008
472,473,K,124.03,7.541,54.354,66.063,66.33,17.695
473,474,P,121.832,8.114,,,,
