,residue number,amino acid,pai,N,H,CA,CAPrime,CADelta,CACAPrime,CB,CBPrime,CBDelta,CBCBPrime,CACBExp,CAExpDelta,CBExpDelta,CACBExpPrime,CAExpPrimeDelta,CBExpPrimeDelta,NOESY,NearbyHShiftList,ClosestMatchDelta,Assignment Probable,Assignment Likely 
99,100,A,322,126.33,8.093,51.94,56.09,0.08,12.800001,18.27,29.33,0.12,28.800001,29248.84563,3.106382979,0,623.9882115,0.163043478,0.425925926,104.268001,"[7.815, 8.078]","[0.184, 0.03]",1,0
102,103,A,13,125.33,7.517,54.78,63.11,0.18,64.800001,17.89,36.57,0.34,231.200001,393.1284672,0.085106383,0.351851852,5359.443128,0.945783133,0.944444444,108.375001,"[6.948, 7.668, 7.536]","[0.152, 0.005, 0.114]",1,1
103,104,A,263,119.63,8.048,54.06,54.96,0.01,0.200001,17.07,18.23,0.23,105.800001,5876.632632,0.85106383,1.111111111,38.06724182,0.106382979,0.037037037,5855.913001,"[8.557, 8.394, 6.848, 7.652, 8.187, 9.566, 8.057]","[0.318, 0.155, 0.252, 0.002, 0.033, 1.327, 0.036]",1,1
128,129,A,195,123.53,7.615,51.74,53,0.08,12.800001,18.72,18.42,0.09,16.200001,1016.394861,0.528409091,0.244094488,797.5761352,0.1875,0.480314961,300,[],[],1,1
136,137,A,375,124.53,7.968,51.84,54.02,0,1.00E-06,18.41,40.41,0.06,7.200001,1382.179388,0.471590909,0.488188976,210.4816081,0.044025157,0.26119403,300,[],[],1,1
167,168,A,3,122.63,6.302,49.92,49.05,0.13,33.800001,15.58,19.64,0.11,24.200001,29462.91303,1.5625,2.716535433,13383.61048,2.056818182,0.480314961,1379.862001,"[7.004, 7.906, 7.419, 6.317]","[0.01, 0.025, 0.03, 0.677]",1,0
196,197,A,100,124.63,7.815,51.87,54.01,0.12,28.800001,18.67,40.43,0.13,33.800001,10775.73976,0.7890625,1.723163842,18699.97487,0.061643836,2.495901639,92.259001,"[8.166, 7.694, 7.817]","[0.042, 0.042, 0.165]",1,0
255,256,A,61,128.43,8.392,49.77,53.28,0.1,20.000001,18.85,44.47,0.1,20.000001,10062.96051,0.8515625,1.621468927,1542.650897,0.554621849,0.454545455,14.478001,"[8.193, 9.218, 8.972, 8.408]","[0.054, 0.013, 0.03, 0.029]",1,1
280,281,A,423,124.43,7.464,51.87,54.07,0.18,64.800001,18.35,40.37,0.28,156.800001,1479.900432,0.454545455,0.535433071,2905.285282,0.43575419,0.882352941,300,[],[],1,1
293,294,A,307,126.33,8.341,52.1,57.92,0.36,259.200001,18.07,31.93,0.24,115.200001,2028.842394,0.323863636,0.755905512,9465.902528,1.724444444,0.426136364,300,[],[],1,1
331,332,A,129,117.83,8.752,55.24,66.31,0.14,39.200001,17.69,31.26,0.2,80.000001,1355.493428,0.404255319,0.537037037,1973.163396,0.782178218,0.214285714,300,[],[],1,1
370,371,A,202,123.13,7.822,52.81,56.88,0.36,259.200001,17.84,31.44,0.04,3.200001,14743.89993,2.180851064,0.398148148,2752.06777,0.945783133,0.151162791,32.862001,"[8.015, 7.829]","[0.075, 0.073]",1,0
450,451,A,44,130.13,8.506,52.56,53.82,0.03,1.800001,17.72,40.36,0.21,88.200001,3203.671135,0.0625,1.031496063,353.8277708,0.169811321,0.298507463,216.039001,"[6.884, 8.71, 8.259, 7.585, 8.494]","[0.014, 0.004, 0.265, 0.026, 0.03]",1,1
472,473,A,97,125.33,8.018,51.76,56.3,0.16,51.200001,18.33,29.26,0.08,12.800001,1713.40983,0.517045455,0.551181102,667.4426619,0.048913043,0.469135802,828.441001,"[7.431, 7.798, 8.126, 7.686, 8.001]","[0.439, 0.072, 0.165, 0.184, 0.131]",1,1
315,316,C,73,126.43,8.667,59.68,61.48,0.03,1.800001,27.04,31.46,0.2,80.000001,6915.912705,0.427184466,1.456989247,1502.184582,0.142222222,0.693181818,146.844001,"[7.971, 8.374, 7.37, 8.663]","[0.055, 0.093, 0.005, 0.193]",1,1
58,59,D,284,121.63,8.178,54.18,56,0.11,24.200001,40.53,31.73,0.49,480.200001,97.99467585,0.056603774,0.171641791,1400.692528,0.222222222,0.646153846,300,[],[],1,1
135,136,D,315,120.93,8.166,54.08,56.76,0.06,7.200001,40.52,29.19,0.11,24.200001,96.35390889,0.006289308,0.179104478,908.8021777,0.201086957,0.512345679,300,[],[],1,1
144,145,D,255,119.03,8.096,53.79,52.24,0.04,3.200001,40.54,18.41,0.13,33.800001,187.6639088,0.188679245,0.164179104,894.0595529,0.244318182,0.488188976,17.646001,"[8.096, 7.812]","[0.071, 0.029]",1,1
202,203,D,274,121.53,8.248,53.95,56.17,0.46,423.200001,40.61,29.4,0.15,45.000001,60.85046592,0.088050314,0.111940299,148.4930136,0.193069307,0.110552764,300,[],[],1,1
207,208,D,389,122.83,8.368,54.03,61.62,0.2,80.000001,40.46,31.93,0.06,7.200001,154.6395491,0.037735849,0.223880597,563.9766022,0.08,0.426136364,74.262001,"[8.657, 7.843, 8.517, 8.368]","[0.014, 0.001, 0.154, 0.029]",1,1
227,228,D,269,121.03,8.225,54.19,56.81,0.37,273.800001,40.41,29.24,0.06,7.200001,216.5335839,0.062893082,0.26119403,851.7823258,0.22826087,0.481481481,3.435001,"[7.904, 8.221]","[0.028, 0.019]",1,1
237,238,D,321,120.43,8.35,54.34,62.95,0.39,304.200001,40.42,31.33,0.22,96.800001,267.3051547,0.157232704,0.253731343,1584.895244,0.46031746,0.5625,300,[],[],1,1
301,302,D,154,119.23,8.399,57.2,57.69,0.05,5.000001,40.35,39.3,0.09,16.200001,130.6105877,0.16,0.133928571,10808.04801,0.153061224,1.891891892,160.548001,"[7.692, 9.074, 8.388]","[0.018, 0.214, 0.086]",1,1
449,450,D,189,120.73,7.559,53.81,53.43,0.01,0.200001,40.24,38.93,0.12,28.800001,544.8052913,0.176100629,0.388059701,6112.087033,0.41509434,1.365671642,308.904001,"[8.251, 7.787, 6.899, 8.523, 8.826, 8.707, 7.573]","[0.147, 0.04, 0.029, 0.001, 0.12, 0.001, 0.254]",1,1
6,7,E,236,117.83,8.186,59.34,56.96,0.18,64.800001,29.14,38.92,0.09,16.200001,22.56929318,0.038095238,0.077922078,5989.544389,0.08,1.410714286,216.084001,"[7.038, 7.49, 7.691, 7.865, 8.192]","[0.069, 0.02, 0.125, 0.049, 0.221]",1,1
22,23,E,220,123.03,8.424,55.98,55.79,0.11,24.200001,29.56,29.72,0.1,20.000001,30648.685,3.161904762,0.467532468,651.3041946,0.087628866,0.457627119,19.200001,[8.404],[0.08],1,0
28,29,E,64,127.33,8.873,59.32,58.07,0.08,12.800001,28.84,63.3,0.14,39.200001,656.848261,0.019047619,0.467532468,16619.65591,2.196850394,0.844827586,393.663001,"[8.365, 7.732, 7.086, 7.415, 8.865]","[0.262, 0.08, 0.134, 0.195, 0.014]",1,0
33,34,E,25,118.13,7.406,58.35,59.74,0.29,168.200001,28.99,31.93,0.13,33.800001,2678.92281,0.904761905,0.272727273,1212.229628,0.529411765,0.351851852,1191.195001,"[8.635, 8.205, 7.112, 8.816, 7.938, 7.42]","[0.012, 0.102, 0.54, 0.193, 0.062, 0.232]",1,1
130,131,E,54,100.93,9.913,56.06,59.25,0.01,0.200001,26.87,,0.06,7.200001,11439.08952,0.179347826,1.944444444,7820.833334,1.583333333,0,300,[],[],1,1
134,135,E,286,122.03,8.13,56.83,53.21,0.07,9.800001,29.32,38.35,0.13,33.800001,731.6781248,0.239130435,0.432098765,130.4114423,0.188811189,0.088435374,320.787001,[8.737],[0.327],1,1
223,224,E,221,122.93,8.382,55.88,56.22,0.02,0.800001,29.64,29.36,0.03,1.800001,395.5424361,0.277173913,0.234567901,523.5508472,0.092391304,0.407407407,300,[],[],1,1
224,225,E,208,123.03,8.49,56.01,55.86,0.03,1.800001,29.6,29.61,0.15,45.000001,329.5997777,0.206521739,0.259259259,441.0653447,0.288043478,0.25308642,300,[],[],1,1
232,233,E,304,120.93,7.79,56.3,55.02,0.03,1.800001,29.27,41.04,0.3,180.000001,650.1815737,0.048913043,0.462962963,742.1801888,0.094972067,0.488235294,300,[],[],1,1
338,339,E,201,123.83,7.867,58.75,61.28,0.32,204.800001,28.43,28.53,0.13,33.800001,3823.129253,0.523809524,1,12939.13308,1.885714286,0.87012987,617.466001,"[8.627, 7.706, 8.096, 8.281, 8.496, 7.863]","[0.298, 0.004, 0.018, 0.099, 0.314, 0.091]",1,1
342,343,E,204,122.33,7.746,59.14,55.61,0.49,480.200001,28.72,38.54,0.44,387.200001,1235.455109,0.152380952,0.623376623,172.6902031,0.060606061,0.232142857,1207.248001,"[6.924, 7.573, 8.322, 7.964, 9.27, 8.762, 8.435, 7.76]","[0.464, 0.185, 0.01, 0.01, 0.001, 0.373, 0.046, 0.107]",1,1
393,394,E,223,122.73,8.475,55.95,56.32,0.44,387.200001,29.62,29.29,0.36,259.200001,354.4490438,0.239130435,0.24691358,1575.679186,0.18556701,0.700564972,57.963001,[8.468],[0.139],1,1
440,441,E,206,122.13,8.534,56.25,62.62,0.48,460.800001,29.39,31.28,0.04,3.200001,471.0713796,0.076086957,0.388888889,2697.952837,0.722222222,0.614583333,155.550001,"[8.379, 8.527]","[0.069, 0.217]",1,1
471,472,E,275,121.73,8.291,56.05,54.86,0.25,125.000001,29.32,41.12,0.06,7.200001,662.5618677,0.184782609,0.432098765,584.0036656,0.005586592,0.441176471,86.700001,[8.302],[0.17],1,1
7,8,F,338,121.43,7.816,59.37,59.16,0.2,80.000001,38.24,29.05,0.17,57.800001,2725.868641,0.840490798,0.44966443,167.1805261,0.133333333,0.194805195,300,[],[],1,1
175,176,F,121,119.63,8.692,56.34,51.12,0.09,16.200001,42.49,41.6,0.31,192.200001,796.3180667,0.007633588,0.515151515,5134.721629,1.152542373,0.619047619,131.598001,"[8.123, 8.866, 8.735]","[0.035, 0.065, 0.196]",1,1
353,354,F,370,123.13,7.856,55.94,56.07,0.13,33.800001,41.08,29.27,0.11,24.200001,2957.904352,0.505050505,0.85492228,13137.14913,2.041237113,0.460869565,67.122001,"[8.856, 7.353, 7.829]","[0.002, 0.149, 0.013]",1,0
96,97,H,112,122.63,8.633,56.52,54.67,0,1.00E-06,33.55,33.5,0.49,480.200001,12102.99394,0.366336634,1.974874372,4306.529148,0.961111111,0.715384615,27.648001,[8.82],[0.096],1,1
101,102,I,235,117.53,8.154,63.04,59.27,0.07,9.800001,36.59,28.51,0.02,0.800001,5500.162782,0.987951807,0.925925926,2411.455558,0.028571429,0.896103896,2.103001,"[7.655, 8.155]","[0.005, 0.026]",1,1
249,250,I,287,121.93,8.094,62.41,53.33,0.02,0.800001,40.73,40.71,0.02,0.800001,6485.419157,0.850961538,1.199029126,689.5928028,0.477987421,0.037313433,245.223001,"[6.849, 8.077, 8.678]","[0.104, 0.062, 0.259]",1,1
461,462,I,39,123.93,7.722,64.41,57.03,0.04,3.200001,37.74,39.13,0.03,1.800001,137.2360268,0.162650602,0.138888889,4489.059567,0.01,1.223214286,190.698001,"[8.311, 8.089, 7.854, 8.625, 7.71]","[0.05, 0.01, 0.087, 0.006, 0.231]",1,1
14,15,K,43,129.53,8.242,54.74,56.07,0.06,7.200001,30.87,41.78,0.1,20.000001,7681.658997,0.922222222,1.307692308,7101.594839,1.5,0.342342342,81.537001,"[7.27, 6.871, 8.5, 8.215]","[0.159, 0.043, 0.0, 0.007]",1,1
57,58,K,266,120.33,8.394,56.13,43.45,0.13,33.800001,32,,0.27,145.800001,644.2455631,0.15,0.438461538,8128.402368,1.615384615,0,344.094001,"[8.764, 8.981, 8.391]","[0.099, 0.316, 0.071]",1,1
185,186,K,137,116.53,8.6,56.18,54.67,0.12,28.800001,31.46,41.66,0.36,259.200001,2231.974579,0.122222222,0.853846154,76.11467954,0.100558659,0.123529412,812.874001,"[8.881, 8.451, 7.335, 9.311, 8.605]","[0.046, 0.061, 0.129, 0.476, 0.148]",1,1
194,195,K,190,121.23,7.612,54.03,44.88,0.02,0.800001,33.66,,0.01,0.200001,4229.472527,0.98,0.670391061,763.7300032,0.393162393,0,154.680001,"[8.194, 8.079, 8.635, 8.995, 8.359, 7.621]","[0.014, 0.088, 0.118, 0.16, 0.0, 0.064]",1,1
334,335,K,203,122.53,7.702,59.18,57.09,0.37,273.800001,31.14,,0.47,441.800001,3531.213957,0.058823529,1.083333333,932.5489389,0.459183673,0,82.302001,"[8.395, 7.879, 7.704]","[0.037, 0.012, 0.161]",1,1
360,361,K,349,116.03,7.701,57.54,60.28,0.3,180.000001,31.03,30.23,0.45,405.000001,5413.274163,0.633333333,1.184615385,3330.360423,1.016528926,0.277108434,300,[],[],1,1
13,14,L,21,120.23,7.429,55.87,57.31,0.2,80.000001,41.4,28.45,0.38,288.800001,9011.682633,1.704081633,0,4756.719677,1.25,0.151898734,409.686001,"[7.672, 8.099, 7.801, 8.498, 7.438]","[0.162, 0.143, 0.291, 0.002, 0.072]",1,1
20,21,L,52,129.03,8.799,53.36,57.29,0.05,5.000001,43.87,38.6,0.34,231.200001,781.5320596,0.487394958,0.151515152,11608.89927,1.794701987,0.805405405,4685.775001,"[6.729, 9.32, 10.018, 8.804]","[1.008, 0.009, 0.644, 0.362]",1,1
109,110,L,10,122.33,7.09,56.77,58.69,0.44,387.200001,40.23,36.55,0.16,51.200001,5185.130664,0.785714286,1.054054054,12271.33924,1.257668712,1.583892617,373.383001,"[7.748, 8.361, 8.866, 7.419, 7.081]","[0.085, 0.289, 0.045, 0.177, 0.019]",1,1
126,127,L,271,121.73,8.343,54.34,55.51,0.17,57.800001,40.5,28.47,0.14,39.200001,2191.870826,0.284916201,0.805882353,3432.5424,0.47826087,0.956790123,2065.302001,"[7.744, 9.271, 6.924, 8.727, 8.324]","[0.046, 0.642, 0.425, 0.123, 0.28]",1,1
173,174,L,85,123.43,8.96,54.05,53.79,0.14,39.200001,43.95,41.79,0.15,45.000001,40.63225347,0.092436975,0.070707071,15269.27617,0.12605042,2.252525253,858.141001,"[9.435, 8.847, 8.648, 8.391, 8.182, 8.08, 9.157, 8.978]","[0.479, 0.084, 0.044, 0.02, 0.02, 0.077, 0.201, 0.022]",1,0
184,185,L,386,122.73,8.167,55.12,55.39,0.45,405.000001,41.38,,0.28,156.800001,317.4950519,0.150837989,0.288235294,3856.358635,1.088785047,0,300,[],[],1,1
231,232,L,298,120.53,7.798,55.12,55.82,0.1,20.000001,40.81,28.81,0.23,105.800001,1234.62308,0.150837989,0.623529412,498.2092595,0.01980198,0.407035176,300,[],[],1,1
254,255,L,364,123.63,8.379,53.17,44.08,0.11,24.200001,44.76,,0.29,168.200001,2932.210859,0.647058824,0.747474747,2383.333334,0.833333333,0,300,[],[],1,1
309,310,L,362,118.73,8.338,57.52,56.06,0.38,288.800001,41.5,29.39,0.35,245.000001,25.59815338,0.020408163,0.09009009,23436.83785,2.451923077,1.341772152,300,[],[],1,0
372,373,L,128,118.53,8.818,57.45,56.8,0.04,3.200001,40.81,26.63,0.09,16.200001,872.8792656,0.091836735,0.531531532,22978.82032,1.740384615,2.151898734,174.105001,"[8.338, 8.002, 8.807]","[0.089, 0.055, 0.217]",1,0
133,134,N,357,117.73,8.016,53.21,52.68,0,1.00E-06,38.39,17.88,0.04,3.200001,147.0711674,0.188811189,0.115646259,2459.95177,0.005681818,0.905511811,300,[],[],1,1
313,314,N,184,112.23,7.051,51.99,57.42,0.01,0.200001,38.57,26.96,0.24,115.200001,1494.093653,0.664335664,0.238095238,12949.904,1.144230769,1.734177215,282.051001,"[7.65, 7.938, 7.375, 7.05]","[0.016, 0.005, 0.01, 0.306]",1,1
320,321,N,165,112.73,8.391,54.03,55.64,0.45,405.000001,36.85,,0.02,0.800001,4348.739058,0.762237762,0.931972789,3150.955264,0.974842767,0,89.931001,"[8.493, 8.898, 8.388]","[0.096, 0.144, 0.005]",1,1
341,342,N,385,123.13,8.182,55.66,,0.05,5.000001,38.06,,0.48,460.800001,116.0586432,0.01010101,0.196428571,600.000001,0,0,300,[],[],1,1
121,122,Q,230,118.13,7.475,58.49,65.67,0.21,88.200001,27.24,41.33,0.07,9.800001,5751.044819,0.115384615,1.379746835,37043.36459,0.596385542,3.462962963,394.431001,"[8.743, 7.953, 7.599, 7.338, 8.211, 7.493]","[0.139, 0.067, 0.02, 0.011, 0.325, 0.039]",1,0
260,261,Q,87,124.03,8.899,56.12,52.28,0.02,0.800001,29.6,20.92,0.23,105.800001,895.9762427,0.098360656,0.537572254,66345.93108,1.732673267,4.371859296,438.261001,"[8.612, 9.385, 9.303, 7.707, 8.285, 7.423, 7.908, 8.894, 8.901]","[0.025, 0.036, 0.118, 0.068, 0.117, 0.278, 0.006, 0.135, 0.128]",1,0
312,313,Q,191,121.53,7.634,57.53,55.62,0.11,24.200001,27.02,39.03,0.06,7.200001,11484.36589,1.038461538,1.658227848,25191.60814,1.959183673,2.135135135,240.426001,"[7.053, 7.372, 7.933, 7.65]","[0.002, 0.007, 0.0, 0.283]",1,0
426,427,Q,270,121.93,8.345,56.34,58.58,0.37,273.800001,29.46,27.98,0.05,5.000001,768.9111875,0.218579235,0.456647399,2750.917585,0.106796117,0.951612903,300,[],[],1,1
53,54,R,215,123.23,8.099,54.06,59.01,0.15,45.000001,30.55,33.95,0.2,80.000001,2877.947067,0.979381443,0.011299435,6174.880321,1.24,0.721590909,8265.237001,"[7.623, 6.848, 5.624, 9.024, 8.633, 8.367, 8.082]","[0.252, 0.34, 1.564, 0.359, 0.01, 0.027, 0.013]",1,1
147,148,R,113,122.53,8.679,56.37,62.18,0.11,24.200001,29.31,33.83,0.02,0.800001,1559.25499,0.211340206,0.689265537,15949.08589,1.071428571,2.041666667,134.832001,[8.666],[0.212],1,0
234,235,R,281,121.23,8.054,54.55,44.66,0.41,336.200001,29.53,,0.15,45.000001,2542.311943,0.726804124,0.564971751,1313.368399,0.581196581,0,348.762001,"[8.212, 8.591, 8.068]","[0.127, 0.165, 0.27]",1,1
164,165,S,169,115.03,7.881,60.84,59.52,0.21,88.200001,62.1,30.48,0.48,460.800001,4496.285025,0.015748031,1.224137931,8969.544845,0.344537815,1.694444444,222.447001,"[7.015, 6.326, 7.917, 8.173, 7.383]","[0.021, 0.024, 0.27, 0.014, 0.006]",1,1
209,210,S,250,118.03,8.339,57.52,56.04,0.02,0.800001,63.46,29.45,0.41,336.200001,996.4578027,0.466292135,0.338709677,1122.021925,0.041237113,0.610169492,1.755001,"[8.532, 8.332]","[0.003, 0.024]",1,1
215,216,S,373,123.63,7.775,57.63,56.72,0.06,7.200001,64.18,,0.07,9.800001,2589.861822,0.441441441,0.817567568,330.3785462,0.100628931,0,300,[],[],1,1
225,226,S,427,118.03,8.37,57.52,56.04,0.02,0.800001,63.46,29.45,0.02,0.800001,996.4578027,0.466292135,0.338709677,479.9471458,0.190217391,0.351851852,300,[],[],1,1
451,452,S,134,115.33,8.706,59.32,52.59,0.05,5.000001,63.09,17.93,0.01,0.200001,2108.568202,0.54494382,0.637096774,2256.802849,0.045454545,0.866141732,94.494001,"[6.883, 8.701]","[0.013, 0.177]",1,1
362,363,T,186,112.13,7.242,59.62,60.77,0.06,7.200001,72.11,27.48,0.37,273.800001,12838.39269,0.965686275,1.829457364,7211.939291,0.95631068,1.220430108,5236.725001,"[8.521, 5.467, 7.452, 7.246]","[0.018, 1.215, 0.249, 0.455]",1,1
34,35,V,173,113.43,7.855,64.62,58.06,0.25,125.000001,30.69,28.86,0.34,231.200001,5628.083668,0.964028777,0.972972973,4768.867151,1.180952381,0.441558442,513.024001,"[7.485, 8.189, 7.035, 7.694, 7.862]","[0.079, 0.086, 0.371, 0.137, 0.031]",1,1
148,149,V,330,121.23,8.025,62.13,56.26,0.31,192.200001,31.82,29.33,0.08,12.800001,780.8298219,0.146666667,0.488636364,1450.65393,0.154639175,0.677966102,300,[],[],1,1
206,207,V,244,119.13,7.842,61.64,53.69,0.02,0.800001,31.97,40.31,0.04,3.200001,503.3870553,0.071111111,0.403409091,3786.114146,0.648044693,0.917647059,4326.804001,"[8.233, 8.464, 8.359, 6.78, 7.835]","[0.013, 0.071, 0.009, 1.191, 0.136]",1,1
241,242,V,118,121.13,8.762,57.28,54.51,0.41,336.200001,35.4,,0.46,423.200001,16409.54345,2.163522013,0.888268156,382.3836745,0.165714286,0,813.480001,"[7.49, 8.569, 7.982, 7.598, 8.753]","[0.412, 0.034, 0.08, 0.304, 0.038]",1,0
314,315,V,20,120.33,7.365,61.48,52,0,1.00E-06,31.19,38.81,0.27,145.800001,2210.829985,0.142222222,0.846590909,1779.568968,0.657342657,0.401360544,94.872001,"[7.817, 7.942, 8.346, 7.053, 8.658, 7.649, 7.372]","[0.116, 0.009, 0.121, 0.002, 0.009, 0.015, 0.056]",1,1
462,463,V,149,119.73,8.631,66.99,64.45,0,1.00E-06,30.29,37.77,0.26,135.200001,8519.444454,0.741007194,1.513513514,140.9251474,0.138554217,0.166666667,37.059001,"[7.707, 8.498, 8.296, 7.862, 8.088, 8.624]","[0.015, 0.015, 0.035, 0.079, 0.009, 0.066]",1,1
445,446,W,272,121.63,8.398,58,55.36,0.18,64.800001,28.79,40.63,0.11,24.200001,848.4876704,0.304,0.436363636,6413.328257,1.102803738,0.96,300,[],[],1,1
264,265,Y,367,127.53,7.937,55.72,55.87,0.39,304.200001,41.52,29.73,0,1.00E-06,1347.602629,0.528301887,0.412429379,2545.576795,0.912371134,0.126903553,300,[],[],1,1
444,445,Y,398,123.93,8.261,55.39,62.68,0.03,1.800001,40.87,31.35,0.24,115.200001,7055.558635,1.088785047,1.08,2245.476664,0.674603175,0.541666667,300,[],[],1,1
23,24,A,58,126.93,9.421,55.82,56.09,0.34,231.200001,18.5,29.66,3.06,18727.2,3265.077327,1.021276596,0.212962963,29109.03694,3.057142857,0.597402597,124.092001,"[7.339, 8.891, 8.611, 7.941, 9.407]","[0.061, 0.008, 0.187, 0.039, 0.033]",0,0
37,38,A,207,122.03,8.528,52.93,59.24,2.2,9680.000001,,,,300,12946.78588,2.053191489,0,309.7959194,0.057142857,0,7558.926001,"[10.951, 7.887, 8.493]","[1.587, 0.032, 0.007]",0,0
104,105,A,192,121.93,7.65,54.66,54.05,0.09,16.200001,16.77,17.3,0.95,1805.000001,5922.845096,0.212765957,1.388888889,4647.60196,0.861702128,0.898148148,223.446001,"[8.398, 8.064, 6.845, 8.194, 7.656]","[0.088, 0.008, 0.255, 0.04, 0.007]",0,0
122,123,A,193,122.43,7.579,54.38,58.7,0.99,1960.200001,17.46,27.31,0.57,649.800001,2469.754415,0.510638298,0.75,5023.588332,0.086538462,1.291139241,120.198001,"[7.96, 7.499, 8.734, 8.226, 8.587, 7.603]","[0.074, 0.024, 0.13, 0.117, 0.017, 0.056]",0,0
127,128,A,200,124.03,7.897,52,54.17,1,2000.000001,18.41,40.36,0.01,0.200001,1149.741371,0.380681818,0.488188976,2799.831103,0.379888268,0.888235294,171.723001,"[8.218, 7.902]","[0.125, 0.204]",0,0
132,133,A,99,125.23,7.906,51.91,54.13,0.77,1185.800001,18.28,,0.4,320.000001,1605.65292,0.431818182,0.590551181,5071.203705,1.261111111,0,517.140001,"[7.51, 8.241, 8.574, 8.765, 7.915]","[0.105, 0.075, 0.164, 0.355, 0.053]",0,0
143,144,A,356,132.33,7.935,53.39,57.75,1.15,2645.000001,19.33,63.2,0.92,1692.800001,669.4664515,0.409090909,0.236220472,1243.051277,0.337078652,0.548387097,300,[],[],0,0
166,167,A,31,118.23,6.994,49.07,57.66,0.02,0.800001,20.14,,0.5,500.000001,14843.36348,2.045454545,0.874015748,2603.645447,0.87628866,0,442.470001,"[7.91, 6.312, 7.414, 7.007]","[0.029, 0.01, 0.025, 0.382]",0,0
210,211,A,212,123.83,8.269,50.7,57.54,1.19,2832.200001,21.06,63.87,1.19,2832.200001,463.9965178,0.125,0.372881356,621.4234905,0.45505618,0.008064516,41.658001,"[7.989, 8.808, 8.272]","[0.021, 0.113, 0.026]",0,0
212,213,A,41,127.73,8.01,49.46,61.15,4.68,43804.8,22.14,29.32,0.7,980.000001,3757.784166,1.09375,0.237288136,19095.32278,0.270440252,2.508379888,830.481001,"[9.907, 8.568, 8.307, 8.416, 9.543, 8.748, 8.022]","[0.494, 0.033, 0.038, 0.026, 0.13, 0.111, 0.019]",0,0
272,273,A,247,120.73,7.727,54.01,54.18,3.03,18361.8,17.31,40.31,0.97,1881.800001,4823.403418,0.904255319,0.888888889,16650.99982,1.505050505,1.8125,79.818001,"[8.006, 7.814, 7.731]","[0.141, 0.001, 0.082]",0,0
310,311,A,308,126.43,8.314,52.39,57.9,0.4,320.000001,18,41.15,2.37,11233.8,20901.28452,2.627659574,0.25,557.0105275,0.367346939,0.225225225,300,[],[],0,0
374,375,A,318,122.23,7.902,54.22,57.14,1.8,6480.000001,17.36,,0.94,1767.200001,3520.561346,0.680851064,0.842592593,12995.51021,2.057142857,0,300,[],[],0,0
385,386,A,306,115.53,6.81,53.31,56.18,1.33,3537.800001,,,,300,8456.971481,1.64893617,0,1096.143252,0.515151515,0,54.510001,"[7.572, 6.888, 6.787]","[0.065, 0.016, 0.117]",0,0
406,407,A,16,124.03,7.543,54.33,65.88,4.83,46657.8,19.06,69.14,0.3,180.000001,2670.449831,0.943181818,0.023622047,13937.89783,2.102941176,0.472868217,43.893001,"[7.964, 7.754, 8.766, 8.447, 7.556]","[0.021, 0.052, 0.005, 0.015, 0.106]",0,0
409,410,A,332,121.33,7.99,54.5,57.62,0.84,1411.200001,,,,300,740.0181087,0.382978723,0,319.9916711,0.081632653,0,16.383001,"[8.567, 7.471, 7.971]","[0.009, 0.072, 0.014]",0,0
413,414,A,197,123.93,8.001,54.76,66.72,0.87,1513.800001,16.76,68.16,0.83,1377.800001,5898.406748,0.106382979,1.398148148,1579.929054,0.535483871,0.489795918,35.337001,"[8.217, 8.591, 7.999]","[0.103, 0.033, 0.009]",0,0
423,424,A,57,127.43,9.514,52.49,60.39,0.51,520.200001,17.75,,0.29,168.200001,19765.98027,2.521276596,0.481481481,1021.611425,0.49044586,0,607.506001,"[7.114, 8.075, 7.532, 9.515]","[0.286, 0.039, 0.132, 0.319]",0,0
430,431,A,199,123.23,7.925,53.43,59.74,2.03,8241.800001,17.06,38.47,1.43,4089.800001,7777.889264,0.431818182,1.551181102,592.8442601,0.432692308,0.101941748,29.280001,"[8.549, 7.935]","[0.036, 0.092]",0,0
435,436,A,38,124.63,7.637,55.18,65.36,2.41,11616.2,18.23,,0.46,423.200001,7291.997165,1.426136364,0.62992126,6628.231294,1.452380952,0,1513.131001,"[6.869, 8.057, 7.646]","[0.706, 0.03, 0.071]",0,0
46,47,C,421,110.33,6.412,62.91,41.78,0.15,45.000001,28.57,,0.81,1312.200001,13149.24109,1.995145631,0.634408602,28074.70962,3.042735043,0,300,[],[],0,0
73,74,C,333,121.03,7.895,55.08,44.94,0.44,387.200001,30.01,,1.8,6480.000001,5441.074886,1.319587629,0.269035533,650.6465055,0.341880342,0,133.893001,"[8.676, 9.067, 7.212, 7.861]","[0.202, 0.017, 0.027, 0.053]",0,0
105,106,C,226,113.03,7.663,57.46,54.75,3.36,22579.2,29.08,17.72,1.7,5780.000001,44132.11671,2.918918919,2.488095238,819.116918,0.117021277,0.509259259,47.649001,"[6.969, 8.13, 7.538, 7.665]","[0.121, 0.024, 0.021, 0.015]",0,0
140,141,C,319,119.83,8.232,58.03,55.27,0.5,500.000001,27.17,41.32,0.43,369.800001,6191.26122,0.373786408,1.387096774,479.1772262,0.234636872,0.323529412,300,[],[],0,0
218,219,C,1,114.13,5.747,58.54,60.79,0.68,924.800001,27,60.54,0.48,460.800001,6605.62867,0.126213592,1.478494624,27402.77577,1.370786517,2.693548387,1234.185001,"[8.273, 8.087, 5.765]","[0.115, 0.071, 0.627]",0,0
263,264,C,77,124.33,9.374,54.48,52.44,1.39,3864.200001,29.35,43.45,0.38,288.800001,7972.677117,1.628865979,0.065989848,2574.105506,0.843478261,0.382857143,32.217001,"[8.02, 7.337, 8.863, 9.406]","[0.083, 0.059, 0.012, 0.015]",0,0
277,278,C,108,122.13,8.791,54.87,53.45,0.51,520.200001,29.39,30.89,0.47,441.800001,6122.400238,1.427835052,0.045685279,2596.010961,0.771428571,0.51984127,300,[],[],0,0
295,296,C,153,120.13,8.544,58.27,54.29,0.37,273.800001,31.07,30.34,1.55,4805.000001,1709.507513,0.257281553,0.709677419,4024.782171,1.141304348,0.197530864,616.599001,"[8.237, 8.83, 7.57, 8.544]","[0.086, 0.288, 0.272, 0.203]",0,0
307,308,C,431,116.83,7.313,70.19,,,300,25.51,,,300,56409.11217,3.962162162,1.761904762,600.000001,0,0,300,[],[],0,0
361,362,C,292,120.23,8.002,58.61,57.84,2.16,9331.200001,,31.48,,300,325.5207852,0.09223301,0,4029.053255,0.8,0.838461538,300,[],[],0,0
366,367,C,225,113.23,7.742,62.72,62.74,0.61,744.200001,27.51,27.48,0.31,192.200001,1166.840289,0.075675676,0.619047619,9455.410374,1.396907216,1.095652174,69.243001,"[6.822, 7.736]","[0.14, 0.059]",0,0
425,426,C,264,120.13,8.036,57.89,58.11,0.69,952.200001,28.87,31.27,0.89,1584.200001,1256.945475,0.441747573,0.47311828,8834.338136,0.776859504,1.530120482,56.508001,"[7.825, 8.023]","[0.1, 0.094]",0,0
441,442,C,285,122.03,8.158,61.75,55.77,0.47,441.800001,31.93,29.43,1.54,4743.200001,10273.26013,1.432038835,1.172043011,738.5386181,0.336956522,0.364197531,300,[],[],0,0
4,5,D,7,124.63,6.969,53.5,61.35,0.73,1065.800001,39.98,33.95,,300,1429.561756,0.371069182,0.582089552,26068.09172,2.75,1.061538462,303.432001,"[7.548, 7.658, 6.973]","[0.268, 0.158, 0.066]",0,0
5,6,D,374,126.13,8.783,57.21,52.77,0.25,125.000001,38.41,,0.51,520.200001,10533.36773,0.17,1.866071429,2367.63973,0.830188679,0,300,[],[],0,0
50,51,D,79,121.63,9.539,54.15,54.09,2.02,8160.800001,40.4,29.65,0.42,352.800001,220.8012777,0.037735849,0.268656716,3528.960354,0.963917526,0.497175141,1357.473001,"[8.307, 8.829, 9.907, 9.379, 9.555]","[0.064, 0.432, 0.491, 0.037, 0.139]",0,0
113,114,D,194,123.23,7.596,54.47,56.17,0.29,168.200001,41.34,36.71,,300,21502.2,2.57,0.75,6660.237605,0.505050505,1.401785714,387.378001,"[8.757, 7.773, 8.243, 7.612]","[0.0, 0.319, 0.049, 0.158]",0,0
158,159,D,53,128.83,8.478,53.44,55.66,0.92,1692.800001,41.52,27.62,1.64,5379.200001,1466.39028,0.408805031,0.567164179,1175.347457,0.153005464,0.606936416,59.415001,"[8.23, 8.498]","[0.043, 0.134]",0,0
161,162,D,365,123.73,8.364,54.96,62.51,1.02,2080.800001,41.13,31.6,0.77,1185.800001,13928.41875,2.08,0.5625,18678.95837,2.482014388,0.256756757,300,[],[],0,0
177,178,D,352,121.83,8.949,53.48,54.31,,300,42.14,33.89,,300,3623.33458,0.383647799,1.029850746,911.5170979,0.452513966,0.314754098,300,[],[],0,0
228,229,D,295,121.13,7.932,53.4,54.56,0.51,520.200001,40.67,40.35,0.44,387.200001,578.502822,0.433962264,0.067164179,542.9868158,0.295597484,0.305970149,3262.215001,"[8.3, 6.791, 7.568, 7.932]","[0.05, 1.007, 0.23, 0.134]",0,0
235,236,D,348,124.03,8.339,52.1,54.96,,300,40.47,29.68,,300,4839.810006,1.251572327,0.21641791,1488.960152,0.515463918,0.480225989,300,[],[],0,0
248,249,D,327,121.73,8.419,54.28,57.16,0.95,1805.000001,40.5,28.55,0.21,88.200001,155.7812453,0.119496855,0.194029851,1691.561257,0.368,0.654545455,300,[],[],0,0
262,263,D,6,125.83,7.145,52.56,44.43,0.12,28.800001,41.78,,1.67,5577.800001,2618.533237,0.739130435,0.571428571,2114.814816,0.777777778,0,76.155001,"[8.601, 8.729, 7.153]","[0.036, 0.092, 0.125]",0,0
268,269,D,425,124.03,8.15,53.49,51.71,0.28,156.800001,41.48,,0.86,1479.200001,1293.315468,0.377358491,0.537313433,9531.547081,1.754189944,0,300,[],[],0,0
269,270,D,305,121.03,7.813,55.62,53.77,0.75,1125.000001,40.42,40.62,0,1.00E-06,6064.506123,1.42,0.071428571,154.2608958,0.201257862,0.104477612,300,[],[],0,0
316,317,D,103,124.63,8.467,54,59.65,0.25,125.000001,40.28,26.84,0.51,520.200001,394.5529294,0.056603774,0.358208955,7853.901313,0.412621359,1.564516129,300,[],[],0,0
317,318,D,335,121.63,7.916,55.13,53.75,0.7,980.000001,38.1,40.79,0.66,871.200001,13105.05736,0.65408805,1.985074627,138.6817946,0.213836478,0.02238806,300,[],[],0,0
319,320,D,211,123.73,8.364,55.53,62.37,0.11,24.200001,41.21,33.41,,300,2798.98918,0.905660377,0.335820896,708.6425802,0.253333333,0.414772727,300,[],[],0,0
321,322,D,141,117.33,8.393,52.69,54.48,0.02,0.800001,41.18,36.87,1.23,3025.800001,2620.577792,0.880503145,0.313432836,6009.485694,1.076923077,0.918367347,111.897001,"[9.235, 8.596, 8.39]","[0.193, 0.007, 0.001]",0,0
322,323,D,69,127.53,8.589,54.2,52.71,0.38,288.800001,41.98,39.95,1.24,3075.200001,2501.103988,0.06918239,0.910447761,3356.058511,0.867924528,0.604477612,148.668001,"[8.248, 8.583]","[0.116, 0.19]",0,0
363,364,D,151,119.63,8.539,56.16,59.68,1.25,3125.000001,41.7,71.74,0.61,744.200001,6561.003002,1.301886792,0.701492537,9769.004203,0.93627451,1.542635659,300,[],[],0,0
436,437,D,234,117.53,7.953,53.15,52.77,,300,38.41,17.77,,300,10275.25535,0.591194969,1.753731343,2962.626824,0.056818182,0.992125984,941.718001,"[7.05, 7.653, 7.38, 7.944]","[0.525, 0.016, 0.195, 0.0]",0,0
448,449,D,350,124.93,8.524,52.28,54.61,1.15,2645.000001,39.83,31.28,0.9,1620.000001,5332.655418,1.13836478,0.694029851,5920.782929,0.994444444,0.992307692,300,[],[],0,0
457,458,D,312,118.73,8.295,53.12,55.56,0.96,1843.200001,38.69,39.23,,300,8275.529979,0.610062893,1.544776119,1489.515906,0.696969697,0.103626943,300,[],[],0,0
460,461,D,83,123.53,9.05,56.49,58.18,0.54,583.200001,40.29,71.94,1.16,2691.200001,1012.968751,0.55,0.1875,17028.72032,1.671568627,1.697674419,1417.713001,"[7.857, 7.195, 8.676, 9.062]","[0.084, 0.527, 0.045, 0.431]",0,0
29,30,E,196,123.03,7.652,58.1,59.24,0.64,819.200001,28.36,28.98,0.02,0.800001,7488.615282,1.142857143,1.090909091,254.6938786,0.057142857,0.285714286,300,[],[],0,0
36,37,E,111,122.93,8.623,59.22,57.64,0.02,0.800001,28.64,27.53,,300,1604.191826,0.076190476,0.727272727,5686.174883,0.932692308,1.012658228,74.889001,"[7.423, 8.204, 8.635]","[0.017, 0.115, 0.107]",0,0
98,99,E,93,126.93,8.239,55.71,62.25,0.38,288.800001,27.8,70.19,1.53,4681.800001,6043.480207,0.369565217,1.37037037,663.0313288,0.323529412,0.341085271,163.581001,"[7.59, 8.486, 7.383, 8.387, 8.227]","[0.073, 0.053, 0.134, 0.152, 0.073]",0,0
100,101,E,340,122.03,7.999,59.54,51.86,0.27,145.800001,31.52,18.39,3.01,18120.2,27391.00692,0.228571429,3.012987013,30593.85008,3.191489362,0.111111111,300,[],[],0,0
106,107,E,183,109.93,7.1,60.81,60.82,,300,27.23,27.38,,300,25841.22337,1.438095238,2.558441558,4294.543426,1.102702703,0.464285714,1886.451001,"[6.299, 7.146]","[0.791, 0.056]",0,0
118,119,E,430,119.53,7.886,58.55,,1.06,2247.200001,29.51,,0.13,33.800001,2016.866252,0.714285714,0.402597403,600.000001,0,0,1602.837001,"[7.484, 9.074, 8.372, 8.199, 7.927]","[0.009, 0.68, 0.022, 0.005, 0.267]",0,0
124,125,E,458,,,,,,300,,,,300,600.000001,0,0,600.000001,0,0,300,[],[],0,0
125,126,E,224,115.03,7.349,53.81,62.85,1.7,5780.000001,28.11,26.99,0.36,259.200001,10068.48538,1.402173913,1.179012346,59005.45342,3.380952381,2.87012987,885.261001,"[8.408, 7.894, 8.28, 6.953, 7.355]","[0.065, 0.003, 0.063, 0.522, 0.12]",0,0
159,160,E,90,123.23,8.855,58.31,54.36,,300,29.14,43.16,,300,2685.154327,0.942857143,0.077922078,9710.031825,0.169811321,1.791044776,397.488001,[8.842],[0.364],0,0
186,187,E,91,122.83,8.753,54.93,56.06,0.88,1548.800001,31.97,31.82,1.49,4440.200001,6235.531071,0.793478261,1.203703704,1105.557748,0.188888889,0.576923077,231.813001,"[7.397, 7.612, 8.249, 8.559, 8.983, 8.393, 8.767]","[0.215, 0.0, 0.041, 0.041, 0.148, 0.034, 0.068]",0,0
187,188,E,119,120.73,8.835,54.38,55.81,,300,30.44,30.48,,300,3781.602377,1.092391304,0.259259259,539.9698715,0.315217391,0.283950617,36.930001,"[8.248, 8.531, 7.575, 8.828]","[0.04, 0.069, 0.018, 0.075]",0,0
203,204,E,379,120.73,8.182,54.78,54.41,0.24,115.200001,,40.46,,300,2596.875001,0.875,0,271.8817468,0.201257862,0.223880597,300,[],[],0,0
219,220,E,359,128.73,7.973,56.62,57.86,0.79,1248.200001,32.94,27.48,1.59,5056.200001,9793.559958,0.125,1.802469136,5093.007252,0.45631068,1.220430108,300,[],[],0,0
222,223,E,283,122.03,8.228,55.4,62.85,0.82,1344.800001,,31.01,,300,1168.472354,0.538043478,0,3281.323815,0.53968254,0.895833333,79.707001,[8.207],[0.163],0,0
226,227,E,115,123.93,8.557,56.2,57.5,0.61,744.200001,29.42,63.44,0.18,64.800001,443.5110563,0.10326087,0.37037037,1061.830761,0.47752809,0.35483871,8.700001,"[8.254, 8.542]","[0.014, 0.052]",0,0
250,251,E,351,124.33,8.269,53.89,62.43,0.01,0.200001,29.2,40.71,0.62,768.800001,6306.794457,1.358695652,0.50617284,6465.226881,0.860576923,1.189320388,300,[],[],0,0
294,295,E,216,123.43,8.151,53.51,51.74,0.78,1216.800001,31.41,18.31,1.07,2289.800001,9558.33556,1.565217391,0.858024691,1801.874432,0.528409091,0.566929134,320.562001,"[7.944, 7.772, 8.843, 8.131]","[0.027, 0.07, 0.275, 0.16]",0,0
329,330,E,258,119.63,8.286,59.41,57.69,,300,31.19,35.83,,300,20070.53691,0.104761905,2.584415584,10868.30488,0.378787879,1.865284974,300,[],[],0,0
337,338,E,227,117.23,7.395,60.83,45.91,0.45,405.000001,27.8,,0.73,1065.800001,16287.15129,1.457142857,1.818181818,4863.333334,1.233333333,0,11.820001,"[7.644, 7.427]","[0.058, 0.024]",0,0
344,345,E,105,119.63,9.269,59.69,65.6,1.74,6055.200001,27.62,30.58,1.29,3328.200001,13045.34998,0.371428571,2.051948052,3975.337008,0.258992806,1.121621622,1479.729001,"[8.315, 6.921, 8.731, 7.754, 9.27]","[0.017, 0.467, 0.015, 0.008, 0.524]",0,0
346,347,E,354,115.13,7.388,53.47,61.1,0.9,1620.000001,,,,300,7855.293007,1.586956522,0,446.3359564,0.220858896,0,300,[],[],0,0
373,374,E,144,118.33,8.495,59.23,57.41,2.09,8736.200001,29.17,40.9,,300,17.887222,0.066666667,0.038961039,661.5073299,0.132653061,0.45045045,114.234001,"[8.496, 7.443, 7.866, 8.098, 8.621, 7.674]","[0.094, 0.059, 0.036, 0.04, 0.031, 0.148]",0,0
380,381,E,232,116.93,7.779,58.98,59.05,0.2,80.000001,30.46,31.56,1.32,3484.800001,8311.697308,0.304761905,1.636363636,411.8047719,0.361445783,0.081395349,300,[],[],0,0
389,390,E,242,118.13,7.637,59.11,61.95,2.42,11712.8,28.85,29.34,0.42,352.800001,718.0660043,0.180952381,0.454545455,6956.941211,1.484076433,0.341317365,731.211001,"[8.967, 8.104, 9.191, 7.836, 7.64]","[0.42, 0.087, 0.196, 0.006, 0.146]",0,0
398,399,E,414,127.33,8.273,53.07,67.52,2.33,10857.8,,,,300,10067.01323,1.804347826,0,19688.68148,2.542222222,0,300,[],[],0,0
402,403,E,246,120.43,7.662,57.37,46.16,0.23,105.800001,28.44,,1.23,3025.800001,3704.69691,0.532608696,0.975308642,67738.60336,4.741258741,0,312.252001,"[8.5, 7.811, 7.437, 8.107, 7.671]","[0.068, 0.268, 0.106, 0.004, 0.128]",0,0
420,421,E,104,120.23,9.196,61.7,59.32,0.47,441.800001,28.22,29.5,0.84,1411.200001,20532.97352,2.285714286,1.272727273,1238.067162,0.223140496,0.602409639,443.337001,"[7.64, 7.839, 8.077, 8.436, 8.979, 9.194]","[0.077, 0.09, 0.148, 0.334, 0.017, 0.001]",0,0
446,447,E,299,120.73,7.827,56.66,57.82,0.89,1584.200001,31.5,28.9,0.3,180.000001,2568.483721,0.14673913,0.913580247,416.2214886,0.16,0.336363636,387.015001,"[8.023, 7.828]","[0.238, 0.269]",0,0
464,465,E,62,128.13,8.552,53.18,63.62,0.8,1280.000001,,63.36,,300,9430.523394,1.744565217,0,16866.44567,2.173228346,0.948275862,439.809001,"[7.599, 7.362, 8.256, 8.556]","[0.123, 0.36, 0.005, 0.043]",0,0
38,39,F,259,119.63,8.319,61.12,50.73,0.94,1767.200001,35.72,16.27,0.18,64.800001,13913.91424,0.233128834,2.140939597,68199.67743,4.393617021,1.851851852,787.737001,"[7.927, 8.869, 7.498, 7.716, 9.554, 8.019, 8.286, 8.306]","[0.072, 0.246, 0.357, 0.139, 0.19, 0.019, 0.072, 0.092]",0,0
48,49,F,248,121.53,7.747,55.39,53.86,0.87,1513.800001,38.31,40.39,0.41,336.200001,2848.742517,0.782828283,0.580310881,3191.439615,0.553072626,0.870588235,315.564001,"[8.049, 7.747]","[0.128, 0.298]",0,0
83,84,F,45,130.73,8.74,57.73,52.93,2.18,9504.800001,39.68,43.98,3.15,19845,527.9157413,0.398989899,0.129533679,2165.973656,0.848739496,0.04040404,365.409001,"[8.21, 9.142, 8.933, 8.737]","[0.041, 0.092, 0.117, 0.313]",0,0
108,109,F,401,112.33,8.072,57.88,63.97,0.81,1312.200001,36.78,68.11,0.23,105.800001,15366.54619,1.754601227,1.429530201,5480.651893,1.238709677,0.540816327,300,[],[],0,0
145,146,F,384,121.83,7.841,55.34,53.75,,300,38.21,40.41,,300,3157.727369,0.808080808,0.632124352,341.8450826,0.213836478,0.26119403,300,[],[],0,0
190,191,F,98,125.63,7.874,54.37,57.32,0.53,561.800001,40.31,38.01,0.21,88.200001,5677.949265,1.297979798,0.455958549,472.3126484,0.186915888,0.35,9.408001,[7.868],[0.056],0,0
243,244,F,123,118.13,9.205,57.62,42.87,0.04,3.200001,44.62,,,300,12694.66095,0.984732824,1.806060606,10475.20833,1.841666667,0,28.695001,"[8.161, 9.208, 8.844, 8.461, 8.351]","[0.022, 0.044, 0.04, 0.069, 0.028]",0,0
265,266,F,142,117.23,8.442,55.61,56.11,2.9,16820,40.26,41.52,1.75,6125.000001,3004.753293,0.549618321,0.836363636,750.5930166,0.283018868,0.412429379,115.551001,"[8.751, 9.285, 9.386, 8.63, 8.449]","[0.048, 0.026, 0.012, 0.007, 0.188]",0,0
286,287,F,358,117.33,8.158,57.91,55.05,0,1.00E-06,,,,300,4664.081348,1.20610687,0,535.200001,0.28,0,300,[],[],0,0
328,329,F,110,122.83,8.696,56.21,55.59,1.48,4380.800001,37.56,64.41,1.73,5985.800001,3224.160932,0.368686869,0.968911917,7760.787582,1.550561798,0.427419355,377.028001,"[8.163, 8.277, 8.001, 8.685]","[0.123, 0.009, 0.285, 0.171]",0,0
345,346,F,377,121.33,8.118,59.62,57.95,1.48,4380.800001,38.48,28.91,,300,1666.24113,0.687116564,0.288590604,5384.719178,1.285714286,0.376623377,300,[],[],0,0
351,352,F,296,120.23,7.867,60.2,57.22,0.44,387.200001,36.45,27.66,0.81,1312.200001,8506.725384,0.331288344,1.651006711,7516.83245,1.336538462,0.848101266,300,[],[],0,0
456,457,F,347,124.53,8.295,53.86,61.98,1.7,5780.000001,40.52,31.88,1.29,3328.200001,8216.144009,1.555555556,0.564766839,4540.197026,1.23015873,0.010416667,300,[],[],0,0
45,46,G,409,108.93,8.736,43.39,,1.61,5184.200001,,,,300,8633.333334,1.666666667,0,600.000001,0,0,300,[],[],0,0
56,57,G,174,110.83,8.32,43.74,55.96,0.29,168.200001,,29.59,,300,5910.344073,1.367521368,0,848.7662263,0.010928962,0.531791908,11.907001,[8.309],[0.063],0,0
69,70,G,163,114.73,8.222,44.96,69.38,0.28,156.800001,,54.33,,300,616.4584713,0.324786325,0,293509.0271,6.21192053,7.697297297,0.147001,[8.214],[0.007],0,0
72,73,G,416,114.03,8.474,44.78,61.95,0.16,51.200001,,32.19,,300,987.2671498,0.478632479,0,5050.64248,1.253968254,0.333333333,300,[],[],0,0
91,92,G,176,103.73,8.362,44.93,55.91,1.96,7683.200001,,32.62,,300,668.3979848,0.35042735,0,226.7526856,0.272222222,0.038461538,300,[],[],0,0
149,150,G,162,113.13,8.454,44.76,61.82,0,1.00E-06,,31.9,,300,1037.234277,0.495726496,0,589.4674099,0.008888889,0.443181818,300,[],[],0,0
151,152,G,353,116.23,7.632,44.63,,0.25,125.000001,,,,300,1404.755644,0.606837607,0,600.000001,0,0,300,[],[],0,0
156,157,G,178,109.63,7.735,45.19,52.55,0.25,125.000001,,38.4,,300,349.3096657,0.128205128,0,268.1217547,0.272727273,0.12244898,300,[],[],0,0
191,192,G,331,109.73,7.812,45.15,53.84,0.61,744.200001,,40.52,,300,379.1146186,0.162393162,0,8310.726194,1.565656566,0.564766839,300,[],[],0,0
193,194,G,417,112.63,8.359,44.6,56.58,0.28,156.800001,,37.8,,300,1500.087663,0.632478632,0,9644.374699,0.815642458,1.596721311,300,[],[],0,0
220,221,G,177,109.73,7.859,46.66,57.41,,300,,31.35,,300,4118.540435,1.128205128,0,2943.966724,0.554347826,0.820987654,300,[],[],0,0
233,234,G,392,110.93,8.426,43.88,56.33,0.78,1216.800001,,29.57,,300,4971.488057,1.247863248,0,234.6714636,0.032608696,0.277777778,422.943001,"[7.184, 6.844, 7.703, 7.529, 8.418]","[0.145, 0.195, 0.087, 0.261, 0.079]",0,0
242,243,G,182,109.43,7.057,44.64,57.69,1.77,6265.800001,,34.94,,300,703.3333343,0.366666667,0,12090.18636,1.905660377,0.631284916,77.598001,"[7.759, 8.215, 8.867, 7.085]","[0.056, 0.131, 0.063, 0.04]",0,0
253,254,G,164,114.83,8.139,43.93,59.06,0.15,45.000001,,32.87,,300,3055.208334,0.958333333,0,41012.01106,3.547619048,1.041666667,149.310001,"[9.029, 8.507, 9.245, 8.157]","[0.176, 0.115, 0.04, 0.063]",0,0
261,262,G,422,110.73,8.168,44.12,56.1,0.31,192.200001,,29.37,,300,3561.889109,1.042735043,0,514.0953221,0.087431694,0.404624277,300,[],[],0,0
281,282,G,0,108.23,2.961,43.33,51.69,0.17,57.800001,,18.63,,300,9154.043394,1.717948718,0,1227.740059,0.556818182,0.31496063,9518.571001,"[8.496, 7.63, 7.875, 10.944, 9.763]","[0.146, 0.166, 0.0, 1.692, 0.511]",0,0
298,299,G,445,,,,,,300,,,,300,600.000001,0,0,600.000001,0,0,300,[],[],0,0
336,337,G,329,109.63,7.356,46.73,60.41,0.82,1344.800001,,27.92,,300,611.4814825,0.322222222,0,9794.729974,1.730769231,0.518987342,300,[],[],0,0
355,356,G,175,110.73,8.231,44.67,56.03,0.08,12.800001,,29.33,,300,1283.7826,0.572649573,0,443.8894806,0.049180328,0.38150289,15.123001,"[8.067, 8.22]","[0.071, 0.0]",0,0
381,382,G,324,105.53,7.862,46.15,59.18,2.3,10580,,29.14,,300,3103.333334,0.966666667,0,57.39922515,0.114285714,0.077922078,300,[],[],0,0
394,395,G,320,110.53,8.329,44.97,56.39,0.12,28.800001,,29.26,,300,600.0219164,0.316239316,0,960.2652045,0,0.469135802,300,[],[],0,0
467,468,G,310,115.73,6.973,45.75,,0.58,672.800001,,,,300,668.3979848,0.35042735,0,600.000001,0,0,300,[],[],0,0
31,32,H,433,,,,,,300,,,,300,600.000001,0,0,600.000001,0,0,300,[],[],0,0
42,43,H,214,123.83,8.214,65.5,61.89,0.65,845.000001,31.55,44.18,2.18,9504.800001,44973.26808,3.74522293,0.982035928,77925.81253,4.43877551,2.504504505,150.009001,"[7.596, 7.496, 8.744, 7.941, 8.21]","[0.077, 0.177, 0.008, 0.075, 0.084]",0,0
44,45,H,395,126.03,8.016,51.77,56.28,,300,30.36,,,300,12237.28189,1.985148515,0.371859296,313.3333343,0.066666667,0,300,[],[],0,0
200,201,H,325,106.73,8.201,48.34,58.34,3.25,21125,,29.45,,300,40997.18655,3.683168317,0,10768.05947,1.355263158,1.323863636,350.322001,"[7.417, 8.819, 8.638, 8.204]","[0.302, 0.015, 0.153, 0.044]",0,0
201,202,H,2,126.43,5.243,55.74,51.59,0.43,369.800001,30.44,23.76,1.04,2163.200001,510.5574325,0.01980198,0.412060302,38921.82317,2.074257426,2.944723618,10471.728,"[8.828, 5.269]","[0.58, 1.776]",0,0
230,231,H,344,122.93,8.172,55.79,57.97,0.03,1.800001,29.34,62.96,0.53,561.800001,59.46596279,0.004950495,0.140703518,1788.129949,0.213483146,0.741935484,300,[],[],0,0
240,241,H,125,116.13,9.234,54.53,55.31,0.02,0.800001,36.56,31.96,,300,9051.759941,0.154285714,1.73015873,1253.115629,0.638157895,0.102272727,4.359001,"[8.377, 9.249]","[0.038, 0.003]",0,0
259,260,H,394,126.13,7.902,52.06,54.04,0.22,96.800001,,41.77,,300,10474.29664,1.841584158,0,624.6872934,0.452513966,0.058823529,300,[],[],0,0
274,275,H,139,116.23,8.45,54.3,53.71,0.22,96.800001,30.22,71.03,0.86,1479.200001,2096.938777,0.285714286,0.785714286,56059.36646,4.321637427,0.099526066,300,[],[],0,0
276,277,H,27,120.23,7.045,53.03,54.05,0.42,352.800001,32.39,31.95,1.5,4500.000001,3086.01731,1.011428571,0.075396825,122.624626,0.201438849,0.017241379,192.675001,"[8.009, 7.586, 7.051]","[0.075, 0.242, 0.006]",0,0
290,291,H,122,119.03,8.956,54.92,64.29,0.2,80.000001,34.66,71.95,,300,2872.949661,0.068571429,0.976190476,11300.66344,1.865497076,0.535545024,2.883001,[8.991],[0.031],0,0
340,341,H,346,114.43,8.019,56.26,66.22,,300,28.15,,,300,17072.50212,2.140127389,1.053892216,2881.942228,0.927710843,0,88.188001,"[8.553, 8.004]","[0.164, 0.05]",0,0
388,389,H,439,,,,,,300,,,,300,600.000001,0,0,600.000001,0,0,300,[],[],0,0
422,423,H,107,120.53,8.962,60.42,61.72,0.03,1.800001,30.66,27.81,,300,1384.013537,0.50955414,0.449101796,4238.58942,0.871134021,0.808695652,300,[],[],0,0
19,20,I,372,123.33,7.737,59.22,54.45,1.93,7449.800001,39.12,,0.52,540.800001,1625.239199,0.516556291,0.524324324,851.0204092,0.428571429,0,300,[],[],0,0
54,55,I,70,127.13,8.643,59.31,54.21,1.97,7761.800001,39.42,30.35,1.04,2163.200001,2177.853406,0.639423077,0.563106796,2472.172343,0.902061856,0.101694915,992.022001,"[7.621, 8.079, 8.981, 8.361, 8.18, 8.636]","[0.478, 0.02, 0.316, 0.033, 0.002, 0.029]",0,0
66,67,I,95,125.33,8.202,57.99,53.24,3.62,26208.8,40.66,31.47,0.07,9.800001,5600.479728,1.331125828,0.308108108,3293.528576,0.926666667,0.489010989,300,[],[],0,0
68,69,I,448,,,,,,300,,,,300,600.000001,0,0,600.000001,0,0,300,[],[],0,0
94,95,I,413,125.83,9.1,58.21,,,300,36.91,,0.96,1843.200001,5382.969771,1.168269231,0.655339806,600.000001,0,0,300,[],[],0,0
117,118,I,22,120.73,7.454,64.29,60.41,,300,36.6,28.45,,300,2686.423405,0.234939759,0.916666667,9055.906068,1.730769231,0.151898734,1429.437001,"[9.082, 7.939, 8.195, 8.376, 7.474]","[0.688, 0.053, 0.001, 0.018, 0.001]",0,0
120,121,I,457,,,,,,300,,,,300,600.000001,0,0,600.000001,0,0,300,[],[],0,0
162,163,I,345,123.53,8.187,64.21,53.94,,300,37.06,40.36,,300,962.9715137,0.28313253,0.490740741,28876.875,3.1,0.125,300,[],[],0,0
238,239,I,342,122.43,8.039,61.79,53.95,1.74,6055.200001,37.47,40.64,0.58,672.800001,10232.74127,1.185430464,1.416216216,47.31738506,0.088050314,0.089552239,300,[],[],0,0
245,246,I,291,121.63,7.992,59.45,55.11,0.93,1729.800001,41.99,,,300,3562.362403,0.364238411,1.027027027,330.000001,0.1,0,300,[],[],0,0
256,257,I,86,123.03,9.002,56.53,49.67,,300,38.65,18.95,,300,17660.21332,2.298013245,0.778378378,9940.366292,0.9296875,1.564971751,107.025001,"[9.193, 8.413, 8.546, 8.978]","[0.012, 0.021, 0.011, 0.187]",0,0
303,304,I,30,119.13,6.815,64.34,59.32,0,1.00E-06,37.6,,0.8,1280.000001,126.1100115,0.204819277,0.009259259,3405.563819,1.01744186,0,325.275001,"[7.645, 6.857]","[0.029, 0.328]",0,0
339,340,I,334,121.53,7.954,66.29,59.07,0.07,9.800001,37.2,28.56,,300,3213.202543,0.969879518,0.361111111,2216.470457,0.219047619,0.831168831,1100.262001,"[7.758, 8.446, 7.563, 8.764, 6.912]","[0.012, 0.057, 0.16, 0.375, 0.444]",0,0
403,404,I,256,118.93,8.189,55.73,57.14,2.21,9768.200001,37.26,27.21,2.13,9073.800001,17423.91716,2.360576923,0.485436893,9524.611959,0.407608696,1.734567901,1602.477001,"[6.893, 9.188, 7.833, 7.983, 7.404, 7.644, 8.19]","[0.65, 0.202, 0.171, 0.12, 0.139, 0.018, 0.087]",0,0
407,408,I,78,124.93,8.685,65.63,59.16,0.48,460.800001,37.24,18.76,0.59,696.200001,1297.616654,0.572289157,0.324074074,40928.56302,3.6875,0.212598425,27.648001,[8.675],[0.096],0,0
429,430,I,102,125.23,8.513,61.34,54.06,1.6,5120.000001,36.13,32.18,2.34,10951.2,3547.121944,0.336538462,1.033980583,5484.573515,0.979381443,0.93220339,3.468001,[8.561],[0.034],0,0
3,4,K,33,117.63,7.039,61.65,64.73,0.3,180.000001,33.08,31.08,0.87,1513.800001,25982.54931,2.916666667,0.392307692,4752.663957,0.952380952,0.822916667,300,[],[],0,0
17,18,K,34,117.83,7.039,55.41,64.12,,300,32.36,31.49,2.58,13312.8,6331.877283,0.4,1.396648045,1127.837421,0.468253968,0.395833333,1723.200001,"[8.734, 8.179, 7.859, 7.49, 7.693, 7.034]","[0.039, 0.029, 0.122, 0.247, 0.044, 0.703]",0,0
32,33,K,301,121.83,7.831,61.05,62.59,1.31,3432.200001,32.4,28.23,0.47,441.800001,7993.999071,1.630252101,0.083333333,13771.8465,1.891719745,1.005988024,300,[],[],0,0
43,44,K,37,125.33,7.673,56.79,64.85,0.51,520.200001,32.71,29.37,,300,175.6262337,0.216666667,0.107692308,33604.55607,3.331210191,0.323353293,611.946001,"[8.397, 7.88, 7.749, 7.69]","[0.089, 0.136, 0.267, 0.326]",0,0
76,77,K,36,125.63,7.62,53.56,56.23,0.91,1656.200001,35.15,37.78,2.53,12801.8,6386.242862,1.45,0.162011173,8804.991154,0.20754717,1.700564972,181.089001,"[8.098, 7.796, 8.752, 7.636]","[0.003, 0.079, 0.188, 0.137]",0,0
90,91,K,387,123.13,8.384,55.91,62.24,0,1.00E-06,33.17,29.45,0.55,605.000001,861.3680703,0.272222222,0.461538462,10218.90335,0.195555556,1.835227273,300,[],[],0,0
95,96,K,418,115.33,8.916,53.86,,0.81,1312.200001,33.04,35.95,0.46,423.200001,6365.833882,1.411111111,0.361538462,4072.339524,0,1.121359223,300,[],[],0,0
110,111,K,109,121.83,8.821,59.77,56.33,0.42,352.800001,32.22,40.39,1.64,5379.200001,943.6495196,0.554621849,0.083333333,7057.215047,1.234693878,0.90990991,108.156001,"[7.416, 8.2, 7.104, 8.817]","[0.18, 0.006, 0.004, 0.06]",0,0
129,130,K,243,118.63,7.698,59.07,51.82,0.18,64.800001,32.79,18.63,,300,6686.750494,1.483333333,0.169230769,997.3358751,0.482954545,0.31496063,15.579001,"[7.9, 7.687]","[0.003, 0.072]",0,0
131,132,K,146,118.53,8.41,53.56,56.05,0.57,649.800001,33.14,26.81,,300,8044.893711,1.577777778,0.438461538,11881.24042,0.184782609,1.981481481,955.881001,"[8.079, 9.913, 9.412, 8.421]","[0.051, 0.0, 0.501, 0.255]",0,0
163,164,K,471,,,,,,300,,,,300,600.000001,0,0,600.000001,0,0,300,[],[],0,0
180,181,K,456,,,,,,300,,,,300,600.000001,0,0,600.000001,0,0,300,[],[],0,0
244,245,K,133,116.33,8.804,54.04,57.66,1.07,2289.800001,31.95,,,300,10751.38512,0.97,1.625698324,3392.302314,1.015267176,0,9.939001,"[9.19, 8.478, 8.839]","[0.015, 0.028, 0.048]",0,0
326,327,K,84,123.53,9.025,55.44,55.56,0.06,7.200001,32.16,41.15,0.97,1881.800001,1151.735701,0.533333333,0.315384615,1010.120503,0.396648045,0.423529412,96.123001,[9.035],[0.179],0,0
377,378,K,361,118.93,8.249,59.33,65.67,0.13,33.800001,30.65,25.93,,300,7189.983692,0.18487395,1.537037037,43267.48128,2.907216495,2.443478261,300,[],[],0,0
378,379,K,40,127.83,7.955,60.81,59.2,0.21,88.200001,32.81,,0.66,871.200001,6765.453096,1.428571429,0.462962963,317.1598061,0.075630252,0,35.478001,"[8.623, 7.947]","[0.099, 0.045]",0,0
391,392,K,328,121.23,8.209,56.06,63.2,0.71,1008.200001,31.56,31.16,0.32,204.800001,1917.86544,0.188888889,0.776923077,3399.084788,0.622222222,0.863636364,300,[],[],0,0
438,439,K,355,117.53,7.575,54.09,57.13,,300,32.33,18.59,,300,5043.081855,1.283333333,0.184615385,103116.0047,0.650273224,5.826589595,300,[],[],0,0
447,448,K,143,117.73,8.468,53.77,55.77,0.84,1411.200001,32.51,31.2,1.23,3025.800001,6410.927571,1.461111111,0.046153846,1932.297191,0.336956522,0.728395062,311.091001,"[8.843, 8.48]","[0.319, 0.044]",0,0
473,474,K,300,121.43,7.87,53.02,51.92,,300,33.24,18.25,,300,11375.01205,1.877777778,0.515384615,1676.402865,0.426136364,0.614173228,113.079001,"[8.398, 7.856]","[0.107, 0.162]",0,0
18,19,L,343,122.63,8.208,55.18,,0.73,1065.800001,44.45,34.94,,300,3823.359734,1.042016807,0.434343434,305.9923233,0,0.044692737,300,[],[],0,0
30,31,L,280,120.63,8.103,57.45,58.74,,300,40.67,28.34,,300,1322.842743,0.091836735,0.657657658,4595.617025,0.533333333,1.116883117,30.855001,"[7.674, 8.099]","[0.022, 0.099]",0,0
39,40,L,56,128.03,9.364,60.48,62.06,2.55,13005,40.65,35.54,0.51,520.200001,28369.61286,3,0.675675676,17313.8765,0.809815951,2.261744966,18902.958,"[5.268, 9.342]","[2.405, 0.719]",0,0
41,42,L,462,,,,,,300,,,,300,600.000001,0,0,600.000001,0,0,300,[],[],0,0
47,48,L,314,122.23,8.294,55.42,62.76,1.56,4867.200001,40.86,29.38,0.47,441.800001,1363.131325,0.318435754,0.594117647,11204.77215,1.922330097,0.198924731,300,[],[],0,0
51,52,L,397,104.83,7.188,45.71,56.17,1.04,2163.200001,,39.98,,300,78518.15799,5.106145251,0,6150.458872,1.308176101,0.582089552,300,[],[],0,0
59,60,L,75,126.63,8.665,55.39,54.07,0.73,1065.800001,40.47,41.02,0.44,387.200001,2307.627264,0.301675978,0.823529412,113.4174147,0.012578616,0.194029851,761.661001,"[9.059, 7.802, 8.833, 7.653, 8.678]","[0.357, 0.123, 0.19, 0.272, 0.035]",0,0
60,61,L,8,121.43,6.676,52.86,56.12,0.61,744.200001,41.46,40.03,,300,3882.341347,1.111731844,0.241176471,5024.622528,0.709497207,1.082352941,820.587001,[6.665],[0.523],0,0
67,68,L,229,117.13,7.449,56.17,61.61,,300,41.06,40.73,,300,37353.54899,1.87394958,2.98989899,3769.544105,1.066225166,0.345945946,300,[],[],0,0
78,79,L,326,122.43,8.314,52.53,57.69,1.45,4205.000001,40.79,37.9,0.36,259.200001,6250.338934,1.296089385,0.635294118,492.6645721,0.014018692,0.405,300,[],[],0,0
82,83,L,17,122.93,7.499,52.79,55.9,0.14,39.200001,43.06,31.06,0.92,1692.800001,5622.645559,0.966386555,0.96969697,3681.145579,0.846666667,0.714285714,2893.578001,"[10.027, 7.363, 7.5]","[0.977, 0.086, 0.051]",0,0
111,112,L,63,127.93,8.757,56.7,60.19,0.35,245.000001,41.73,33.86,1.56,4867.200001,2469.238683,0.857142857,0.297297297,8650.281483,0.907563025,1.435185185,159.858001,"[7.839, 7.945, 9.113, 8.748]","[0.016, 0.09, 0.199, 0.073]",0,0
115,116,L,94,125.73,8.394,59.17,61.53,,300,40.31,39.8,,300,11192.22028,1.663265306,0.981981982,7851.489978,0.26744186,1.595505618,304.062001,"[8.435, 7.544, 8.402]","[0.241, 0.003, 0.208]",0,0
123,124,L,158,114.43,8.604,55.22,55.37,,300,39.46,18.03,,300,25976.86116,2.367346939,1.747747748,1031.240046,0.542553191,0.222222222,361.611001,"[7.114, 7.973, 8.587]","[0.235, 0.076, 0.244]",0,0
139,140,L,150,119.53,8.486,54.4,62.89,0.87,1513.800001,40.77,31.5,0.55,605.000001,1445.656188,0.251396648,0.647058824,1219.63651,0.507936508,0.385416667,421.464001,"[7.662, 8.48]","[0.338, 0.162]",0,0
172,173,L,293,120.93,8.003,52.45,61.5,1.34,3591.200001,43.13,,1.34,3591.200001,7127.81806,1.25210084,0.898989899,464.1530737,0.233918129,0,488.901001,"[8.996, 8.87, 8.499, 9.416, 8.002, 8.018, 8.002]","[0.035, 0.086, 0.077, 0.385, 0.008, 0.008, 0.008]",0,0
205,206,L,260,120.03,8.308,54.59,52.68,0.9,1620.000001,40.35,38.61,0.04,3.200001,2461.633006,0.145251397,0.894117647,310.3355705,0.181818182,0.265306122,43.719001,"[8.074, 7.93, 8.309]","[0.077, 0.088, 0.03]",0,0
258,259,L,116,122.83,8.535,54.96,62.58,0.92,1692.800001,40.78,,0.99,1960.200001,1244.651035,0.061452514,0.641176471,388.8873969,0.172131148,0,300,[],[],0,0
267,268,L,48,131.63,9.156,53.35,52.17,1.64,5379.200001,41.97,36.65,,300,2117.056445,0.837988827,0.058823529,12610.95425,1.648044693,1.219672131,331.905001,"[8.76, 8.207, 8.892, 9.153]","[0.065, 0.001, 0.197, 0.26]",0,0
270,271,L,136,117.33,8.695,57.31,56.37,0.02,0.800001,40.02,40.42,,300,4802.204935,0.234693878,1.243243243,1362.006123,0.67,0.071428571,4954.518001,"[9.06, 7.858, 7.2, 5.769, 8.675]","[0.096, 0.045, 0.161, 1.27, 0.038]",0,0
279,280,L,49,132.43,9.252,53.06,61.74,1.01,2040.200001,39.63,33.21,0.74,1095.200001,8208.581316,1,1.317647059,1571.671194,0.641509434,0.335195531,217.545001,"[7.586, 8.541, 8.268, 7.386, 8.665, 9.249]","[0.066, 0.221, 0.06, 0.078, 0.097, 0.015]",0,0
300,301,L,474,,,,,,300,,,,300,600.000001,0,0,600.000001,0,0,300,[],[],0,0
304,305,L,420,123.13,9.606,58.61,64.34,0.66,871.200001,39.21,38.4,2.12,8988.800001,15254.18942,1.091836735,1.972972973,1813.35281,0.204819277,0.75,300,[],[],0,0
311,312,L,297,120.33,7.933,55.39,51.99,0.23,105.800001,40.49,15.63,1.46,4263.200001,16455.60974,2.193877551,0.81981982,45891.86074,3.053191489,2.444444444,300,[],[],0,0
325,326,L,124,118.03,9.387,54.03,55.41,1.53,4681.800001,40.26,61.96,0.89,1584.200001,3320.329612,0.458100559,0.947058824,15376.70172,1.651685393,1.548387097,1164.669001,"[8.628, 9.385, 9.559, 8.814]","[0.039, 0.343, 0.517, 0.042]",0,0
333,334,L,46,131.53,8.925,56.68,63.5,0.41,336.200001,40.71,31.97,,300,3469.527703,0.87755102,0.621621622,11114.45042,1.769784173,0.756756757,11.532001,[8.918],[0.062],0,0
348,349,L,410,117.23,7.502,57.37,61.59,0.77,1185.800001,39.86,,,300,5864.806175,0.173469388,1.387387387,2239.84483,0.804123711,0,80.577001,"[7.926, 8.778, 8.247, 7.511]","[0.059, 0.032, 0.085, 0.123]",0,0
375,376,L,239,118.53,8.058,53.88,52.42,0.65,845.000001,40.41,18.3,,300,44230.22852,3.734693878,0.891891892,20215.98616,2.595744681,0.027777778,71.151001,"[7.748, 8.056]","[0.154, 0.001]",0,0
387,388,L,360,129.23,7.83,56.32,62.73,,300,42.28,30.96,,300,6534.874024,1.244897959,0.792792793,17308.70322,2.323741007,0.608108108,300,[],[],0,0
395,396,L,26,118.23,7.35,54.67,45.09,,300,41.66,,,300,76.11467954,0.100558659,0.123529412,436.9712918,0.213675214,0,1818.015001,"[9.405, 7.827, 8.857, 7.336]","[0.674, 0.333, 0.126, 0.158]",0,0
404,405,L,217,122.73,8.103,49,53.52,0.62,768.800001,41.1,35.13,,300,32658.00638,3.268156425,0.452941176,42078.25526,3.423076923,1.519417476,843.564001,"[7.052, 7.806, 7.625, 8.28, 8.092, 8.081]","[0.491, 0.144, 0.037, 0.091, 0.075, 0.064]",0,0
408,409,L,145,118.33,8.432,57.79,66.11,0.17,57.800001,41.39,36.65,,300,195.4746414,0.255102041,0.009009009,4498.900258,0.861445783,0.87037037,59.157001,"[7.959, 7.761, 7.555, 8.754, 8.435]","[0.026, 0.059, 0.012, 0.017, 0.123]",0,0
411,412,L,339,122.33,8.114,57.38,57.89,1.05,2205.000001,38.08,63.13,,300,26918.04801,0.163265306,2.990990991,17320.10539,2.338582677,0.551724138,300,[],[],0,0
417,418,L,82,122.23,9.193,57.1,55.7,0.38,288.800001,39.82,37.53,0.86,1479.200001,6683.15075,0.448979592,1.423423423,1348.01949,0.03030303,0.669642857,131.112001,"[8.001, 7.403, 8.19, 7.63, 7.84, 9.187]","[0.0, 0.003, 0.189, 0.087, 0.018, 0.009]",0,0
433,434,L,42,129.43,8.027,52.1,60.9,,300,42.91,68.53,,300,8203.539679,1.536312849,0.611764706,3026.461552,0.338235294,0.945736434,300,[],[],0,0
454,455,L,96,125.23,8.309,53.9,62.48,,300,40.3,31.68,,300,3403.730804,0.530726257,0.923529412,2200.846355,0.833333333,0.197916667,103.089001,"[8.323, 8.182, 7.904, 7.999, 8.286, 8.281]","[0.028, 0.113, 0.042, 0.137, 0.009, 0.014]",0,0
458,459,L,381,120.33,7.941,58.61,54.08,1.15,2645.000001,,,,300,13537.04004,2.100558659,0,300.1186672,0.006289308,0,300,[],[],0,0
465,466,L,277,122.03,8.261,53.94,53.98,2.37,11233.8,43.32,32.91,0.77,1185.800001,2957.876285,0.508379888,0.852941176,14694.03086,1.309782609,1.783950617,47.628001,[8.258],[0.126],0,0
469,470,L,198,123.83,7.972,54.88,55.77,0.51,520.200001,41.3,29.06,2.45,12005,338.1091073,0.016759777,0.335294118,178.3499229,0.092896175,0.225433526,48.411001,"[8.326, 8.196, 7.999]","[0.035, 0.064, 0.104]",0,0
470,471,L,67,126.43,8.821,54.05,54.37,0.81,1312.200001,40.79,43.75,0.33,217.800001,1810.028082,0.446927374,0.635294118,3884.650941,0.268156425,1.105882353,1573.110001,"[8.43, 9.026, 6.898, 7.818, 8.821]","[0.004, 0.6, 0.075, 0.052, 0.395]",0,0
141,142,M,135,116.13,8.642,53.97,57.53,0.98,1920.800001,33.45,27.6,1.45,4205.000001,1325.459599,0.642458101,0.170491803,5148.646084,0.616504854,1.155913978,1842.993001,"[9.245, 8.555, 8.669]","[0.759, 0.069, 0.183]",0,0
150,151,M,366,125.83,7.793,56.53,44.76,,300,32.87,,,300,1862.619735,0.787709497,0.019672131,1037.234277,0.495726496,0,300,[],[],0,0
176,177,M,35,115.63,6.836,53.35,56.43,0.96,1843.200001,32.19,42.8,1.7,5780.000001,3109.933104,0.988826816,0.242622951,1500.236321,0.076335878,0.703030303,300,[],[],0,0
181,182,M,404,111.43,6.973,63.11,63.07,,300,15.47,29.27,,300,158086.3066,4.463687151,5.724590164,60524.78687,3.705555556,2.538461538,300,[],[],0,0
192,193,M,412,125.53,7.557,58.57,44.54,1.99,7920.200001,39.41,,1.61,5184.200001,24685.96519,1.927374302,2.124590164,1702.586019,0.683760684,0,300,[],[],0,0
195,196,M,219,123.33,8.208,53.89,54.01,0.12,28.800001,42.11,33.67,1.68,5644.800001,30483.77729,0.143835616,3.18442623,4325.894948,1,0.664804469,40.995001,"[8.977, 8.634, 7.624, 8.189]","[0.109, 0.034, 0.012, 0.022]",0,0
266,267,M,80,122.03,9.413,51.6,58.51,0.57,649.800001,38.41,42.01,1.76,6195.200001,21285.75846,1.966480447,1.796721311,8458.76146,1.664122137,0.224242424,200.055001,"[8.431, 9.414]","[0.011, 0.258]",0,0
369,370,M,240,118.33,7.94,59.5,64.17,2.62,13728.8,30.48,30.77,0.96,1843.200001,2709.612428,0.63253012,0.709302326,5768.357087,1.336633663,0.369047619,1203.534001,"[6.322, 8.172, 6.998, 7.385, 8.291, 7.933]","[0.36, 0.323, 0.316, 0.116, 0.204, 0.111]",0,0
379,380,M,68,127.43,8.722,57.92,61.02,1.13,2553.800001,30.83,32.15,0.73,1065.800001,1073.356884,0.319277108,0.505813953,7794.32325,1.605042017,0.148148148,626.547001,[8.706],[0.457],0,0
452,453,M,9,121.83,6.87,49.5,59.27,,300,29.84,63.08,,300,32651.68977,3.139664804,1.013114754,2050.113235,0.516853933,0.64516129,1363.443001,"[8.493, 8.712, 6.885]","[0.013, 0.006, 0.674]",0,0
70,71,N,261,119.83,8.221,50.95,44.68,,300,36.08,,,300,12167.62818,1.391608392,1.455782313,1254.635109,0.564102564,0,15852.27,"[7.089, 7.896, 7.325, 8.224, 7.415, 10.833, 7.768]","[0.385, 0.001, 0.149, 0.002, 0.059, 2.257, 0.127]",0,0
79,80,N,245,118.93,7.875,52.69,53.98,2.56,13107.2,38.63,40.43,0.55,605.000001,2816.104236,0.177966102,0.952380952,2861.211699,0.48603352,0.847058824,300,[],[],0,0
93,94,N,132,117.03,8.827,44.89,58.29,,300,,61.58,,300,95369.44105,5.629370629,0,10324.68858,0.033707865,1.85483871,377.532001,"[9.42, 7.334, 8.854]","[0.32, 0.14, 0.062]",0,0
112,113,N,65,126.93,8.914,55.65,56.35,0.52,540.800001,36.96,40.17,0.25,125.000001,4168.316203,0.02020202,1.178571429,8107.180127,1.214285714,1.108108108,54.051001,"[8.382, 8.491, 8.913]","[0.012, 0.097, 0.092]",0,0
155,156,N,406,114.73,7.782,,62.98,,300,,44.43,,300,600.000001,0,0,42663.26502,2.457943925,2.86,300,[],[],0,0
169,170,N,251,117.93,8.262,52.69,59.94,1.39,3864.200001,39.91,38.07,0.28,156.800001,322.1091075,0.177966102,0.275132275,3535.691572,1.037383178,0.32,8878.533001,"[5.263, 8.581, 10.402, 8.239]","[1.039, 0.005, 1.371, 0.018]",0,0
174,175,N,209,123.33,8.412,52.3,54.19,1.18,2784.800001,42.14,43.8,0.54,583.200001,2525.58984,0.152542373,0.904761905,280.5540527,0.210084034,0.222222222,490.365001,"[9.432, 8.982, 8.014, 8.392]","[0.403, 0.022, 0.011, 0.021]",0,0
204,205,N,101,125.03,8.564,52.24,54.54,0.44,387.200001,40.26,29.54,1.65,5445.000001,6496.454229,0.48951049,1.387755102,3296.071793,1.005434783,0.296296296,259.131001,"[8.05, 8.59]","[0.101, 0.276]",0,0
271,272,N,415,122.73,8.564,54.92,57.33,0.74,1095.200001,,,,300,2021.763086,0.757575758,0,437.755103,0.214285714,0,641.778001,"[8.006, 8.244, 8.23, 7.481, 7.985, 7.788, 8.755, 7.427, 8.557, 8.557]","[0.141, 0.002, 0.016, 0.246, 0.162, 0.025, 0.06, 0.3, 0.08, 0.08]",0,0
356,357,N,378,120.53,8.22,55.07,44.75,2.51,12600.2,40.38,,0.12,28.800001,13133.22562,1.48951049,1.469387755,1062.875302,0.504273504,0,300,[],[],0,0
384,385,N,432,118.53,7.779,56.6,67.62,0.42,352.800001,38.38,68.01,,300,2671.298737,0.939393939,0.089285714,4977.027969,1.116129032,0.642857143,300,[],[],0,0
401,402,N,131,117.03,8.813,51.14,53.57,4.98,49600.8,42.5,28.88,,300,30184.91438,1.258741259,2.911564626,7160.176661,1.231958763,0.93220339,5.292001,[8.813],[0.042],0,0
416,417,N,130,117.63,8.77,55.47,59.97,0.23,105.800001,36.56,28.88,0.97,1881.800001,7197.691589,0.202020202,1.535714286,6584.271411,1.307692308,0.696202532,1618.695001,"[8.203, 7.423, 7.102, 7.965, 6.919, 7.767, 7.582, 8.326, 8.435, 9.269, 8.752, 8.762]","[0.202, 0.023, 0.298, 0.024, 0.481, 0.034, 0.151, 0.232, 0.123, 0.073, 0.194, 0.204]",0,0
2,3,P,369,123.63,8.382,,56.24,,300,,,,300,600.000001,0,0,20933.29008,2.62254902,0,300,[],[],0,0
16,17,P,444,,,,,,300,,,,300,600.000001,0,0,600.000001,0,0,300,[],[],0,0
62,63,P,450,,,,,,300,,,,300,600.000001,0,0,600.000001,0,0,300,[],[],0,0
71,72,P,461,,,,,,300,,,,300,600.000001,0,0,600.000001,0,0,300,[],[],0,0
86,87,P,455,,,,,,300,,,,300,600.000001,0,0,600.000001,0,0,300,[],[],0,0
88,89,P,470,,,,,,300,,,,300,600.000001,0,0,600.000001,0,0,300,[],[],0,0
138,139,P,452,,,,,,300,,,,300,600.000001,0,0,600.000001,0,0,300,[],[],0,0
146,147,P,464,,,,,,300,,,,300,600.000001,0,0,600.000001,0,0,300,[],[],0,0
178,179,P,441,,,,,,300,,,,300,600.000001,0,0,600.000001,0,0,300,[],[],0,0
182,183,P,436,,,,,,300,,,,300,600.000001,0,0,600.000001,0,0,300,[],[],0,0
188,189,P,465,,,,,,300,,,,300,600.000001,0,0,600.000001,0,0,300,[],[],0,0
221,222,P,449,,,,,,300,,,,300,600.000001,0,0,600.000001,0,0,300,[],[],0,0
236,237,P,463,,,,,,300,,,,300,600.000001,0,0,600.000001,0,0,300,[],[],0,0
252,253,P,467,,,,,,300,,,,300,600.000001,0,0,600.000001,0,0,300,[],[],0,0
257,258,P,460,,,,,,300,,,,300,600.000001,0,0,600.000001,0,0,300,[],[],0,0
284,285,P,466,,,,,,300,,,,300,600.000001,0,0,600.000001,0,0,300,[],[],0,0
330,331,P,440,,,,,,300,,,,300,600.000001,0,0,600.000001,0,0,300,[],[],0,0
368,369,P,451,,,,,,300,,,,300,600.000001,0,0,600.000001,0,0,300,[],[],0,0
396,397,P,443,,,,,,300,,,,300,600.000001,0,0,600.000001,0,0,300,[],[],0,0
434,435,P,473,,,,,,300,,,,300,600.000001,0,0,600.000001,0,0,300,[],[],0,0
439,440,P,459,,,,,,300,,,,300,600.000001,0,0,600.000001,0,0,300,[],[],0,0
443,444,P,438,,,,,,300,,,,300,600.000001,0,0,600.000001,0,0,300,[],[],0,0
453,454,P,453,,,,,,300,,,,300,600.000001,0,0,600.000001,0,0,300,[],[],0,0
455,456,P,446,,,,,,300,,,,300,600.000001,0,0,600.000001,0,0,300,[],[],0,0
474,475,P,437,,,,,,300,,,,300,600.000001,0,0,600.000001,0,0,300,[],[],0,0
9,10,Q,50,128.43,8.822,57.84,59.08,1.49,4440.200001,27.34,38.76,1.37,3753.800001,6355.772358,0.740384615,1.253164557,4562.686205,1.156976744,0.426966292,15.987001,[8.856],[0.073],0,0
10,11,Q,228,116.73,7.51,58.65,59.33,2.13,9073.800001,28.09,25.97,0.65,845.000001,281.3165762,0.038461538,0.303797468,28210.50241,0.692307692,2.987341772,45.357001,"[8.243, 7.912, 8.57, 7.785, 7.505]","[0.001, 0.059, 0.07, 0.031, 0.076]",0,0
12,13,Q,29,119.23,6.914,58.06,59.64,0.75,1125.000001,27.88,27.75,0.57,649.800001,1812.436463,0.528846154,0.569620253,2344.529528,0.201030928,0.860869565,1544.385001,"[7.766, 8.319, 8.738, 9.27, 6.92]","[0.205, 0.077, 0.084, 0.448, 0.509]",0,0
35,36,Q,166,116.63,8,57.14,64.37,0.5,500.000001,27.47,31.03,0.06,7.200001,9548.82005,1.413461538,1.088607595,4716.506326,1.143884892,0.513513514,502.425001,"[8.006, 7.051, 7.585]","[0.097, 0.355, 0.179]",0,0
55,56,Q,161,113.93,8.246,57.01,61.28,1.05,2205.000001,29.57,38.38,0.02,0.800001,1837.541902,0.584699454,0.520231214,294.2037055,0.307692308,0.058252427,10.443001,[8.261],[0.059],0,0
116,117,Q,472,,,,,,300,,,,300,600.000001,0,0,600.000001,0,0,300,[],[],0,0
157,158,Q,268,120.53,8.362,55.52,44.94,0.14,39.200001,28.55,,0.93,1729.800001,172.4561989,0.229508197,0.069364162,650.6465055,0.341880342,0,300,[],[],0,0
179,180,Q,106,120.63,8.968,59.64,64.03,,300,24.16,30.92,,300,32652.08082,2.021857923,2.606936416,3410.236709,0.396825397,0.989583333,1037.160001,"[8.416, 7.85, 8.089, 7.64, 9.187, 8.968]","[0.463, 0.025, 0.136, 0.235, 0.238, 0.019]",0,0
275,276,Q,11,122.13,7.115,54.76,54.08,0.71,1008.200001,31.59,31.08,0.36,259.200001,395.0041954,0.309352518,0.189655172,1100.413002,0.411428571,0.444444444,74.958001,"[8.587, 7.971, 7.121]","[0.137, 0.021, 0.076]",0,0
283,284,Q,4,120.23,6.392,56.7,58.11,,300,29.35,62.91,,300,980.9205754,0.415300546,0.393063584,1890.321608,0.134831461,0.782258065,1487.931001,"[8.486, 6.438]","[0.136, 0.691]",0,0
305,306,Q,188,120.23,7.522,58.62,57.95,0.69,952.200001,26.92,41.33,0.77,1185.800001,9556.918932,0.009615385,1.784810127,537.0245617,0.418367347,0.063063063,218.307001,"[7.331, 6.673, 7.854, 7.533]","[0.018, 0.142, 0.18, 0.141]",0,0
308,309,Q,435,,,,,,300,,,,300,600.000001,0,0,600.000001,0,0,300,[],[],0,0
335,336,Q,24,118.53,7.403,58.7,58.81,1.71,5848.200001,28.85,31.61,0.93,1729.800001,1322.258417,0.086538462,0.658227848,1450.952568,0.25210084,0.648148148,397.239001,"[8.56, 8.253, 7.78, 7.403]","[0.192, 0.299, 0.078, 0.008]",0,0
350,351,Q,60,128.63,8.746,57.52,57.27,0.3,180.000001,28.46,29.74,0.8,1280.000001,3376.632692,1.048076923,0.164556962,6786.561846,1.47107438,0.313253012,217.155001,"[7.49, 7.148, 8.733]","[0.012, 0.24, 0.121]",0,0
354,355,Q,89,124.23,8.854,55.93,56.07,0.1,20.000001,30.64,41.19,1.31,3432.200001,3890.196168,0.005464481,1.138728324,3073.979486,0.439393939,0.911917098,210.966001,"[7.803, 6.956, 8.863]","[0.053, 0.232, 0.117]",0,0
367,368,Q,187,112.53,7.501,62.07,62.11,,300,27.76,27.82,,300,34767.02043,3.326923077,0.721518987,3422.057228,0.405405405,0.988095238,221.190001,"[6.831, 7.515]","[0.149, 0.227]",0,0
371,372,Q,72,126.63,8.59,56.82,52.45,0.02,0.800001,27.86,17.88,1.23,3025.800001,9948.96075,1.721153846,0.594936709,20110.87324,2.563829787,0.361111111,4944.243001,"[7.553, 9.229, 8.877, 7.092, 6.609, 8.346, 9.507, 7.992, 8.597]","[0.052, 0.411, 0.059, 0.409, 0.892, 0.149, 0.689, 0.052, 0.102]",0,0
399,400,Q,47,130.73,8.986,54.99,55.4,0.05,5.000001,30.58,28.64,0.73,1065.800001,4465.228744,0.519125683,1.104046243,3045.427087,0.538043478,0.851851852,195.873001,"[8.78, 8.267, 8.01, 8.389, 8.987]","[0.033, 0.006, 0.179, 0.043, 0.174]",0,0
415,416,Q,442,,,,,,300,,,,300,600.000001,0,0,600.000001,0,0,300,[],[],0,0
437,438,Q,411,117.73,7.944,55.65,,1.48,4380.800001,,,,300,375.3381717,0.158469945,0,600.000001,0,0,300,[],[],0,0
468,469,Q,279,120.33,8.132,55.55,45.17,0.22,96.800001,28.55,,0.51,520.200001,150.6878571,0.213114754,0.069364162,363.3355259,0.145299145,0,120.483001,"[8.332, 7.864, 8.624, 8.496, 8.125]","[0.041, 0.108, 0.072, 0.056, 0.136]",0,0
21,22,R,55,128.93,9.311,52.37,53.41,3.42,23392.8,29.41,43.53,0.31,192.200001,11474.40985,1.850515464,0.632768362,1330.010102,0.445378151,0.494949495,94.314001,"[8.605, 8.829, 9.311]","[0.163, 0.03, 0.063]",0,0
49,50,R,213,124.03,8.179,54.49,56.26,0.4,320.000001,28.69,37.9,0.96,1843.200001,4964.453439,0.757731959,1.039548023,2239.180649,0.343434343,0.792746114,310.875001,"[8.691, 8.142]","[0.32, 0.035]",0,0
65,66,R,317,122.83,8.371,52.5,56.12,0.74,1095.200001,31.98,64.52,0.51,520.200001,6179.981308,1.42,0.208791209,3569.89591,0.918918919,0.587837838,300,[],[],0,0
81,82,R,288,121.83,8.095,,61.69,,300,31.95,64,0.89,1584.200001,452.2461065,0,0.225274725,31699.01914,0.34502924,3.232227488,300,[],[],0,0
165,166,R,19,120.83,7.389,57.32,60.63,0.34,231.200001,29.22,61.62,,300,3117.63482,0.701030928,0.740112994,12727.11001,0.181102362,2.051724138,16.110001,"[6.316, 7.92, 7.011, 7.397]","[0.014, 0.039, 0.017, 0.058]",0,0
208,209,R,276,121.73,8.246,56.59,54.23,0.55,605.000001,29.33,40.52,0.12,28.800001,1695.286728,0.324742268,0.677966102,119.4938163,0.088050314,0.179104478,300,[],[],0,0
285,286,R,303,122.33,7.875,54.12,62.9,0.93,1729.800001,33.04,32.02,,300,765.5900022,0.34,0.373626374,665.7344265,0.090163934,0.462365591,1656.042001,"[8.277, 7.576, 7.187, 7.875]","[0.1, 0.582, 0.351, 0.283]",0,0
291,292,R,419,119.63,9.031,55.6,55.12,1.88,7068.800001,29.12,,1.02,2080.800001,2007.068633,0.18556701,0.796610169,400.3102051,0.182857143,0,300,[],[],0,0
306,307,R,88,123.93,8.86,59,59.31,,300,30.88,26.15,,300,3377.455306,0.041322314,1.060240964,24203.51359,0.673076923,2.759493671,300,[],[],0,0
349,350,R,302,122.23,7.816,57.55,58.14,0.28,156.800001,,,,300,4910.340825,1.239669421,0,1424.531446,0.612244898,0,14.556001,"[7.921, 7.812]","[0.054, 0.044]",0,0
357,358,R,368,121.43,8.31,57.85,52.56,0.35,245.000001,32.23,40.5,0.74,1095.200001,24606.44626,0.991735537,2.686746988,7428.837021,0.265734266,1.551020408,940.989001,"[7.398, 8.657, 7.067, 8.322, 7.639, 7.986]","[0.177, 0.123, 0.508, 0.071, 0.062, 0.016]",0,0
359,360,R,454,,,,,,300,,,,300,600.000001,0,0,600.000001,0,0,300,[],[],0,0
392,393,R,14,124.43,7.494,57.3,55.35,0.98,1920.800001,29.82,31.88,0.53,561.800001,1914.004887,0.690721649,0.401129944,1865.981263,0.583333333,0.530769231,728.604001,"[7.865, 8.723, 7.685, 8.2, 7.037, 7.155, 7.491]","[0.152, 0.248, 0.048, 0.009, 0.313, 0.195, 0.141]",0,0
400,401,R,309,124.83,8.432,52.05,55.04,1.52,4620.800001,30.21,29.85,1.33,3537.800001,12284.34052,2.015463918,0.18079096,2121.31456,0.491803279,0.682080925,300,[],[],0,0
414,415,R,253,120.23,7.822,58.14,53.89,,300,31.19,17.59,,300,7863.597961,0.752066116,1.43373494,4383.845456,1.031914894,0.62962963,22.686001,"[7.742, 8.017, 7.818]","[0.009, 0.016, 0.085]",0,0
418,419,R,231,116.93,7.733,59.11,56.72,0.67,897.800001,30.52,40.68,0.36,259.200001,1184.905941,0.049586777,0.626506024,3362.610053,0.836734694,0.648648649,716.451001,"[8.359, 7.426, 7.083, 8.862, 7.749]","[0.358, 0.026, 0.317, 0.092, 0.032]",0,0
419,420,R,18,121.53,7.4,58.56,59.78,0.76,1155.200001,30.52,30.16,1.02,2080.800001,1669.503988,0.404958678,0.626506024,1203.415685,0.603305785,0.192771084,1107.030001,"[7.194, 7.408]","[0.523, 0.309]",0,0
424,425,R,336,122.23,7.929,59.55,51.98,1.44,4147.200001,31.79,18.04,0.52,540.800001,14465.37375,0.41322314,2.156626506,28297.21857,3.063829787,0.212962963,300,[],[],0,0
428,429,R,5,128.53,6.998,52.65,57.28,1.41,3976.200001,32.52,60.28,0.34,231.200001,12525.31712,1.706185567,1.124293785,26370.20898,0.601123596,2.903225806,3303.315001,"[7.406, 7.013]","[0.519, 0.912]",0,0
431,432,R,311,117.53,8.595,54.26,55.46,0.19,72.200001,31.61,18.49,,300,3420.565872,0.87628866,0.610169492,8081.213604,1.585227273,0.42519685,300,[],[],0,0
442,443,R,241,118.03,7.739,50.18,61.28,,300,27.54,30.39,,300,35190.99552,2.979381443,1.689265537,4703.191981,1.203883495,0.344086022,13358.352,"[8.226, 7.086, 8.867, 10.833, 7.759]","[0.005, 0.73, 0.013, 1.979, 0.057]",0,0
466,467,R,429,111.63,8.426,43.99,56.31,,300,,44.09,,300,114510.5165,6.170103093,0,7111.804019,0.815642458,1.305882353,300,[],[],0,0
0,1,S,403,110.63,7.625,65.59,65.65,,300,55.58,55.54,,300,184042.3822,4.06741573,6.693548387,300,,,300,[],[],0,0
24,25,S,12,122.93,7.278,56.72,55.48,,300,63.29,21.56,0.35,245.000001,33934.41655,3.25984252,0.827586207,29144.87881,0.659574468,3.046296296,9.420001,"[8.849, 7.201]","[0.002, 0.056]",0,0
25,26,S,273,121.93,8.324,58.79,,2.8,15680,,62.94,,300,483.3101891,0.247191011,0,450.7134374,0,0.224137931,300,[],[],0,0
27,28,S,408,113.13,7.22,62.36,62.26,4.29,36808.2,61.41,28.84,1.89,7144.200001,21664.19981,1.181102362,2.413793103,14406.38433,0.204444444,2.181818182,300,[],[],0,0
64,65,S,323,122.33,8.177,54.03,60.72,2.09,8736.200001,,,,300,23850.28001,2.801801802,0,600.000001,0,0,300,[],[],0,0
92,93,S,393,113.93,7.753,59.69,46.89,1.4,3920.000001,,,,300,2000.164122,0.752808989,0,5565.17642,1.324786325,0,1164.915001,"[6.865, 7.606]","[0.609, 0.132]",0,0
142,143,S,371,123.43,7.903,59.56,54.95,1.81,6552.200001,64.13,32,0.93,1729.800001,1508.226587,0.679775281,0.201612903,305.9841017,0.094972067,0.304918033,300,[],[],0,0
152,153,S,167,115.83,7.902,58.3,44.88,1.12,2508.800001,64.35,,,300,433.3634843,0.028089888,0.379032258,763.7300032,0.393162393,0,300,[],[],0,0
153,154,S,148,119.03,8.671,59.04,59.42,0,1.00E-06,63.65,,,300,554.0081543,0.387640449,0.185483871,1384.048732,0.601123596,0,250.563001,[8.657],[0.289],0,0
198,199,S,222,122.53,8.39,56.19,62.33,0.83,1377.800001,64.59,32.75,3.32,22044.8,3074.019967,0.855855856,0.540540541,4127.973454,1.012578616,0.592178771,300,[],[],0,0
217,218,S,160,112.63,8.637,60.14,55.6,0.65,845.000001,61.66,42.57,1.12,2508.800001,12649.56738,1.005617978,1.790322581,4127.621689,0.603773585,1.005649718,182.991001,"[9.406, 8.614]","[0.234, 0.079]",0,0
229,230,S,237,116.93,8.24,58.86,53.91,0.89,1584.200001,62.99,40.23,0.03,1.800001,1791.736182,0.286516854,0.717741935,507.7617256,0.113207547,0.395522388,0.675001,[8.24],[0.015],0,0
246,247,S,383,122.03,7.828,53.86,58.52,0.87,1513.800001,63.97,,0.98,1920.800001,19104.39746,2.52247191,0.072580645,3181.978862,0.98013245,0,300,[],[],0,0
282,283,S,399,113.03,7.953,58.91,43.5,0.8,1280.000001,63.16,,0.25,125.000001,1308.378617,0.314606742,0.580645161,7719.680036,1.572649573,0,300,[],[],0,0
287,288,S,156,113.13,8.931,57.53,57.91,2.11,8904.200001,68.16,36.45,,300,10879.2458,0.351351351,1.871621622,34045.73424,1.20610687,3.145454545,219.762001,"[8.182, 8.062, 7.084, 8.388, 8.734, 8.933]","[0.02, 0.091, 0.248, 0.024, 0.042, 0.027]",0,0
288,289,S,428,119.53,7.971,54.24,55.42,,300,65.85,,,300,20767.04407,2.612612613,0.310810811,7503.311421,1.54954955,0,2.523001,[7.974],[0.029],0,0
296,297,S,172,113.83,7.971,55.67,57.9,0.79,1248.200001,64.35,32.62,0.95,1805.000001,7231.652842,1.505617978,0.379032258,7715.273565,0.436893204,1.543010753,266.154001,"[7.642, 8.315, 8.678, 7.787, 7.982]","[0.2, 0.164, 0.134, 0.055, 0.029]",0,0
324,325,S,23,119.63,7.428,58.04,60.84,2.63,13833.8,63.18,32.87,1.22,2976.800001,1047.02768,0.174157303,0.564516129,581.095886,0.426666667,0.107954545,408.882001,"[7.742, 8.366, 7.94, 7.066, 8.861, 7.418]","[0.174, 0.101, 0.024, 0.256, 0.164, 0.053]",0,0
327,328,S,157,112.63,8.856,56.43,55.38,0.84,1411.200001,65.79,33.13,1.38,3808.800001,10608.24933,1.078651685,1.540322581,1520.019725,0.566666667,0.430769231,10.092001,[8.867],[0.058],0,0
410,411,S,400,112.53,7.985,57.5,55.34,0.39,304.200001,64.01,14.69,0.88,1548.800001,33840.55293,2.645669291,2.068965517,33746.24618,0.510638298,3.314814815,300,[],[],0,0
427,428,S,363,117.73,8.299,57.46,55.97,0.18,64.800001,63.32,29.41,3.04,18483.2,1361.862644,0.5,0.451612903,549.705297,0.016393443,0.427745665,300,[],[],0,0
463,464,S,170,114.73,8.079,61.46,66.99,2.16,9331.200001,62.17,30.55,1.19,2832.200001,4322.395633,0.472440945,1.103448276,5699.13766,0.741007194,1.162162162,88.170001,"[8.498, 8.294, 8.63, 7.707, 7.862, 8.088]","[0.015, 0.033, 0.001, 0.015, 0.079, 0.147]",0,0
1,2,T,434,,,,,,300,,,,300,600.000001,0,0,600.000001,0,0,300,[],[],0,0
40,41,T,159,113.73,8.486,66,57.93,,300,68.36,41.16,,300,260.0072214,0.070967742,0.285714286,615.3628931,0.397959184,0.216216216,56.274001,"[7.961, 7.548, 8.455]","[0.055, 0.102, 0.073]",0,0
61,62,T,81,121.03,9.416,59.77,52.25,,300,68.67,,,300,4490.589852,0.892156863,0.837209302,6629.390469,1.452513966,0,436.830001,"[8.389, 9.03, 9.428]","[0.008, 0.365, 0.111]",0,0
74,75,T,424,123.63,7.953,59.76,54.64,1.32,3484.800001,64.11,31.81,,300,32181.21642,0.783625731,3.180094787,11370.61201,1.546391753,1.182741117,300,[],[],0,0
80,81,T,238,116.73,8.298,62.17,55.25,0.48,460.800001,63.12,39.18,0.88,1548.800001,41126.55063,0.625730994,3.6492891,17843.92523,2.347457627,0.661375661,300,[],[],0,0
84,85,T,179,109.13,7.637,61.71,55.55,2.49,12400.2,72.66,36.53,2.27,10305.8,15276.4704,0.058823529,2.255813953,8251.83329,0.702020202,1.502590674,300,[],[],0,0
97,98,T,171,113.33,8.129,63.48,56.52,1.23,3025.800001,68.46,34.04,1.73,5985.800001,5575.043254,0.926470588,1,15202.53688,0.366336634,2.221105528,339.375001,"[6.907, 8.124]","[0.335, 0.03]",0,0
107,108,T,469,,,,,,300,,,,300,600.000001,0,0,600.000001,0,0,300,[],[],0,0
119,120,T,180,108.63,7.547,61.37,57.49,,300,69.95,29.38,,300,30872.00452,2.916129032,1.336734694,9078.49778,1.723809524,0.233766234,300,[],[],0,0
171,172,T,316,108.63,7.563,61.35,68.05,0.15,45.000001,69.41,32.38,,300,1403.782231,0.14619883,0.668246445,65672.68025,4.610062893,0.798882682,300,[],[],0,0
251,252,T,32,117.43,6.953,58.01,53.9,,300,64.2,28.58,,300,64769.0589,1.754901961,4.302325581,7864.315315,1.35326087,0.888888889,4428.042001,"[7.905, 8.421, 7.352, 6.963]","[0.087, 0.002, 0.64, 1.029]",0,0
273,274,T,380,119.63,8.147,53.83,57.04,0.12,28.800001,,18.28,,300,54524.78711,4.251461988,0,16135.61257,2.319148936,0.009259259,300,[],[],0,0
289,290,T,468,,,,,,300,,,,300,600.000001,0,0,600.000001,0,0,300,[],[],0,0
297,298,T,126,117.63,9.118,56.58,56.46,,300,65.81,63.4,,300,46079.65219,2.455882353,3.054263566,3831.775142,1.061797753,0.387096774,1109.367001,"[7.931, 8.752, 9.115]","[0.022, 0.208, 0.571]",0,0
299,300,T,181,109.33,7.185,58.2,45.81,,300,71.81,,,300,105232.9384,4.961290323,3.234693878,784.1113313,0.401709402,0,703.782001,"[7.656, 9.056, 8.08, 7.185, 7.198]","[0.018, 0.062, 0.109, 0.337, 0.324]",0,0
383,384,T,402,110.63,6.904,65.52,65.64,2.1,8820.000001,,,,300,470.9469313,0.238709677,0,458.9979825,0.230215827,0,300,[],[],0,0
405,406,T,120,120.13,8.771,66.61,49.62,0.73,1065.800001,67.95,,1.19,2832.200001,24007.37345,2.460784314,1.395348837,25910.53026,2.921787709,0,23.865001,"[8.24, 7.913, 7.515, 8.78]","[0.051, 0.059, 0.028, 0.033]",0,0
412,413,T,117,122.63,8.558,65.83,58.43,0.89,1584.200001,,,,300,304.4953184,0.038709677,0,2774.28155,0.908163265,0,300,[],[],0,0
432,433,T,391,122.13,8.354,62.28,54.07,1.38,3808.800001,69.8,,1.27,3225.800001,347.7162842,0.338235294,0.03875969,3147.353599,0.974226804,0,300,[],[],0,0
459,460,T,313,119.63,8.513,56.23,59.76,1.95,7605.000001,71.73,41.49,0.21,88.200001,27778.10007,2.62745098,1.534883721,22722.31903,2.74301676,0.223529412,478.434001,"[8.099, 7.353, 8.977, 7.889, 8.417]","[0.02, 0.369, 0.073, 0.052, 0.122]",0,0
26,27,V,66,126.53,8.851,60.61,61.59,1.65,5445.000001,30.72,68.56,1.88,7068.800001,4559.728223,0.528888889,1.113636364,52673.26491,1.820224719,3.774193548,496.206001,"[7.768, 8.216, 7.092, 8.856]","[0.4, 0.048, 0.053, 0.017]",0,0
52,53,V,140,116.43,8.397,58.14,46.75,0.87,1513.800001,32.33,,1.62,5248.800001,8056.773572,1.626666667,0.198863636,61730.66696,4.525139665,0,109.113001,"[8.796, 8.002, 8.397]","[0.131, 0.097, 0.099]",0,0
63,64,V,282,122.23,8.223,60.01,61.76,0.71,1008.200001,38.04,31.27,,300,17351.32508,0.446540881,2.363128492,7091.943028,1.404761905,0.625,2246.691001,"[10.403, 8.226]","[0.864, 0.049]",0,0
85,86,V,147,118.73,8.36,58.92,59.22,,300,28.47,70.39,,300,22080.84437,1.28,2.392045455,4787.508859,1.161764706,0.496124031,196.278001,"[7.752, 7.09, 7.419, 8.866, 8.363]","[0.115, 0.152, 0.03, 0.126, 0.111]",0,0
89,90,V,405,111.43,7.474,63.12,63.12,0.88,1548.800001,28.95,28.94,0.5,500.000001,14507.062,0.586666667,2.119318182,28263.2873,0.325396825,3.052083333,3415.515001,"[6.75, 7.389]","[1.003, 0.364]",0,0
137,138,V,341,122.23,8,59.5,51.84,,300,31.86,18.35,,300,3786.028659,1.022222222,0.465909091,1527.259678,0.471590909,0.535433071,300,[],[],0,0
160,161,V,447,,,,,,300,,,,300,600.000001,0,0,600.000001,0,0,300,[],[],0,0
170,171,V,138,117.63,8.576,66.69,54.08,1.36,3699.200001,30.03,40.19,2.35,11045,55671.93296,3.754716981,2.111731844,5564.031327,1.355932203,0.126984127,10.380001,"[7.985, 8.591]","[0.018, 0.056]",0,0
197,198,V,396,118.33,7.652,59.14,51.75,3.19,20352.2,32.91,18.54,0.16,51.200001,3720.786114,0.993710692,0.502793296,11133.80272,0.6953125,1.796610169,300,[],[],0,0
211,212,V,114,122.23,8.637,60.25,49.51,0.9,1620.000001,29.35,22.25,0.03,1.800001,18886.64596,0.295597484,2.491620112,3606.081177,1.0546875,0.299435028,11.751001,"[8.013, 8.45, 8.633]","[0.003, 0.008, 0.062]",0,0
213,214,V,390,106.33,7.494,61.63,54.14,1.08,2332.800001,39.58,22.84,1.1,2420.000001,32154.82916,0.572327044,3.223463687,20900.40615,2.5625,0.632768362,300,[],[],0,0
278,279,V,289,121.63,8.084,62.05,55.38,0.31,192.200001,32.1,29.86,1.11,2464.200001,4836.922169,0.836477987,0.955307263,4182.938292,1.164948454,0.192893401,300,[],[],0,0
292,293,V,152,120.03,8.535,59.16,53.72,1.24,3075.200001,33.33,30.14,1.4,3920.000001,4539.321093,1.173333333,0.369318182,4145.222678,1.154639175,0.220338983,153.084001,"[7.999, 8.155, 8.979, 9.252, 8.537]","[0.011, 0.004, 0.023, 0.221, 0.039]",0,0
318,319,V,257,119.13,8.258,61.7,54.43,0.67,897.800001,32.94,37.44,0.47,441.800001,71.39596825,0.044444444,0.147727273,18552.8609,0.213836478,2.47761194,1183.245001,"[7.382, 8.782, 7.6, 8.548, 9.244, 8.264]","[0.046, 0.115, 0.172, 0.081, 0.577, 0.1]",0,0
323,324,V,92,122.13,9.042,59.02,53.82,1.82,6624.800001,33.87,40.74,1,2000.000001,5951.27374,1.235555556,0.676136364,87.17595526,0.169811321,0.014925373,794.940001,"[9.426, 8.201, 8.077, 8.39, 8.836, 9.022]","[0.039, 0.19, 0.182, 0.001, 0.247, 0.365]",0,0
332,333,V,28,120.03,7.094,64.89,55.1,1.39,3864.200001,31.05,17.49,0.92,1692.800001,2487.710323,0.769784173,0.486486486,1760.378419,0.255319149,0.722222222,381.453001,"[8.756, 8.201, 7.937, 7.429, 7.103]","[0.004, 0.085, 0.235, 0.026, 0.253]",0,0
343,344,V,267,120.63,8.389,66.76,59.63,1.16,2691.200001,,28.28,,300,1293.737385,0.575539568,0,4579.004892,0.314285714,1.194805195,26.259001,"[8.083, 7.685, 7.882]","[0.026, 0.061, 0.066]",0,0
382,383,V,168,115.53,7.895,62.91,43.85,2.73,14905.8,27.41,,,300,102099.3509,2.194244604,5.405405405,37518.14815,3.522222222,0,300,[],[],0,0
386,387,V,294,121.53,7.93,59.61,51.98,3.12,19468.8,31.49,18.39,0.53,561.800001,62644.39908,4.568345324,0.108108108,28198.19593,3.063829787,0.111111111,233.199001,"[6.61, 8.21, 7.917]","[0.2, 0.193, 0.022]",0,0
390,391,V,290,121.83,8.017,62.51,56.69,0.69,952.200001,31.92,29.27,0.76,1155.200001,858.1267534,0.315555556,0.431818182,18561.11992,2.485714286,0.090909091,22.350001,"[8.007, 8.248]","[0.077, 0.039]",0,0
397,398,V,74,126.23,8.731,65.65,62.83,1.87,6993.800001,31.02,31.83,,300,11452.47953,1.711111111,0.943181818,931.1342603,0.555555556,0.041666667,1586.775001,"[6.923, 9.269, 8.321, 7.749, 7.962, 8.722]","[0.427, 0.283, 0.048, 0.399, 0.311, 0.091]",0,0
11,12,W,185,109.83,4.713,60.81,60.78,1.17,2737.800001,27.43,27.44,0.32,204.800001,4377.815651,0.402061856,1.139130435,16868.49115,2.086538462,1.126582278,300,[],[],0,0
87,88,W,254,118.63,7.914,58.15,63.7,,300,26.91,31.12,,300,14348.25362,0.424,2.145454545,1885.665422,0.134920635,0.78125,2.220001,"[7.541, 7.911]","[0.022, 0.016]",0,0
199,200,W,76,125.83,9.086,60.47,57.02,2.13,9073.800001,28.1,67.91,1.35,3645.000001,35911.88496,2.756578947,2.090909091,8732.651571,0.108108108,1.702702703,329.466001,"[7.471, 7.702, 7.933, 8.401, 9.081]","[0.181, 0.05, 0.118, 0.011, 0.246]",0,0
239,240,W,51,129.63,9.172,54.69,60.05,0.62,768.800001,33.33,38.05,1.37,3753.800001,5609.47972,1.046052632,0.880681818,3651.149082,0.033112583,1.102702703,138.519001,"[5.919, 8.301, 8.84, 9.126]","[0.172, 0.038, 0.059, 0.108]",0,0
247,248,W,155,119.03,8.415,59.37,54.73,2.21,9768.200001,30.35,64.95,1.8,6480.000001,8771.900827,1.4,0.981818182,14641.70897,2.033707865,0.862903226,300,[],[],0,0
347,348,W,210,123.73,8.332,63.5,52.57,1.91,7296.200001,31.08,31.58,,300,22018.93237,1.788659794,2.034782609,15712.30416,2.076086957,0.962962963,300,[],[],0,0
352,353,W,262,119.83,8.138,57.05,59.76,0.98,1920.800001,27.73,37.26,1.54,4743.200001,9392.674569,1.536082474,0.87826087,4763.310034,0.601226994,1.10738255,68.130001,"[8.006, 8.539, 8.173]","[0.139, 0.005, 0.058]",0,0
364,365,W,205,123.83,7.795,58.62,54.91,3.64,26499.2,28.48,41.09,0.2,80.000001,3467.355373,0.8,0.718181818,979.8562299,0.51572327,0.246268657,300,[],[],0,0
365,366,W,407,110.33,6.682,62.23,62.26,0.51,520.200001,28.3,28.28,0.82,1344.800001,4297.176533,1.134020619,0.382608696,43766.832,3.712,0.9,1039.155001,"[7.169, 6.658]","[0.073, 0.584]",0,0
376,377,W,388,115.83,8.057,65.12,54.53,0.55,605.000001,26.57,,0.64,819.200001,31333.39834,2.62371134,1.886956522,28601.02041,3.071428571,0,300,[],[],0,0
421,422,W,426,113.23,7.717,62.29,62.17,0.57,649.800001,28.92,29.06,1.11,2464.200001,4144.811864,1.164948454,0.156521739,22512.50689,2.733333333,0.181818182,300,[],[],0,0
8,9,Y,265,119.73,7.971,59.75,59.57,0.67,897.800001,37.58,38.41,1.18,2784.800001,4190.8374,0.76744186,0.898876404,1883.496151,0.717791411,0.33557047,300,[],[],0,0
15,16,Y,71,126.83,8.5,56.34,54.8,,300,40.16,30.97,,300,2824.407537,0.644859813,0.725,6914.74907,0.888888889,1.230769231,1680.186001,"[8.217, 8.496, 8.382, 7.242, 8.906]","[0.009, 0.254, 0.14, 0.187, 0.664]",0,0
75,76,Y,127,118.23,9.05,57.22,61.08,0.99,1960.200001,39.23,,1.45,4205.000001,2847.274771,0.41509434,0.881355932,300.4103837,0.011695906,0,349.956001,"[8.382, 7.703, 7.937, 9.074]","[0.022, 0.066, 0.016, 0.334]",0,0
77,78,Y,278,122.13,8.309,60.15,52.65,2.46,12103.2,38.07,37.68,0.17,57.800001,4175.376261,1.135514019,0.32,24154.63502,2.36,1.575418994,240.810001,"[8.775, 8.984, 8.281]","[0.275, 0.066, 0.017]",0,0
114,115,Y,252,118.43,8.194,61.01,54.76,0.52,540.800001,38.67,,1.13,2553.800001,322.1710118,0.034883721,0.325842697,15895.2,2.28,0,284.640001,"[9.158, 8.206]","[0.244, 0.188]",0,0
154,155,Y,382,122.33,8.021,61.2,59.04,1.78,6336.800001,,,,300,8233.269282,1.626168224,0,750.7953551,0.387640449,0,300,[],[],0,0
168,169,Y,15,123.03,7.455,58.48,49.79,1.46,4263.200001,37.72,15.47,0.35,245.000001,1113.448658,0.355140187,0.495,31606.001,1.636363636,2.803149606,939.027001,"[7.738, 8.41, 7.915, 9.39, 6.316, 6.668, 7.004, 6.829, 7.446]","[0.191, 0.069, 0.095, 0.359, 0.014, 0.326, 0.01, 0.165, 0.008]",0,0
183,184,Y,218,123.23,8.264,55.23,62.62,0.16,51.200001,41.27,31.2,,300,8976.755595,1.163551402,1.28,3026.077837,0.722222222,0.697916667,2231.043001,"[8.962, 7.613, 6.454, 8.774, 8.245]","[0.362, 0.554, 0.519, 0.174, 0.078]",0,0
189,190,Y,233,117.43,7.79,56.2,63.08,1.12,2508.800001,36.74,30.9,1.27,3225.800001,4424.169629,0.710280374,0.985,3445.478583,0.357142857,1.010416667,42.990001,"[8.239, 7.61, 7.773]","[0.1, 0.053, 0.039]",0,0
214,215,Y,337,120.73,7.794,55.35,62.71,1.37,3753.800001,41,40.68,,300,1779.620963,0.761006289,0.118644068,48889.77457,1.251572327,3.837988827,300,[],[],0,0
216,217,Y,59,127.53,9.029,55.34,57.69,0.26,135.200001,39.99,64.25,2.58,13312.8,2379.078316,0.767295597,0.451977401,2516.496227,0.495495495,0.77027027,53.295001,"[8.893, 8.677, 9.058]","[0.006, 0.04, 0.127]",0,0
302,303,Y,249,121.33,7.674,61.03,57.25,1.71,5848.200001,37.74,40.44,,300,1552.941778,0.023255814,0.719101124,140.9096949,0.21,0.053571429,558.351001,"[7.91, 9.079, 8.385, 7.706]","[0.388, 0.039, 0.014, 0.184]",0,0
358,359,Y,376,116.73,8.251,57.98,58.2,,300,39.16,31.49,,300,11986.6166,1.796511628,0.876404494,11148.45315,0.702479339,1.795180723,300,[],[],0,0