,residue number,amino acid,N,H,CA,CAPrime,CB,CBPrime,CACAPrime,CBCBPrime,CACBExp,CACBExpPrime,NOESY,NOESYSubWeights,NOESYDelH
0,1,S,116.13000000000001,7.278,43.32,65.84,,15.91,300.0,300.0,142896.19997575064,300.0,300.0,[],[]
1,2,T,,,,,,,300.0,300.0,600.000001,600.000001,300.0,[],[]
2,3,P,116.23,8.45,54.3,50.84,30.22,71.03,300.0,300.0,113231.08042506788,57506.64607505439,300.0,[],[]
3,4,K,117.53,8.595,,,,,300.0,300.0,600.000001,600.000001,300.0,[],[]
4,5,D,124.63000000000001,6.968999999999999,53.5,61.35,39.98,33.95,300.0,300.0,953.0411708902251,17378.72781165091,2545.8040010000004,[],[]
5,6,D,,,,,,,300.0,300.0,600.000001,600.000001,300.0,[],[]
6,7,E,121.63000000000001,8.398,58.0,55.36,28.79,40.63,5.000000999999432,28.800001000000478,3632.8029844523203,5671.745154061225,300.0,[],[]
7,8,F,121.33,8.118,59.62,57.95,38.48,28.91,5.000000999999432,9.800001000000078,1110.8274206580984,3589.81278561795,300.0,[],[]
8,9,Y,119.73,7.971,59.75,59.57,37.58,38.41,0.20000099999992044,300.0,2793.8916005018314,1255.6641009358304,300.0,[],[]
9,10,Q,118.13000000000001,7.405,58.35,59.74,28.99,,2332.8000009999923,1125.000001,1520.9301404007358,1495.8491086257409,183.56400099999985,[],[]
10,11,Q,128.63,8.746,57.52,57.27,28.46,29.74,300.0,300.0,2251.0884618747714,9691.36064909063,138.3620010000004,[],[]
11,12,W,115.13000000000001,7.388,61.1,,,,288.8000009999931,300.0,908.4068455105754,600.000001,300.0,[],[]
12,13,Q,126.43,8.667,59.68,61.48,27.01,31.45,6845.00000100001,10857.800000999983,7700.7693751709685,12223.670741378288,15.226001000000013,[],[]
13,14,L,125.73,8.394,59.17,61.53,40.31,29.34,0.8000009999996818,696.2000009999913,7461.480183975736,19035.299589804355,39.73200099999971,[],[]
14,15,K,110.53,8.329,44.97,59.19,,40.9,300.0,300.0,80945.000001,6075.323920662418,300.0,[],[]
15,16,Y,121.73,8.419,54.28,,40.5,28.55,696.200001000008,72.20000099999827,6770.01226844693,19424.733728810646,300.0,[],[]
16,17,P,119.13000000000001,7.8420000000000005,61.64,53.69,31.97,40.31,4867.200001000015,1312.2000009999958,4521.701389888891,8372.715522006207,300.0,[],[]
17,18,K,121.23,8.209,56.06,63.2,31.56,31.16,627.200001000005,300.0,9002.540652040874,1231.1552235056704,300.0,[],[]
18,19,L,128.82999999999998,8.478,53.44,55.5,41.52,,5577.800001000011,300.0,13106.883043022872,780.2000010000039,13.364000999999702,[],[]
19,20,I,121.63000000000001,7.992000000000001,64.3,55.11,41.99,,13.448001000002572,300.0,18328.155933571077,2233.3380420987983,300.0,[],[]
20,21,L,124.63000000000001,7.6370000000000005,55.18,64.382,,,15015.200001000021,300.0,2471.5980519851064,17143.05425300653,2763.148001000006,[],[]
21,22,R,124.33,9.374,54.48,52.44,29.35,43.45,1620.0000010000206,520.2000009999958,2052.8808125161663,3840.735257993739,139.41000099999945,[],[]
22,23,E,121.63000000000001,8.084,62.05,55.38,,29.86,300.0,300.0,14018.820862678005,465.3365603511989,300.0,[],[]
23,24,A,,,,,,,300.0,300.0,600.000001,600.000001,300.0,[],[]
24,25,S,115.33,8.706,59.32,52.59,63.09,,300.0,300.0,3406.901654280121,11963.42236406017,300.880001,[],[]
25,26,S,,,,,,,300.0,300.0,600.000001,600.000001,300.0,[],[]
26,27,V,119.03,8.415000000000001,59.37,54.73,30.35,64.95,300.0,300.0,5838.029856371895,9761.139316911138,300.0,[],[]
27,28,S,133.73,8.362,,,,,300.0,300.0,600.000001,600.000001,300.0,[],[]
28,29,E,127.33,8.873,59.32,58.07,28.84,63.3,12.800000999999453,924.8000009999992,437.89884097676094,11079.770606438917,820.0640009999996,[],[]
29,30,E,123.03,7.652,58.1,59.24,28.36,29.52,12.800000999999453,300.0,4992.410188215363,351.951426198178,300.0,[],[]
30,31,L,123.53,9.048,56.49,58.18,40.29,,105.80000099999711,304.2000010000009,4295.918368346924,2575.5555565555446,306.99000100000006,[],[]
31,32,H,116.93,7.735,59.11,56.72,30.52,40.68,300.0,300.0,477.8866037347651,2241.740035664152,121.32800099999973,[],[]
32,33,K,,,,,,,300.0,300.0,600.000001,600.000001,300.0,[],[]
33,34,E,119.23,6.914,58.06,59.64,27.88,34.32,1e-06,300.0,8666.848073562338,7324.192532042906,298.7420010000008,[],[]
34,35,V,113.43,7.859,64.62,58.06,30.69,,1920.80000099996,39.20000100000031,3752.0557789567015,3089.297053154172,167.72800099999984,[],[]
35,36,Q,119.63000000000001,9.269,59.69,65.6,27.62,30.55,2000.000001,300.0,3772.25097731712,2835.3963301889635,146.38200099999898,[],[]
36,37,E,122.33,7.09,56.77,58.69,,,0.20000100000020463,300.0,11911.609978324208,311.8343205266267,349.9280010000012,[],[]
37,38,A,120.93,8.166,54.08,56.76,,,0.20000099999992044,300.0,1677.0937085599865,12003.582767439899,300.0,[],[]
38,39,F,126.63000000000001,8.665000000000001,55.39,54.07,40.47,22.89,1920.800000999988,5.000000999999432,23738.12012251007,38011.39558248764,187.83600100000098,[],[]
39,40,L,117.33,8.695,57.31,56.37,40.02,40.42,0.20000099999992044,300.0,3201.4699570597986,16429.37624674083,3602.422000999998,[],[]
40,41,T,120.13000000000001,8.771,66.61,57.32,,,300.0,300.0,731.5504692622254,400.7913379429394,24.052000999999777,[],[]
41,42,L,,,,,,,300.0,300.0,600.000001,600.000001,300.0,[],[]
42,43,H,122.23,8.294,62.71,62.76,,41.85,72.20000099999827,300.0,8047.251410793517,57072.56381282783,300.0,[],[]
43,44,K,122.33,7.875,54.12,62.9,31.22,18.26,3025.800001000019,871.2000010000004,5365.693623616708,106059.76780241124,295.9820009999994,[],[]
44,45,H,124.43,7.494,57.3,55.35,29.82,31.88,2928.2000009999697,480.2000010000039,1152.6395073377462,1243.9875092182758,741.9200009999986,[],[]
45,46,G,126.33,8.093,51.94,56.09,18.27,29.33,520.2000010000104,304.2000010000009,300.0,89.57690108120335,89.61800099999942,[],[]
46,47,C,126.63000000000001,8.59,56.82,52.45,27.86,17.88,1692.8000010000064,793.8000009999975,3912.712922479401,300.0,6152.412000999988,[],[]
47,48,L,122.93,7.499,52.79,55.9,43.06,28.49,3920.0000009999917,1095.200000999985,3628.8561540539135,4881.409763527623,1059.706000999998,[],[]
48,49,F,123.33,8.412,52.3,54.19,42.14,43.8,2464.200000999997,3864.200001000003,14926.615843546888,2849.6870941696648,160.68600100000043,[],[]
49,50,R,128.92999999999998,9.311,52.37,53.41,29.41,43.53,300.0,300.0,7649.606564233944,15382.699030706444,546.9220010000009,[],[]
50,51,D,,,,,,,300.0,300.0,600.000001,600.000001,300.0,[],[]
51,52,L,109.03,7.157000000000001,61.637,61.69,47.44,,300.0,300.0,50223.28517552066,45994.39500119771,1126.1840010000028,[],[]
52,53,V,,,,,,,300.0,300.0,600.000001,600.000001,300.0,[],[]
53,54,R,122.53,8.679,56.37,62.18,29.31,33.83,300.0,300.0,1039.5033267296606,910.9337947455348,23.762000999999994,[],[]
54,55,I,122.23,8.0,57.63,,,,4263.200001000005,300.0,4488.28587378106,600.000001,300.0,[],[]
55,56,Q,104.83,7.188,45.71,56.17,,39.98,1377.8000009999944,300.0,62799.86562851944,10631.020488133836,300.0,[],[]
56,57,G,115.83,7.902,58.3,44.88,64.35,,1280.000000999991,1656.2000009999879,300.0,73353.00247942568,300.0,[],[]
57,58,K,123.93,8.557,56.2,57.5,29.42,63.44,217.80000100000711,135.20000099999794,11767.294909320539,300.0,166.57000099999982,[],[]
58,59,D,127.63000000000001,7.936,55.72,55.87,41.52,29.68,7449.800000999999,145.80000099999572,2745.245116650805,10057.53707456272,300.0,[],[]
59,60,L,123.43,8.96,54.05,53.79,43.95,41.79,300.0,300.0,3393.536599706975,1252.866011589872,1971.372001,[],[]
60,61,L,,,,,,,300.0,300.0,600.000001,600.000001,300.0,[],[]
61,62,T,112.13000000000001,7.242000000000001,59.62,60.77,72.11,38.3,300.0,300.0,8558.928458436916,30695.971412628864,5902.430001000008,[],[]
62,63,P,,,,,,,300.0,300.0,600.000001,600.000001,300.0,[],[]
63,64,V,120.03,8.534,59.16,68.34,33.33,30.14,3175.2000009999897,1008.2000010000024,2069.0560361269486,35641.01523232405,467.9180010000029,[],[]
64,65,S,113.83,7.971,55.67,57.9,64.35,32.62,13728.800000999974,15345.800000999956,4495.252009765529,7175.136800905353,219.39000099999936,[],[]
65,66,R,117.03,8.825,44.89,58.29,,61.58,300.0,300.0,84626.75555655558,15401.032790546313,84.26200099999996,[],[]
66,67,I,,,,,,,300.0,300.0,600.000001,600.000001,300.0,[],[]
67,68,L,129.03,8.799,53.36,57.29,43.87,38.6,300.0,300.0,521.0213734121969,7739.266177636949,4594.374001000008,[],[]
68,69,I,,,,,,,300.0,300.0,600.000001,600.000001,300.0,[],[]
69,70,G,123.13000000000001,7.822000000000001,52.81,56.88,17.84,31.44,3.2000009999998635,9.800001000000078,300.0,52262.45891882135,31.202000999999868,[],[]
70,71,N,117.53,7.952999999999999,53.15,52.77,38.41,17.77,300.0,300.0,76.5436987388287,300.0,496.77600100000114,[],[]
71,72,P,,,,,,,300.0,300.0,600.000001,600.000001,300.0,[],[]
72,73,G,114.73,8.078999999999999,61.46,66.99,62.17,30.54,9331.20000099997,2832.2000009999892,300.0,18920.139381983834,46.078000999999944,[],[]
73,74,C,128.13,8.551,53.18,63.62,,63.36,16588.800001000032,300.0,10870.517590541935,300.0,152.35400100000035,[],[]
74,75,T,118.73,8.34,57.52,56.06,63.43,29.39,300.0,300.0,33299.234259893594,1330.776479862069,300.0,[],[]
75,76,Y,123.13000000000001,8.182,55.66,,38.06,,18.81800099999775,300.0,5398.6256480946495,600.000001,300.0,[],[]
76,77,K,116.13000000000001,9.234,54.53,55.563,,,5.000001000000853,300.0,760.800000999994,1086.3684199707684,1040.1320010000002,[],[]
77,78,Y,117.33,8.392999999999999,52.69,54.48,41.18,36.87,300.0,300.0,14099.84296108385,3083.6314045142444,43.57200100000001,[],[]
78,79,L,,,,,,,300.0,300.0,600.000001,600.000001,300.0,[],[]
79,80,N,121.43,6.6739999999999995,52.86,56.12,41.46,40.03,744.2000009999987,1185.8000009999878,801.4039937572084,3349.748352188001,547.0580009999994,[],[]
80,81,T,121.03,9.415000000000001,59.77,52.25,68.64,42.23,561.8000010000025,300.0,3344.779174429306,1890.0428705848656,1368.4360010000005,[],[]
81,82,R,122.03,8.528,52.93,59.24,,,2205.000000999988,300.0,2868.8888898888977,2666.26654455186,4772.392000999999,[],[]
82,83,L,122.03,8.259,53.94,53.98,43.32,32.91,300.0,300.0,1299.8979705949475,558.2025798619242,11.552000999999613,[],[]
83,84,F,,,,,,,300.0,300.0,600.000001,600.000001,300.0,[],[]
84,85,T,128.42999999999998,8.812000000000001,59.14,48.72,,,2832.2000009999892,300.0,3184.7078056905098,34770.15610751974,300.0,[],[]
85,86,V,120.23,7.522,58.62,57.95,26.92,71.23,1042.5680010000037,300.0,25416.509826527992,9000.0850454633,2362.5020010000044,[],[]
86,87,P,119.13000000000001,6.815,64.34,59.342,,,1.8000010000001363,300.0,1126.5306132449027,2686.869729395058,300.0,[],[]
87,88,W,116.63000000000001,8.0,57.14,64.37,27.47,31.03,924.8000009999992,4089.8000009999982,5650.283901826446,2420.138889888896,449.02000100000015,[],[]
88,89,P,120.73,7.827000000000001,,57.82,31.5,28.9,300.0,300.0,597.0920148888905,277.48099273553987,300.0,[],[]
89,90,V,114.43,8.019,56.26,66.22,28.15,,300.0,300.0,25374.624581399963,9415.772235819839,114.27400100000072,[],[]
90,91,K,,,,,,,300.0,300.0,600.000001,600.000001,300.0,[],[]
91,92,G,122.73,8.103,49.0,53.52,41.1,35.13,20352.200000999972,300.0,300.0,12875.73964597041,457.24600100000083,[],[]
92,93,S,109.33,7.1850000000000005,58.2,45.81,71.81,,180.0000010000051,300.0,81810.37861165848,622.7408878434495,3149.590001000001,[],[]
93,94,N,126.43,8.314,52.39,57.9,,,288.8000010000039,300.0,595.8579891656774,427.82477059979965,300.0,[],[]
94,95,I,126.13000000000001,8.786,57.21,52.77,38.41,,1729.800000999999,300.0,5449.259900244027,328.26544185285167,300.0,[],[]
95,96,K,122.23,7.816000000000001,57.55,58.14,,,4263.200001000005,300.0,1116.358025691356,3189.238166680473,228.10600099999988,[],[]
96,97,H,123.23,8.099,54.06,59.01,30.55,33.82,460.800000999994,2040.2000010000063,1886.8610686172776,6054.112427035501,2394.2120010000026,[],[]
97,98,T,125.03,8.564,52.24,54.54,,29.54,300.0,300.0,42313.8888898889,756.8838453941038,84.00400099999977,[],[]
98,99,E,126.43,5.258,55.967,,,,14938.578001000045,300.0,405.7000246294905,600.000001,598.2740009999977,[],[]
99,100,A,122.43,7.579,54.38,58.7,17.54,21.82,3075.2000009999747,1805.0000009999974,1435.254658185557,54394.42167851584,87.28400100000023,[],[]
100,101,E,121.53,7.6339999999999995,57.53,55.62,27.02,18.49,6055.200001000014,300.0,21714.299208286186,1390.3693032868712,499.12400100000116,[],[]
101,102,I,117.53,8.154,63.04,59.27,36.59,,9.800001000000078,0.8000010000002502,3666.7751884173454,301.63265406122383,16.36200099999996,[],[]
102,103,A,125.33,7.517,54.78,63.11,17.89,36.57,64.8000009999998,231.2000009999998,262.0856451505954,3572.9620858409535,800.9880009999983,[],[]
103,104,A,119.73,8.048,54.06,54.96,17.07,18.23,0.20000100000020463,2880.0000009999967,3917.75508821335,25.3781615490948,5325.006001000006,[],[]
104,105,A,121.93,7.646,54.66,54.05,16.77,18.27,33.800000999997636,300.0,3948.5633976545414,1785.061114626084,1013.268001000001,[],[]
105,106,C,115.83,8.065,64.98,54.53,26.57,,18361.800001000014,300.0,3126.3842230599053,546.4916261697575,300.0,[],[]
106,107,E,118.13000000000001,7.635,59.11,61.95,28.85,,3.2000009999998635,300.0,478.71066984053226,783.9152676179657,495.87400100000224,[],[]
107,108,T,121.53,7.954,66.29,59.07,,,300.0,300.0,433.1945899698269,395.96371982085907,1237.8120009999989,[],[]
108,109,F,,,,,,,300.0,300.0,600.000001,600.000001,300.0,[],[]
109,110,L,123.33,8.157,,57.52,42.63,42.98,300.0,1656.2000010000136,2755.807159509877,22727.54653514098,300.0,[],[]
110,111,K,127.93,8.757,56.7,60.19,33.87,41.72,300.0,300.0,12375.791276115664,14790.335227431657,1090.3660009999971,[],[]
111,112,L,,,,,,,300.0,300.0,600.000001,600.000001,300.0,[],[]
112,113,N,125.63000000000001,7.874,54.37,57.32,40.31,38.01,6055.200001000014,300.0,10018.940192051963,18755.28366811095,4.608001000000008,[],[]
113,114,D,117.23,8.442,55.61,56.11,40.26,,6919.200000999996,300.0,4181.636735693878,695.0617293950576,1252.0940009999995,[],[]
114,115,Y,121.63000000000001,7.916,55.13,53.75,38.1,,5577.800000999965,14688.20000100001,24051.118677049824,21948.20000099999,300.0,[],[]
115,116,L,118.53,8.818,57.45,56.8,,40.81,480.2000010000039,300.0,316.8679726784659,27235.67095946226,302.87400100000076,[],[]
116,117,Q,117.83,8.186,59.34,56.96,29.14,38.92,300.0,300.0,3087.939681477187,10684.146668914664,896.2620009999973,[],[]
117,118,I,,,,,,,300.0,300.0,600.000001,600.000001,300.0,[],[]
118,119,E,121.83,8.095,58.69,61.69,31.95,,300.0,300.0,26185.215420501132,6788.677602974201,300.0,[],[]
119,120,T,,,,,,,300.0,300.0,600.000001,600.000001,300.0,[],[]
120,121,I,121.33,7.6739999999999995,61.03,70.24,,,605.0000009999937,300.0,9969.400494540456,16052.341312134193,36.20200100000034,[],[]
121,122,Q,120.63000000000001,8.968,59.64,61.58,24.16,,20.00000100000057,300.0,57686.44697576786,7274.887502814526,1356.6040009999986,[],[]
122,123,A,123.23,7.93,53.43,59.74,17.06,,2080.800001000013,2928.200001000004,7139.0244961287335,2661.1316578047436,53.7920010000006,[],[]
123,124,L,123.43,7.7379999999999995,59.22,54.45,39.12,18.27,300.0,300.0,14315.827135359956,680.4889100085949,300.0,[],[]
124,125,E,,,,,,,300.0,300.0,600.000001,600.000001,300.0,[],[]
125,126,E,119.63000000000001,8.513,56.197,59.761,,,8266.178000999953,300.0,322.00437245557606,685.5256245827759,1957.058001000001,[],[]
126,127,L,116.73,8.251,53.1,58.23,38.46,31.63,300.0,300.0,9958.741274210812,3975.3848508704364,300.0,[],[]
127,128,A,,,,,,,300.0,300.0,600.000001,600.000001,300.0,[],[]
128,129,A,122.53,6.304,49.92,49.05,15.49,19.95,8000.000001,15235.200000999997,20422.027579430167,9510.540166191917,1345.674000999999,[],[]
129,130,K,121.43,7.87,53.02,51.92,33.24,18.25,5445.000000999991,135.20000099999794,7583.341369982378,1117.6019106614665,74.52800100000033,[],[]
130,131,E,122.63000000000001,8.634,56.52,54.67,33.55,33.5,12201.80000100006,5120.000000999987,9506.17306560037,2871.01943266045,197.19200100000006,[],[]
131,132,K,120.23,7.045,53.03,54.05,32.39,31.95,1248.2000009999974,300.0,7048.7752950316935,6073.308718751032,1277.4280009999995,[],[]
132,133,A,130.13,8.506,52.56,53.82,17.72,,300.0,51.20000100000009,2135.780756936519,4408.8888898888845,210.7060010000007,[],[]
133,134,N,117.73,8.016,53.21,,38.39,17.88,1e-06,3.2000009999998635,98.04744525226202,1939.9032808065654,300.0,[],[]
134,135,E,122.03,8.13,56.83,53.21,29.32,38.35,0.8000009999996818,12.80000100000059,487.7854168545248,86.9409618425717,106.72200099999988,[],[]
135,136,D,121.03,8.225,54.19,56.81,40.41,29.24,64.8000009999998,0.8000010000002502,144.35572292613847,567.8548841685449,25.642000999999908,[],[]
136,137,A,124.63000000000001,7.815,51.87,54.01,18.67,40.43,33.800000999997636,259.2000010000043,573.9274629045144,126.35959442056486,287.020001,[],[]
137,138,V,123.43,8.151,53.51,51.74,31.41,18.31,300.0,300.0,28191.648609560347,1201.249621345319,558.6600009999974,[],[]
138,139,P,,,,,,,300.0,300.0,600.000001,600.000001,300.0,[],[]
139,140,L,126.33,8.341000000000001,57.91,57.92,,31.93,300.0,300.0,6144.761400456927,39655.20479124942,300.0,[],[]
140,141,C,,,,,,,300.0,300.0,600.000001,600.000001,300.0,[],[]
141,142,M,122.13000000000001,7.115,54.76,54.08,31.59,31.08,1036.8000009999969,7527.200001000011,466.9431141727964,11522.368121244584,173.5520009999983,[],[]
142,143,S,122.93,7.279,56.72,55.48,63.29,33.53,2121.8000010000046,16.20000099999867,2129.9076602852965,158.29490132678762,1148.8100010000003,[],[]
143,144,A,132.32999999999998,7.9350000000000005,53.39,57.75,19.33,63.2,2645.000000999993,1692.8000009999932,446.31096800209616,828.7008516609433,300.0,[],[]
144,145,D,119.03,8.096,53.79,52.24,40.54,18.41,199.71200100000317,64.8000009999998,125.10927289528189,596.0397022477923,46.8200010000005,[],[]
145,146,F,123.53,8.187000000000001,64.21,54.106,37.06,40.36,300.0,300.0,29978.880176915736,178.41593519349314,385.51000100000135,[],[]
146,147,P,,,,,,,300.0,300.0,600.000001,600.000001,300.0,[],[]
147,148,R,131.53,8.925,56.68,63.681,,,300.0,300.0,575.4809235209897,328.7238609143347,549.1520009999982,[],[]
148,149,V,121.13000000000001,8.002,58.61,,,31.48,1692.8000010000064,300.0,4320.187655320982,876.1435102087195,300.0,[],[]
149,150,G,109.43,7.057,44.64,57.69,,34.94,2832.2000009999892,300.0,1015.9032810058499,9971.20114884205,1818.462001000003,[],[]
150,151,M,120.33,8.394,56.13,43.45,32.0,,17169.800000999996,1513.8000009999912,822.6966827684552,5518.934912242607,66.82600100000089,[],[]
151,152,G,114.73,8.138,42.91,59.06,,32.87,300.0,300.0,8927.218935911293,9690.608885523408,130.08600099999916,[],[]
152,153,S,121.93,8.325,,,63.17,62.94,300.0,300.0,955.6971914266405,300.0,300.0,[],[]
153,154,S,123.63000000000001,8.379,53.17,44.08,,,2000.000001,300.0,17237.507891417874,128839.89395378374,300.0,[],[]
154,155,Y,131.63,9.156,53.35,52.17,41.97,60.64,952.2000009999937,80.00000099999659,13653.78602598033,37762.84619246855,2024.3340010000031,[],[]
155,156,N,126.13000000000001,7.902,52.06,54.04,,41.77,480.20000099999,300.0,1057.3964507041344,10596.028317883576,300.0,[],[]
156,157,G,109.63000000000001,7.735,45.19,52.55,,38.44,0.8000009999996818,300.0,332.8731107961892,193.55648133093038,300.0,[],[]
157,158,Q,120.43,8.132,55.55,45.17,28.55,,13728.800000999974,300.0,100.45857172703566,342.2236842493251,75.25800100000019,[],[]
158,159,D,130.73,8.74,57.73,52.93,39.68,,300.0,300.0,11781.0396142985,5710.791604212989,2236.0220010000003,[],[]
159,160,E,,,,,,,300.0,300.0,600.000001,600.000001,300.0,[],[]
160,161,V,122.03,8.158,61.75,55.77,31.93,29.43,2880.0000010000135,1584.2000010000022,19334.562147752164,22783.25218892744,300.0,[],[]
161,162,D,120.43,8.35,54.34,62.95,40.42,31.04,300.0,300.0,14590.204082632608,9878.50007863568,300.0,[],[]
162,163,I,122.33,8.177000000000001,60.72,,,,16.20000099999867,300.0,11681.622878050417,600.000001,300.0,[],[]
163,164,K,120.83,7.389,57.32,60.63,,,9680.000001000026,300.0,4825.245393274553,12204.848309898272,751.6840010000005,[],[]
164,165,S,115.03,7.881,60.84,59.52,62.1,30.48,4929.800001000002,1920.800000999988,2997.523350386777,5979.696563720964,750.1880010000006,[],[]
165,166,R,121.83,6.87,49.5,59.27,29.84,63.08,0.20000099999992044,300.0,22480.36247705506,3568.262874743318,559.5880010000014,[],[]
166,167,A,122.23,8.639,60.25,49.51,22.25,,105125.000001,29337.800000999974,49954.20741716274,22407.822298799998,266.362001,[],[]
167,168,A,123.53,7.615,51.74,53.0,18.72,18.42,2040.200001000021,300.0,677.5965740392218,531.717423809844,300.0,[],[]
168,169,Y,119.63000000000001,8.318999999999999,61.12,50.73,35.72,,2784.8000009999987,11045.000001000015,9518.525850419166,2730.010331578524,133.21600100000035,[],[]
169,170,N,117.93,8.262,52.69,59.94,39.91,38.07,300.0,300.0,214.739405343896,2357.1277152108455,18055.028000999995,[],[]
170,171,V,116.03,7.7010000000000005,57.54,,31.03,,300.0,300.0,12824.069162386975,600.000001,300.0,[],[]
171,172,T,,,,,,,300.0,300.0,600.000001,600.000001,300.0,[],[]
172,173,L,125.23,7.906000000000001,51.91,54.13,,,300.0,300.0,6120.0692051522565,33527.93338221131,37.07000100000012,[],[]
173,174,L,,,,,,,300.0,300.0,600.000001,600.000001,300.0,[],[]
174,175,N,116.13000000000001,8.642000000000001,53.97,57.53,,43.03,7840.800000999975,300.0,3488.8825060272998,20202.245605124048,88.37200099999868,[],[]
175,176,F,120.33,7.933,55.39,51.99,40.49,40.47,696.200001000008,300.0,2001.3103375207163,345.76799575515753,0.018001000000001367,[],[]
176,177,M,126.83,8.494,56.34,54.8,40.16,,300.0,300.0,12167.522422156158,3028.1626954816766,238.94600099999963,[],[]
177,178,D,122.43,8.314,,,,,300.0,300.0,600.000001,600.000001,300.0,[],[]
178,179,P,115.53,7.8950000000000005,62.91,70.19,27.41,51.76,300.0,300.0,43651.787683665694,339836.98259510065,300.0,[],[]
179,180,Q,,,,,,,300.0,300.0,600.000001,600.000001,300.0,[],[]
180,181,K,121.23,7.6129999999999995,54.03,44.88,33.66,29.6,6408.200000999994,300.0,4873.2577261807855,73630.97033668787,1336.762000999996,[],[]
181,182,M,120.53,7.794,55.12,55.82,,,952.2000009999937,300.0,600.000001,507.6543219876531,300.0,[],[]
182,183,P,119.13000000000001,8.258,61.7,54.43,32.94,37.44,156.8000009999933,2247.2000009999942,6703.41287656687,4670.221242410143,300.0,[],[]
183,184,Y,124.53,8.295,53.86,61.98,40.52,31.88,980.000001000008,57.80000100000116,8144.9938388897735,3026.798017660384,300.0,[],[]
184,185,L,121.13000000000001,7.932,53.4,54.56,40.67,40.35,1411.2000009999877,57.80000100000116,2308.9208052161357,5705.704883522483,1267.5480009999997,[],[]
185,186,K,121.43,8.306000000000001,57.85,52.56,32.23,40.5,24360.200001000027,3276.800000999988,1434.644240900658,4572.261231177721,361.4880009999998,[],[]
186,187,E,123.23,8.855,58.31,54.36,29.14,30.95,1.8000010000001363,192.20000099999842,2767.847702762925,5674.687706456938,117.12800100000085,[],[]
187,188,E,106.73,8.201,48.34,58.34,,29.45,5313.800001000017,300.0,38581.25000099997,2493.8778076906847,56.86600100000013,[],[]
188,189,P,126.13000000000001,7.974,66.5,46.71,29.95,28.95,23392.80000100002,1805.0000009999974,19112.24489895919,56226.00135689547,300.0,[],[]
189,190,Y,117.43,7.79,56.2,63.08,36.74,30.9,1.8000010000001363,1.8000010000001363,2949.4464199012064,2296.985722371895,64.30000099999958,[],[]
190,191,F,123.23,7.596,54.47,56.17,41.34,36.71,540.8000009999918,980.000001000008,5071.150485838634,3049.218273338191,550.9260010000005,[],[]
191,192,G,122.43,8.039,61.79,53.95,37.47,40.64,8241.800001000009,88.20000100000073,300.0,5346.925185907805,300.0,[],[]
192,193,M,119.83,8.138,57.05,59.76,37.17,37.26,300.0,300.0,6190.195016941391,300.0,13.828000999999906,[],[]
193,194,G,,,,,,,300.0,300.0,600.000001,600.000001,300.0,[],[]
194,195,K,117.53,7.575,54.09,57.13,32.33,18.59,672.8000009999961,300.0,5688.243339222885,300.0,300.0,[],[]
195,196,M,116.53,8.6,56.18,54.67,31.46,,28.800000999998772,9680.000000999995,6845.645936750638,531.2000009999949,532.2220009999982,[],[]
196,197,A,125.33,8.017999999999999,51.76,56.3,18.33,29.26,7.200001000000546,180.00000100000085,8325.167119150316,13210.364670614395,87.46000100000195,[],[]
197,198,V,118.63000000000001,7.6979999999999995,59.07,51.82,32.79,18.63,6265.800001000022,12.800000999999453,2803.2093191074546,7220.374893272337,60.61600099999937,[],[]
198,199,S,119.63000000000001,7.428,58.04,60.84,63.18,32.87,9.800001000000078,96.800000999999,5774.379109838568,562.9352905340895,1114.6580009999993,[],[]
199,200,W,122.93,8.177000000000001,55.79,57.97,,62.96,1e-06,300.0,507.84279878393517,6509.871358844326,300.0,[],[]
200,201,H,123.03,8.424,55.98,55.79,29.56,29.72,28.800000999998772,5.000001000000142,21.42405789379667,2947.7704847343543,0.07200100000000546,[],[]
201,202,H,123.03,8.49,56.01,55.86,29.6,29.61,5.000000999999432,0.20000100000006255,26.130846607441118,3.1874521332592214,300.0,[],[]
202,203,D,110.83,8.32,43.74,55.96,,29.59,1692.8000009999803,300.0,85045.46101915593,16.33533097680684,20.402000999999633,[],[]
203,204,E,121.23,8.054,54.55,44.66,29.53,,649.8000010000006,300.0,2182.9751572261907,70649.19504866435,45.08200099999985,[],[]
204,205,N,118.93,7.875,52.69,53.98,38.63,,819.2000010000015,8652.800000999985,216.7110062693885,3731.0609650831857,300.0,[],[]
205,206,L,121.93,8.094,58.65,53.33,40.73,40.71,300.0,300.0,9912.828678875836,5887.2026472803145,1075.8180010000012,[],[]
206,207,V,,,,,,,300.0,300.0,600.000001,600.000001,300.0,[],[]
207,208,D,125.63000000000001,7.62,53.56,56.23,35.15,37.78,14796.800000999987,300.0,35276.91146358756,29050.397312498837,442.2740010000017,[],[]
208,209,R,126.03,8.016,51.77,56.28,30.36,,300.0,300.0,9347.868002743875,4094.2328240686998,300.0,[],[]
209,210,S,,,,,,,300.0,300.0,600.000001,600.000001,300.0,[],[]
210,211,A,127.43,9.514,52.49,60.39,17.75,58.56,793.8000010000065,819.2000010000015,13304.82655961607,39440.67673578515,127.63600099999955,[],[]
211,212,V,122.03,7.999,59.54,51.86,31.52,18.39,5184.2000009999965,9680.000000999995,4374.9072025700125,8299.703413273764,300.0,[],[]
212,213,A,127.73,8.01,49.46,61.15,22.14,29.32,300.0,300.0,2505.1894445866087,12730.215188077354,475.9640010000027,[],[]
213,214,V,118.53,7.779,56.6,,38.38,,300.0,300.0,26464.942395293772,600.000001,300.0,[],[]
214,215,Y,117.13000000000001,7.449,56.17,,,,11045.000001000015,300.0,420.32751968992557,600.000001,300.0,[],[]
215,216,S,122.03,7.827999999999999,53.86,58.52,63.97,40.56,300.0,300.0,19304.64248131817,3072.8909168160817,300.0,[],[]
216,217,Y,,,,,,,300.0,300.0,600.000001,600.000001,300.0,[],[]
217,218,S,113.13000000000001,8.931000000000001,57.53,57.91,68.16,36.45,24.20000099999975,300.0,24251.704626844035,13466.180585126942,105.68200099999991,[],[]
218,219,C,122.93,8.623,59.22,57.64,28.64,,16.20000100000123,300.0,795.4158363562527,618.2047731247325,81.70000099999994,[],[]
219,220,E,124.03,8.856,59.0,59.31,30.88,,300.0,4500.000001000021,4587.794746559266,422.5845989828472,300.0,[],[]
220,221,G,108.63000000000001,7.563,50.66,,69.41,32.38,3484.8000010000014,2121.8000010000046,300.0,4544.47492860251,300.0,[],[]
221,222,P,122.23,7.929,59.55,51.98,,70.44,7144.200001000005,300.0,20255.152432342944,300.0,300.0,[],[]
222,223,E,117.03,8.812999999999999,51.14,61.44,,28.88,2599.2000010000024,300.0,16582.195180584124,24904.030160517555,14.792000999999491,[],[]
223,224,E,124.03,8.899,56.12,52.28,29.6,25.01,2691.2000009999842,2420.0000010000063,177.4954728248317,29107.050421598415,1477.3660010000058,[],[]
224,225,E,124.03,8.339,52.1,54.96,,28.5,6480.000000999979,300.0,11171.987241075609,2968.705792497502,300.0,[],[]
225,226,S,117.43,6.95,58.01,53.9,64.2,28.49,6125.000001,540.8000009999918,206.16517449198108,5446.580580476776,971.3620009999986,[],[]
226,227,E,124.03,8.179,54.49,56.26,28.69,64.72,2080.8000009999832,96.80000100000211,3480.6028947679156,3675.0847117381027,24.410001000000324,[],[]
227,228,D,121.73,8.343,54.34,55.51,40.5,28.47,5313.800001000017,1008.2000010000024,124.73941362869519,2288.361600403479,1043.4240010000035,[],[]
228,229,D,127.53,8.591000000000001,54.2,52.71,42.06,39.79,168.20000100000726,6697.8000010000405,1891.9515561857966,2554.5922121254775,25.666000999999767,[],[]
229,230,S,116.93,8.24,58.86,53.91,62.99,40.23,21385.800000999945,441.80000099999785,1194.4907880791181,338.5078173853115,0.8000009999999659,[],[]
230,231,H,122.83,8.696,,55.59,37.56,63.46,300.0,300.0,32139.397996000138,5037.932269455888,115.95000099999922,[],[]
231,232,L,120.53,8.22,55.07,44.75,,,5.000000999999432,300.0,330.21129278240346,59931.84981964525,300.0,[],[]
232,233,E,120.93,7.79,56.3,55.02,29.27,41.04,1620.0000009999949,793.8000009999975,433.4543827955044,494.78679287964997,300.0,[],[]
233,234,G,130.73,8.986,54.99,55.4,30.58,28.64,1216.8000010000037,768.8000010000025,300.0,2030.2847250049685,244.18200100000007,[],[]
234,235,R,117.73,8.468,53.77,55.77,32.51,31.2,3276.8000009999696,300.0,5051.405900642731,300.0,67.3480010000005,[],[]
235,236,D,117.33,8.158,57.91,55.05,,,300.0,300.0,11844.16360212333,740.0573928588622,300.0,[],[]
236,237,P,121.33,7.99,,,,,300.0,300.0,600.000001,600.000001,300.0,[],[]
237,238,D,132.42999999999998,9.252,53.06,61.74,39.63,33.21,300.0,300.0,2261.5408212756583,7933.10854534366,769.6600010000018,[],[]
238,239,I,,,,,,,300.0,300.0,600.000001,600.000001,300.0,[],[]
239,240,W,118.33,7.652,,51.76,32.91,18.54,300.0,300.0,1124.444732404952,330938.7167905864,300.0,[],[]
240,241,H,122.23,8.222999999999999,60.01,61.76,38.04,,300.0,300.0,28468.003830680012,26295.844876346233,6008.896000999996,[],[]
241,242,V,,,,,,,300.0,300.0,600.000001,600.000001,300.0,[],[]
242,243,G,123.03,7.455,58.48,49.79,37.72,31.06,300.0,300.0,300.0,99230.14608125138,5417.316001000009,[],[]
243,244,F,,,,,,,300.0,300.0,600.000001,600.000001,300.0,[],[]
244,245,K,121.53,7.417000000000001,54.16,52.99,,,5.000001000000853,300.0,1745.0000010000049,13301.107162587288,300.0,[],[]
245,246,I,127.13000000000001,8.642999999999999,59.31,54.21,39.42,30.57,45.00000100000341,300.0,679.9361269801459,12767.84370125903,287.9840009999992,[],[]
246,247,S,121.43,7.816000000000001,59.37,59.16,,,45.000000999999145,300.0,956.7352616994015,918.9202237972507,300.0,[],[]
247,248,W,118.73,8.366,58.97,59.22,28.47,70.39,5511.200000999977,0.8000009999999659,3390.651240669428,55602.78058425965,340.71800100000115,[],[]
248,249,D,120.23,7.428,55.87,57.31,41.4,28.45,5985.800000999979,300.0,2962.772750290165,1234.412959677683,207.18800099999967,[],[]
249,250,I,106.33,7.497999999999999,61.63,54.14,39.03,,4992.800001000035,1920.8000010000158,732.5113304520546,301.9777708666981,300.0,[],[]
250,251,E,129.63,9.172,54.69,60.05,33.33,38.05,300.0,300.0,10056.643824025961,181.70324967214097,2768.7660010000027,[],[]
251,252,T,115.73,6.973,,,72.67,,300.0,300.0,10547.461091078734,600.000001,300.0,[],[]
252,253,P,112.33,6.6739999999999995,63.486,62.663,,,1499.912000999999,300.0,302.438902486521,853.3107468669673,300.0,[],[]
253,254,G,123.23,8.264,55.23,62.62,41.27,31.2,300.0,300.0,300.0,2017.3852247654459,662.8800010000008,[],[]
254,255,L,,,,,,,300.0,300.0,600.000001,600.000001,300.0,[],[]
255,256,A,114.73,8.222000000000001,44.96,69.38,,54.33,300.0,300.0,42792.675782249986,553599.0295153965,5.000000999999787,[],[]
256,257,I,119.03,8.671000000000001,59.04,,,,10035.200001000017,300.0,1108.3855981229347,600.000001,18.43200100000003,[],[]
257,258,P,113.93,8.246,57.01,61.28,29.57,54.48,300.0,300.0,64071.71659335869,122443.47034588916,300.0,[],[]
258,259,L,,,,,,,300.0,300.0,600.000001,600.000001,300.0,[],[]
259,260,H,129.53,8.242,54.74,56.07,30.87,42.21,1344.800001000001,300.0,1319.265591350403,1009.0596433332605,326.6360009999997,[],[]
260,261,Q,123.63000000000001,9.024,55.44,55.56,,,696.200001000008,300.0,449.3027571288781,323.72316539564724,21.63200099999967,[],[]
261,262,G,110.73,8.231,44.67,56.03,,29.33,115.2000010000019,300.0,955.8550671114798,295.9263207199035,62.21800100000051,[],[]
262,263,D,125.83,7.1450000000000005,52.56,44.43,41.78,,3175.2000009999897,2163.200000999996,1745.6888247336376,1509.8765442098868,934.3580009999989,[],[]
263,264,C,122.13000000000001,9.042,59.02,53.82,33.87,40.74,520.2000010000104,387.200000999996,10943.778183108372,2971.995093781917,237.17200100000127,[],[]
264,265,Y,122.03,9.41,51.6,58.51,38.41,33.43,300.0,300.0,23078.59582552954,8442.881949993987,55.68800099999923,[],[]
265,266,F,,,,,,,300.0,300.0,600.000001,600.000001,300.0,[],[]
266,267,M,124.33,8.269,54.6,62.43,29.2,40.71,520.2000009999958,405.0000009999987,3160.0011614991336,44001.14312727953,300.0,[],[]
267,268,L,121.63000000000001,9.539,54.277,54.09,40.4,29.65,514.0980009999957,96.800000999999,1700.3755686793415,2975.226670276638,366.04800100000074,[],[]
268,269,D,121.03,7.812,55.62,53.77,40.42,40.62,2928.200001000004,3.2000009999998635,1980.6637825105952,1809.3820438389255,300.0,[],[]
269,270,D,120.73,8.182,,54.41,,40.46,300.0,300.0,600.000001,181.2544981794763,300.0,[],[]
270,271,L,119.23,8.399,57.2,57.69,40.35,,1445.0000010000049,64.8000009999998,2030.3604942081654,1145.0000009999965,96.20000100000009,[],[]
271,272,N,126.93,8.914,55.65,56.35,36.96,40.17,51.20000100000236,300.0,2778.877468730282,5404.786751346572,466.8580010000005,[],[]
272,273,A,124.53,7.972,54.91,55.81,,,9073.800001000021,300.0,305.6586700810315,339.9959197837979,300.0,[],[]
273,274,T,119.63000000000001,8.147,53.83,57.04,,18.28,4992.80000099999,300.0,36449.85807698922,10757.07504504292,300.0,[],[]
274,275,H,118.03,9.387,54.03,55.41,40.26,61.96,8160.800000999969,300.0,20846.88757973517,57408.395537072916,1296.1820009999988,[],[]
275,276,Q,118.53,8.41,53.56,56.05,33.14,,405.0000009999923,460.800000999994,1596.9573832118285,1320.4081642653061,563.8680009999996,[],[]
276,277,H,123.33,8.208,,54.01,42.11,33.62,300.0,300.0,31229.736710498593,2015.1015751184154,300.0,[],[]
277,278,C,122.83,8.753,54.93,56.06,31.97,,300.0,300.0,7097.886227492003,1336.8000010000087,248.56600099999952,[],[]
278,279,V,,,,,,,300.0,300.0,600.000001,600.000001,300.0,[],[]
279,280,L,120.73,7.559,53.81,53.43,40.24,38.93,561.8000010000025,35785.800000999945,2513.8201054098986,58405.75469170426,688.6380010000006,[],[]
280,281,A,128.42999999999998,8.392000000000001,49.77,53.28,18.85,44.47,7372.80000099996,10857.800001000018,5470.1864119306665,6216.791873092089,1061.552001,[],[]
281,282,G,108.23,2.9610000000000003,43.33,51.69,,16.52,1008.2000010000024,300.0,6202.695596003318,8432.232600485875,6311.468000999998,[],[]
282,283,S,112.63000000000001,8.64,60.14,44.04,61.66,,300.0,16359.200000999994,8433.044919991306,2769.1358034691516,165.53000100000025,[],[]
283,284,Q,122.83,8.371,52.5,,31.98,64.52,300.0,672.8000010000043,14388.550346425622,832.7783568792815,300.0,[],[]
284,285,P,123.73,8.363999999999999,,,,31.4,300.0,300.0,600.000001,5280.38691670048,300.0,[],[]
285,286,R,117.83,7.039,55.41,64.12,32.36,31.08,0.8000009999996818,300.0,840.8000009999918,6717.069740053321,1332.2520010000019,[],[]
286,287,F,122.73,8.167,55.12,55.39,41.38,,300.0,300.0,1755.971060798874,813.4222232222196,300.0,[],[]
287,288,S,123.53,7.78,57.63,,64.18,,2737.800001000008,300.0,1726.5745485204827,600.000001,300.0,[],[]
288,289,S,117.63000000000001,9.118,56.68,56.46,,,51.20000099999781,300.0,643.4786147488852,1050.5884272641013,160.24400099999934,[],[]
289,290,T,113.33,8.129,63.48,56.52,68.46,70.53,7144.200000999951,20.00000100000341,6376.296393406508,24747.05786967949,613.5200009999999,[],[]
290,291,H,126.53,8.851,60.61,61.59,30.72,68.56,5379.200001000004,480.2000010000039,22734.64630989395,2458.689250104196,393.99600100000083,[],[]
291,292,R,126.93,8.244,55.71,62.25,27.8,31.21,6336.800001000009,300.0,4791.041092568281,36555.204082632685,70.96600100000032,[],[]
292,293,V,108.63000000000001,7.547000000000001,61.37,57.49,,,405.0000010000051,300.0,373.04691458024683,1543.96854175885,300.0,[],[]
293,294,A,113.13000000000001,8.454,44.76,61.82,,31.9,64.8000009999998,300.0,40697.79183984302,392.97827362524356,300.0,[],[]
294,295,E,120.53,8.362,55.52,44.94,28.55,,1095.200000999985,1216.8000009999926,2093.905424048892,38880.126550586814,300.0,[],[]
295,296,C,121.23,8.025,62.13,56.26,31.82,29.33,1036.8000009999969,1312.2000009999958,7703.283069417474,372.80924910899427,300.0,[],[]
296,297,S,122.03,8.228,55.4,62.85,,31.01,1.8000010000001363,300.0,5793.308926640711,8648.25866540341,35.37800099999953,[],[]
297,298,T,117.63000000000001,8.576,66.69,55.43,,,1.8000010000001363,300.0,12800.000000999973,5682.148719596143,81.31400099999892,[],[]
298,299,G,123.93,8.001,,66.72,16.76,68.16,300.0,0.20000100000006255,300.0,15685.890485148348,2.044000999999965,[],[]
299,300,T,122.13000000000001,8.354,62.28,54.07,69.8,16.75,387.200000999996,300.0,13650.948283475069,300.0,300.0,[],[]
300,301,L,120.73,7.794,,62.72,41.0,,300.0,300.0,559.7191796380956,8665.369407867855,300.0,[],[]
301,302,D,118.43,8.193999999999999,61.01,54.76,39.93,,3484.8000010000014,300.0,32039.816582632633,16394.12744789714,117.13000099999994,[],[]
302,303,Y,122.53,8.39,,62.33,,,300.0,300.0,600.000001,56268.20000099998,300.0,[],[]
303,304,I,128.03,9.363999999999999,60.48,62.06,40.65,35.54,300.0,300.0,28858.574862695787,21027.693302326312,10272.890001000007,[],[]
304,305,L,,,,,,,300.0,300.0,600.000001,600.000001,300.0,[],[]
305,306,Q,122.33,7.746,59.14,55.61,28.72,38.54,16.20000100000123,300.0,1006.8375689914022,21034.46997081785,838.8140010000002,[],[]
306,307,R,116.93,7.779,58.98,59.05,,,57.80000099999632,300.0,306.69353286257774,657.9881666804696,300.0,[],[]
307,308,C,118.53,7.401000000000001,58.7,58.81,,31.61,300.0,300.0,10412.841491138768,7604.013387667136,460.6440010000004,[],[]
308,309,Q,,,,,,,300.0,300.0,600.000001,600.000001,300.0,[],[]
309,310,L,123.13000000000001,7.856,55.94,56.07,41.08,29.27,300.0,300.0,5497.332311979788,14761.331229211228,62.09600100000067,[],[]
310,311,A,,,,,,,300.0,300.0,600.000001,600.000001,300.0,[],[]
311,312,L,119.63000000000001,8.693999999999999,56.34,51.12,42.49,,2289.8000010000014,2737.800001000008,4927.327747490923,31960.47985613811,26.098001000000266,[],[]
312,313,Q,119.83,8.232000000000001,58.03,55.27,27.17,41.32,1584.2000010000022,3.2000009999998635,4934.170887549976,10741.125960981804,300.0,[],[]
313,314,N,118.93,8.189,55.73,57.14,37.26,27.21,300.0,300.0,8466.161945642647,8015.615653219645,1946.5900010000062,[],[]
314,315,V,125.13000000000001,8.808,63.8,,,,2247.2000009999792,300.0,1880.246914580247,600.000001,300.0,[],[]
315,316,C,113.23,7.742000000000001,62.72,62.74,27.51,27.48,57.80000100000116,31840.200000999976,10142.835049843721,17807.75423016029,4147.796001000001,[],[]
316,317,D,119.53,8.486,54.4,62.89,40.77,31.5,5916.800000999992,9331.200001000034,76.13685805748028,9654.35520333222,71.96800100000071,[],[]
317,318,D,120.03,8.308,54.59,52.68,40.35,38.61,871.200000999991,300.0,385.01245213852917,6721.498524228452,116.43600099999996,[],[]
318,319,V,116.73,8.298,62.17,55.25,,,605.0000010000094,300.0,354.08395161728527,1364.5148540516927,300.0,[],[]
319,320,D,122.83,8.368,54.03,61.62,40.46,31.93,156.80000100000126,5.000001000000853,103.0930330475627,375.9844018264463,338.1720010000001,[],[]
320,321,N,121.83,7.841,55.34,53.75,38.21,40.41,4380.800001000024,9504.800000999998,5633.619866877431,227.89672209547786,300.0,[],[]
321,322,D,121.53,7.747000000000001,55.39,53.86,38.31,40.39,300.0,300.0,8022.759911395937,5186.092186093195,62.420001000000426,[],[]
322,323,D,122.63000000000001,8.208,,,44.45,,300.0,300.0,15466.072622964843,600.000001,300.0,[],[]
323,324,V,124.43,7.824,56.53,44.76,32.87,,300.0,300.0,10995.31824531179,69165.0765406939,300.0,[],[]
324,325,S,,,,,,,300.0,300.0,600.000001,600.000001,300.0,[],[]
325,326,L,118.13000000000001,9.205,57.62,42.917,44.62,,3.2000009999998635,300.0,10022.990062716975,150645.5933604243,365.3200010000003,[],[]
326,327,K,116.33,8.804,54.04,57.66,,,3591.2000010000183,300.0,3738.024692358022,5228.747543211524,168.07000099999968,[],[]
327,328,S,112.63000000000001,8.856,56.43,55.38,65.79,33.13,3175.2000009999897,4743.200001000039,7072.166222694195,1013.3464835772498,6.962001000000249,[],[]
328,329,F,127.53,9.029,55.34,57.69,39.99,64.25,369.8000010000117,2420.0000010000063,1474.3695449813295,453.0350022040078,116.60400100000044,[],[]
329,330,E,123.83,7.795,58.62,54.91,28.48,41.09,1.8000009999992836,300.0,2587.513728253981,3581.841980234393,300.0,[],[]
330,331,P,122.63000000000001,8.558,65.83,58.59,,,460.8000010000076,300.0,488.412901696013,1214.46712118139,300.0,[],[]
331,332,A,117.83,8.752,55.24,66.31,17.69,31.26,39.20000100000031,300.0,903.6622854194574,1315.442264563619,300.0,[],[]
332,333,V,120.03,7.093999999999999,64.89,55.1,31.05,,9331.200001000034,16.20000099999995,1658.4735490293574,430.37573662698276,1286.658001,[],[]
333,334,L,129.23,7.83,56.32,62.73,42.28,30.96,300.0,300.0,4356.582683167745,11539.135480325867,300.0,[],[]
334,335,K,,,,,,,300.0,300.0,600.000001,600.000001,300.0,[],[]
335,336,Q,122.93,8.382,55.88,56.22,29.64,29.36,51.20000099999781,72.20000100000097,19280.689193437094,26717.90053569951,300.0,[],[]
336,337,G,118.03,8.339,57.52,56.04,63.46,29.45,300.0,300.0,300.0,16233.071274521451,50.000001,[],[]
337,338,E,,,,,,,300.0,300.0,600.000001,600.000001,300.0,[],[]
338,339,E,112.53,7.501,62.07,62.11,27.76,27.82,300.0,300.0,20913.86443382548,20748.008471605885,832.672000999998,[],[]
339,340,I,,,,,,,300.0,300.0,600.000001,600.000001,300.0,[],[]
340,341,H,118.13000000000001,7.475,58.49,65.716,27.24,,2691.2000009999842,320.0000009999977,6148.4045707167115,1078.9925978935794,241.56200100000007,[],[]
341,342,N,124.63000000000001,8.467,54.0,59.65,40.28,26.84,12.800000999999453,300.0,12068.60295488435,6759.59575627647,300.0,[],[]
342,343,E,120.33,7.941000000000001,58.61,54.08,,,300.0,300.0,1163.6734703877494,5458.861341679545,300.0,[],[]
343,344,V,109.13000000000001,7.6370000000000005,,,,,300.0,300.0,600.000001,600.000001,300.0,[],[]
344,345,E,118.33,7.94,59.5,64.17,30.48,30.77,423.2000010000016,300.0,5599.295366529143,4812.684504011624,2384.6220010000006,[],[]
345,346,F,122.33,8.020999999999999,61.2,59.04,,,300.0,300.0,459.2833763622649,422.63038648752644,300.0,[],[]
346,347,E,,,,,,,300.0,300.0,600.000001,600.000001,300.0,[],[]
347,348,W,115.03,7.349,53.81,62.85,28.11,26.99,300.0,300.0,21159.47862431062,31648.980853658308,702.6200009999985,[],[]
348,349,L,,,,,,,300.0,300.0,600.000001,600.000001,300.0,[],[]
349,350,R,119.63000000000001,8.286,59.41,57.69,31.2,48.94,29.768000999999945,300.0,4357.614821247837,92330.92332952002,300.0,[],[]
350,351,Q,116.73,7.51,58.65,59.532,,,7683.2000010000065,300.0,302.9585808816567,617.3608370084685,180.9220009999999,[],[]
351,352,F,121.83,8.017,62.51,56.69,40.7,29.27,300.0,300.0,5244.758876329284,9648.165548737874,158.57000099999993,[],[]
352,353,W,,,,,,,300.0,300.0,600.000001,600.000001,300.0,[],[]
353,354,F,112.23,7.051,51.99,57.42,38.57,26.96,300.0,300.0,12897.111332847813,8411.522689428653,86.96200100000051,[],[]
354,355,Q,,,,,,,300.0,300.0,600.000001,600.000001,300.0,[],[]
355,356,G,107.13000000000001,7.176,46.73,60.41,,28.27,5379.200000999957,300.0,3122.850464876078,12039.733470722287,9093.14200100001,[],[]
356,357,N,118.23,7.35,54.67,45.09,41.66,,300.0,300.0,13879.658210817846,391.31419487829646,154.0820009999995,[],[]
357,358,R,120.23,7.867000000000001,60.2,,,,1479.200000999998,300.0,2106.57059044063,600.000001,300.0,[],[]
358,359,Y,120.23,9.196,61.7,59.34,,,47.43200100000214,300.0,568.3207148994073,414.88286419240984,648.1080010000007,[],[]
359,360,R,109.93,6.51,58.94,61.546,,,2247.2000010000097,300.0,316.5289266198345,453.1746900210919,705.1600010000008,[],[]
360,361,K,117.63000000000001,8.769,55.6,60.0,36.56,28.88,819.2000010000015,300.0,19235.41675898088,4874.58700168052,1235.8920010000008,[],[]
361,362,C,123.63000000000001,8.382,,56.24,,,300.0,300.0,600.000001,315.8024701358018,300.0,[],[]
362,363,T,114.13000000000001,5.747999999999999,58.54,60.79,68.12,27.0,300.0,300.0,7663.833818920422,6238.27973523918,520.7580009999994,[],[]
363,364,D,112.73,8.391,54.03,,,,80.00000099999659,300.0,302.8479896080458,600.000001,36.88200099999974,[],[]
364,365,W,121.73,8.246,56.59,54.23,29.33,40.52,4620.800000999976,9856.800001000021,1363.9024142231244,79.6625445562026,300.0,[],[]
365,366,W,120.13000000000001,8.036,57.89,58.11,28.87,31.55,13907.538001000004,300.0,2459.185034996934,8899.724695214887,46.21000100000008,[],[]
366,367,C,120.83,7.457000000000001,64.29,60.527,,,5644.800001000047,300.0,1494.9744348933643,431.2620904887873,697.0500010000013,[],[]
367,368,Q,122.83,8.535,,62.61,,,300.0,300.0,600.000001,336.5230104959825,300.0,[],[]
368,369,P,126.23,8.731,65.65,62.83,31.02,31.83,1634.4320010000383,5445.000000999991,43.33808910261148,72186.26313114999,300.0,[],[]
369,370,M,125.33,7.673,56.79,64.746,32.71,29.37,696.200001000008,300.0,2689.629530475403,9462.808979311427,198.308001,[],[]
370,371,A,129.42999999999998,8.022,52.1,57.38,,,28.800001000002183,300.0,17542.191037668155,1130.9624048321969,300.0,[],[]
371,372,Q,121.53,7.93,59.61,51.98,31.49,18.39,4590.450001000004,300.0,33849.1124270355,18798.797289309925,1353.3340009999995,[],[]
372,373,L,118.23,9.05,57.22,61.125,,,300.0,300.0,513.2444824660562,11996.05214597042,15.964001000000126,[],[]
373,374,E,117.73,8.299,,,,,300.0,300.0,600.000001,600.000001,300.0,[],[]
374,375,A,126.93,9.421000000000001,55.82,56.09,18.5,29.66,300.0,28.800001000000478,2176.7182182196216,19406.02462572585,294.97600100000034,[],[]
375,376,L,121.53,7.421,,,,18.62,300.0,300.0,600.000001,510.0480119739385,300.0,[],[]
376,377,W,125.83,9.086,60.47,58.21,28.42,,8988.80000100004,12.800000999999453,257.73844512731546,1234.8188264893845,36.19800099999982,[],[]
377,378,K,121.83,7.831,61.05,62.59,32.4,28.5,1.8000009999992836,125.000001,5329.332714477536,3569.730771984871,300.0,[],[]
378,379,K,127.43,8.722000000000001,57.92,61.02,30.83,32.15,520.2000010000104,540.8000010000065,5755.829904978065,5196.215500029457,66.24800100000027,[],[]
379,380,M,109.73,7.859,46.66,57.41,,31.35,300.0,300.0,101188.44534865578,5661.879567641488,300.0,[],[]
380,381,E,124.93,8.524,,,,31.28,300.0,300.0,600.000001,419.2536516219568,300.0,[],[]
381,382,G,121.53,8.248,53.95,56.17,40.61,29.4,300.0,300.0,300.0,17907.08420107116,300.0,[],[]
382,383,V,,,,,,,300.0,300.0,600.000001,600.000001,300.0,[],[]
383,384,T,110.33,6.298,62.94,62.97,,,300.0,300.0,7544.536941686799,9554.282905611533,780.930001,[],[]
384,385,N,119.03,8.956,54.92,,34.66,,300.0,300.0,22041.336955892195,600.000001,36.992000999999576,[],[]
385,386,A,122.23,7.902,,,17.36,,300.0,300.0,1719.9245551838137,600.000001,300.0,[],[]
386,387,V,120.63000000000001,8.389,66.76,56.71,,,7319.138000999975,300.0,962.491590462262,8046.717972933014,119.17800100000063,[],[]
387,388,L,115.53,6.8100000000000005,56.18,68.673,,,24.20000099999975,300.0,4151.728447480631,7919.035247622893,331.04200099999935,[],[]
388,389,H,124.23,8.855,55.93,56.07,30.63,41.17,300.0,300.0,11419.75330948307,4585.8696544372115,40.428000999999895,[],[]
389,390,E,,,,,,,300.0,300.0,600.000001,600.000001,300.0,[],[]
390,391,V,128.73,7.973,56.62,57.86,32.94,27.48,871.2000010000097,300.0,10644.101016202527,13741.055828289569,300.0,[],[]
391,392,K,128.53,6.997999999999999,52.65,57.28,32.52,,300.0,300.0,8683.514136437214,8371.269136802455,214.5160009999992,[],[]
392,393,R,,,,,,,300.0,300.0,600.000001,600.000001,300.0,[],[]
393,394,E,113.03,7.662999999999999,57.46,54.75,29.08,17.72,300.0,300.0,1349.7080286013781,105534.7107880004,37.73200099999988,[],[]
394,395,G,116.23,7.632000000000001,44.63,,,,5.000000999999432,300.0,1036.5037631447897,600.000001,300.0,[],[]
395,396,L,119.83,8.22,50.95,44.68,36.08,,300.0,300.0,32694.15490784566,936.4234066541821,13513.152000999995,[],[]
396,397,P,,,,,,,300.0,300.0,600.000001,600.000001,300.0,[],[]
397,398,V,118.93,8.249,59.33,65.67,,,38193.80000100008,300.0,2710.23209976543,6069.2113892590105,300.0,[],[]
398,399,E,118.63000000000001,7.914,58.15,63.7,26.91,18.32,300.0,300.0,9200.77150149455,134567.701766126,271.12000100000125,[],[]
399,400,Q,,,,,,,300.0,300.0,600.000001,600.000001,300.0,[],[]
400,401,R,117.23,7.3950000000000005,60.83,45.91,27.8,40.32,300.0,300.0,17361.13355722976,150776.28116842924,620.1380009999997,[],[]
401,402,N,,,,,,,300.0,300.0,600.000001,600.000001,300.0,[],[]
402,403,E,121.83,8.821,59.77,56.33,32.22,,300.0,300.0,10437.280651195972,11539.767226781218,987.8540010000033,[],[]
403,404,I,,,,,,,300.0,300.0,600.000001,600.000001,300.0,[],[]
404,405,L,121.63000000000001,8.177999999999999,54.18,56.0,40.53,31.73,300.0,300.0,1522.8332480648228,30049.231673784227,300.0,[],[]
405,406,T,,,,,,,300.0,300.0,600.000001,600.000001,300.0,[],[]
406,407,A,122.33,8.113999999999999,57.38,57.89,18.28,63.13,6336.800000999958,460.8000010000008,15020.913069556515,59249.5927128766,300.0,[],[]
407,408,I,124.93,8.685,65.63,59.16,37.24,18.76,460.8000010000076,696.200001000008,865.0777695584779,27285.708681792315,117.12800100000085,[],[]
408,409,L,118.33,8.433,57.79,66.11,41.39,36.65,125.000001,1008.2000010000024,130.3164279439582,2999.2668387909475,890.7320009999994,[],[]
409,410,A,123.83,8.269,50.7,57.54,21.06,40.68,24.20000099999975,300.0,52517.88768270608,1141.4901397874335,57.308000999999585,[],[]
410,411,S,118.73,8.295,59.13,50.81,,,304.2000010000009,300.0,4011.2034234068315,37426.527841651834,300.0,[],[]
411,412,L,120.63000000000001,8.103,57.45,58.74,40.67,,460.800000999994,300.0,881.8951620299721,5873.0671471342785,59.368001,[],[]
412,413,T,113.73,8.486,66.0,57.93,68.36,,28.800001000002183,460.8000010000076,173.33814791329308,616.7430247401093,41.178000999999675,[],[]
413,414,A,124.03,7.542999999999999,54.33,65.88,19.06,68.84,55.77800100000106,300.0,1705.9383744454574,83.38187319078664,228.70000100000047,[],[]
414,415,R,122.53,7.702000000000001,59.188,54.497,,,739.32800100001,300.0,326.0146174879468,598.254867455409,157.19400100000027,[],[]
415,416,Q,121.93,8.345,56.34,58.58,29.46,27.98,0.8000010000002502,57.80000100000116,13620.26386143238,12147.886859588121,300.0,[],[]
416,417,N,122.73,8.475,55.95,56.32,,29.29,125.000001,300.0,459.98367613519156,12650.303331286734,0.6480010000000491,[],[]
417,418,L,122.23,9.193,57.1,55.7,39.82,37.53,192.20000099999402,2332.8000009999923,4455.433833472665,898.6796605359907,346.4380009999992,[],[]
418,419,R,118.33,8.501,59.23,57.41,29.17,40.9,605.0000010000094,1960.2000009999938,2044.2592729076487,441.0048869264852,155.50400100000033,[],[]
419,420,R,121.53,7.4,58.56,59.78,30.52,30.16,1095.200000999985,4867.200000999993,1113.0026587244206,802.2771236412954,1327.2200010000033,[],[]
420,421,E,128.53,8.833,57.84,59.3,27.49,32.08,300.0,300.0,13730.56876845186,12645.69022625056,227.13800099999963,[],[]
421,422,W,,,,,,,300.0,300.0,600.000001,600.000001,300.0,[],[]
422,423,H,123.83,7.867000000000001,58.75,61.28,28.43,,300.0,300.0,2184.94108527941,1130.3220330969286,294.8400009999985,[],[]
423,424,A,,,,,,,300.0,300.0,600.000001,600.000001,300.0,[],[]
424,425,R,127.83,7.955,60.81,59.2,32.81,,6552.200000999966,4867.200001000015,27155.19651142692,42933.770938075664,28.642000999999247,[],[]
425,426,C,122.13000000000001,8.534,56.25,62.62,29.39,31.25,387.200000999996,2376.2000009999992,3139.536906866637,21946.09353335236,549.2800010000011,[],[]
426,427,Q,120.73,8.835,54.38,55.81,30.44,30.48,300.0,300.0,3546.9274964936917,4521.521141767504,390.2740009999999,[],[]
427,428,S,133.92999999999998,9.913,,,,,300.0,300.0,600.000001,600.000001,300.0,[],[]
428,429,R,118.03,7.739,50.18,61.28,27.54,,520.2000009999958,300.0,23460.66367746971,5719.075875258301,3257.036001000001,[],[]
429,430,I,123.03,9.002,56.53,49.67,,,11139.200000999996,300.0,8108.8480039585775,21324.60410345509,3711.1480010000096,[],[]
430,431,A,124.03,7.897,52.0,54.17,18.41,40.36,300.0,300.0,766.4942477023395,21429.801569397318,92.4520010000014,[],[]
431,432,R,,,,,,,300.0,300.0,600.000001,600.000001,300.0,[],[]
432,433,T,123.43,7.903,59.56,54.95,64.13,32.0,7527.200000999983,300.0,39940.1782128165,1921.5760168489348,300.0,[],[]
433,434,L,120.93,8.002999999999998,52.45,61.5,43.13,,28.800000999998772,300.0,4694.078524310698,303.8927345640141,949.3840010000018,[],[]
434,435,P,123.73,8.332,63.5,52.57,,,300.0,300.0,301.13378784807264,3544.8425464885963,300.0,[],[]
435,436,A,120.73,7.727,54.01,,17.31,,5056.2000009999765,1960.2000010000081,4827.772511400396,600.000001,17.10800099999987,[],[]
436,437,D,118.53,8.058,53.88,52.42,40.41,18.3,0.20000099999992044,9.800000999998089,171.33250390790462,701.1511449086935,109.46000099999966,[],[]
437,438,Q,120.23,7.8229999999999995,58.14,53.89,17.26,40.34,300.0,300.0,89888.46320268359,228.12460400862568,5.644001000000292,[],[]
438,439,K,,,,,,,300.0,300.0,600.000001,600.000001,300.0,[],[]
439,440,P,125.23,8.513,61.34,54.457,36.13,31.22,300.0,300.0,45424.7626143787,4487.205352011761,300.0,[],[]
440,441,E,,,,,,,300.0,300.0,600.000001,600.000001,300.0,[],[]
441,442,C,112.13000000000001,7.18,61.83,61.82,26.76,26.86,231.20000100000465,819.2000009999924,9495.224742990658,25027.644027799244,300.0,[],[]
442,443,R,112.23,7.417000000000001,62.17,62.17,27.36,27.4,9.800001000000078,300.0,26908.27668400727,8545.049355742496,352.88200100000006,[],[]
443,444,P,123.13000000000001,8.384,,62.24,33.17,,300.0,115.20000099999508,3967.534723222226,21257.80635661697,300.0,[],[]
444,445,Y,123.73,8.363999999999999,55.53,62.37,41.21,33.41,897.8000010000046,16.20000100000123,5219.549743335571,6841.8387040738035,300.0,[],[]
445,446,W,121.73,8.291,56.05,54.86,29.32,41.12,2040.2000009999922,561.8000010000025,3159.20423240496,6476.239711891771,0.09800099999999085,[],[]
446,447,E,124.83,8.432,52.05,55.04,,29.85,720.0000010000034,300.0,11426.89036016826,9076.225058851234,300.0,[],[]
447,448,K,122.13000000000001,8.309,60.15,52.65,38.07,37.68,300.0,300.0,44479.372124602894,52978.43593983661,844.9060009999992,[],[]
448,449,D,115.63000000000001,6.836,53.35,,,,480.2000010000039,300.0,733.2107126016003,600.000001,300.0,[],[]
449,450,D,109.73,7.812,45.15,53.84,,40.52,369.8000009999995,300.0,63528.19508821971,113.60107546874707,300.0,[],[]
450,451,A,118.23,6.995,49.07,45.58,20.14,,5511.200001000025,300.0,9895.575651655441,57592.116610311394,943.6500010000004,[],[]
451,452,S,121.13000000000001,8.762,57.28,47.41,,,7311.488000999993,300.0,1022.699155147204,18163.894629099206,403.6120010000007,[],[]
452,453,M,114.43,8.604,55.22,55.368,19.13,66.36,300.0,300.0,40950.07430657871,13613.132181280245,128.21400099999923,[],[]
453,454,P,120.53,8.962,60.47,,30.66,,8080.200000999984,2080.8000009999982,14973.218715569183,600.000001,300.0,[],[]
454,455,L,125.23,8.309,53.9,62.48,40.3,31.68,7220.000000999989,4440.20000099997,2269.153869491812,1467.2309037777902,279.23200099999957,[],[]
455,456,P,120.33,7.365,61.48,52.0,31.19,38.81,1065.8000010000117,300.0,6297.6269221388475,11550.06647832591,300.0,[],[]
456,457,F,125.33,8.203,57.99,62.21,40.66,,300.0,300.0,1374.7597180812932,2495.0113388684817,300.0,[],[]
457,458,D,,,,,,,300.0,300.0,600.000001,600.000001,300.0,[],[]
458,459,L,116.43,8.4,58.14,46.861,43.51,32.33,300.0,300.0,8617.720734891014,120496.55670745113,140.66000099999835,[],[]
459,460,T,,,,,,,300.0,300.0,600.000001,600.000001,300.0,[],[]
460,461,D,119.63000000000001,8.539,56.16,59.68,41.7,71.74,1513.800001000016,7220.000001000044,3844.718368346958,6512.669468727689,300.0,[],[]
461,462,I,123.93,7.723,64.41,57.03,37.74,39.8,3.200001000001001,300.0,91.49068484202014,781.4500010000061,67.39200100000038,[],[]
462,463,V,119.73,8.631,66.99,64.45,30.29,,4021.4480010000357,300.0,5679.629636020573,338.3945430235171,70.72600100000028,[],[]
463,464,S,113.93,7.752999999999999,59.69,68.408,,,4992.80000099999,300.0,1997.4393958787948,6503.306248088699,474.8360009999997,[],[]
464,465,E,120.23,6.392,56.7,58.11,29.35,62.91,1729.800000999999,168.2000010000031,398.8670910454615,9436.971788142144,3308.0680010000005,[],[]
465,466,L,123.83,7.972,54.88,55.77,41.3,29.06,4089.8000009999982,300.0,225.40607187653404,929.4113576762865,147.43200099999993,[],[]
466,467,R,122.13000000000001,8.791,54.87,53.45,29.39,,4263.200001000005,64.8000009999998,1461.010242314553,1523.4324781386636,300.0,[],[]
467,468,G,110.93,8.426,43.88,56.33,,29.57,2247.2000009999792,300.0,3414.3253717356315,661.0861810248766,1193.2340009999975,[],[]
468,469,Q,121.03,7.8950000000000005,56.75,44.94,30.01,,11907.20000099998,871.2000010000004,1591.736599438397,533.7643373284455,1234.1400010000027,[],[]
469,470,L,121.83,8.949,53.48,54.31,42.14,29.35,1584.2000010000022,5184.2000009999965,1222.011264898589,1895.7279338782848,300.0,[],[]
470,471,L,126.43,8.821,54.05,54.37,40.79,43.75,115.2000010000019,300.0,1206.6853886342926,2589.767294181572,1191.252001,[],[]
471,472,E,120.13000000000001,8.544,58.27,54.29,31.07,,1656.2000009999879,7449.800000999999,2928.093746219006,495.74919734218815,117.12400099999999,[],[]
472,473,A,105.53,7.8629999999999995,46.15,59.18,,29.14,0.20000099999992044,300.0,27747.314050586803,5188.511691420765,300.0,[],[]
473,474,K,120.43,7.664,57.37,46.16,28.44,,64.8000009999998,300.0,20766.482943508567,27663.18440182649,565.032000999998,[],[]
474,475,P,123.83,8.214,65.5,57.55,,,300.0,300.0,5189.014866205336,1116.358025691356,300.0,[],[]
