,residue number,amino acid,mode,freq,N,H,CA,CAPrime,CB,CBPrime,duplicated?,venditti assignment
0,1,T,234,0.5163,123.833,8.324,63.609,,,54.871,False,0
1,2,P,,0.0,,,,,,,False,"(2, '5.695', '113.900')"
2,3,K,17,0.189,,,,,,,False,"(3, '5.191', '126.072')"
3,4,D,,0.2767,,,,,,,False,"(4, '6.242', '122.211')"
4,5,D,227,0.1626,,,,,,,False,"(5, '6.364', '119.926')"
5,6,E,30,0.2405,119.276,6.91,58.116,59.816,57.228,58.392,True,5
6,7,F,,0.7857,,,,,,,False,6
7,8,Y,76,0.3202,126.223,8.705,65.807,62.893,53.77,54.392,True,"(8, '6.941', '128.085')"
8,9,Q,107,0.2457,119.725,9.255,59.758,65.829,57.429,55.07,True,"(9, '7.078', '125.359')"
9,10,Q,,0.4204,,,,,,,False,9
10,11,W,,0.428,,,,,,,False,"(11, '6.598', '120.947')"
11,12,Q,,0.3918,,,,,,,False,11
12,13,L,19,0.302,121.492,7.394,58.627,59.915,54.416,55.296,False,"(13, '7.013', '121.881')"
13,14,K,25,0.2149,118.582,7.396,58.703,59.18,,54.953,True,"(14, '7.046', '121.772')"
14,15,Y,,0.5409,,,,,,,False,"(15, '7.141', '122.497')"
15,16,P,,0.0,,,,,,,False,15
16,17,K,58,0.2006,128.047,9.334,60.593,62.125,44.184,50.871,True,"(17, '7.414', '123.869')"
17,18,L,192,0.1799,,,,,,,False,"(18, '7.374', '122.679')"
18,19,I,,0.7735,,,,,,,False,18
19,20,L,229,0.1991,,,,,,,False,19
20,21,R,,0.3218,,,,,,,False,20
21,22,E,33,0.2849,117.451,6.946,58.059,53.902,20.715,57.836,False,"(22, '7.319', '120.364')"
22,23,A,,0.8417,,,,,,,False,22
23,24,S,32,0.5906,118.313,6.99,49.098,57.527,65.214,,True,23
24,25,S,2,0.6289,122.611,6.303,49.834,49.177,69.595,66.158,False,24
25,26,V,16,0.3677,123.079,7.434,58.551,49.939,47.311,70.609,True,25
26,27,S,149,0.1689,,,,,,,False,26
27,28,E,116,0.2326,122.329,8.622,60.33,49.504,,63.778,False,27
28,29,E,,0.3504,,,,,,,False,"(29, '7.261', '117.820')"
29,30,L,,0.2247,,,,,,,False,29
30,31,H,,0.5087,,,,,,,False,30
31,32,K,,0.4944,,,,,,,False,"(32, '6.850', '118.876')"
32,33,E,295,0.0977,,,,,,,False,"(33, '6.767', '118.745')"
33,34,V,,0.7306,,,,,,,False,33
34,35,Q,168,0.2767,116.72,7.992,57.215,64.494,57.666,54.806,True,34
35,36,E,30,0.3416,119.276,6.91,58.116,59.816,57.228,58.392,True,"(36, '6.896', '117.690')"
36,37,A,,0.8563,,,,,,,False,"(37, '6.958', '117.496')"
37,38,F,,0.3595,,,,,,,False,"(38, '6.830', '115.366')"
38,39,L,324,0.0919,,,,,,,False,38
39,40,T,99,0.3148,125.355,7.987,51.812,56.405,66.8,56.859,True,"(40, '6.563', '114.514')"
40,41,L,270,0.239,118.636,7.673,59.188,51.927,52.102,67.394,False,40
41,42,H,,0.6557,,,,,,,False,41
42,43,K,,0.316,,,,,,,False,42
43,44,H,272,0.1199,,,,,,,False,43
44,45,G,187,0.1957,,,,,,,False,"(45, '7.571', '124.204')"
45,46,C,142,0.119,,,,,,,False,45
46,47,L,,0.2393,,,,,,,False,46
47,48,F,,0.397,,,,,,,False,47
48,49,R,113,0.1632,,,,,,,False,48
49,50,D,,0.7781,,,,,,,False,49
50,51,L,27,0.1726,,,,,,,False,50
51,52,V,,0.495,,,,,,,False,51
52,53,R,,0.7053,,,,,,,False,52
53,54,I,,0.7598,,,,,,,False,"(54, '8.848', '131.181')"
54,55,Q,314,0.1906,,,,,,,False,"(55, '8.913', '130.287')"
55,56,G,165,0.1863,,,,,,,False,"(56, '9.079', '131.361')"
56,57,K,291,0.2222,119.937,8.207,50.998,44.694,,,True,56
57,58,D,223,0.1218,,,,,,,False,"(58, '9.173', '132.024')"
58,59,L,,0.3778,,,,,,,False,"(59, '8.793', '128.062')"
59,60,L,286,0.1784,,,,,,,False,59
60,61,T,,0.2998,,,,,,,False,60
61,62,P,,0.0,,,,,,,False,"(62, '8.410', '128.411')"
62,63,V,36,0.2298,115.766,6.891,68.63,68.673,52.85,33.258,True,"(63, '9.835', '133.493')"
63,64,S,203,0.3808,114.194,6.917,,67.666,56.531,57.532,True,"(64, '9.234', '128.349')"
64,65,R,170,0.256,115.6,7.881,62.818,,,55.608,False,64
65,66,I,,0.8679,,,,,,,False,"(66, '9.444', '127.074')"
66,67,L,147,0.3081,118.41,8.42,,66.385,43.794,48.658,False,"(67, '9.332', '126.517')"
67,68,I,,0.8432,,,,,,,False,67
68,69,G,247,0.2152,122.432,8.369,,62.562,,56.852,False,"(69, '8.658', '128.084')"
69,70,N,296,0.1553,,,,,,,False,69
70,71,P,,0.0,,,,,,,False,"(71, '8.475', '127.634')"
71,72,G,164,0.6244,113.08,8.426,44.819,62.005,,54.006,True,71
72,73,C,169,0.4624,115.866,7.887,58.323,44.917,20.622,,False,72
73,74,T,,0.9014,,,,,,,False,73
74,75,Y,199,0.2046,112.3,6.659,62.805,62.996,58.278,61.887,False,74
75,76,K,210,0.1647,,,,,,,False,"(76, '8.745', '126.012')"
76,77,Y,,0.5769,,,,,,,False,76
77,78,L,160,0.1111,,,,,,,False,"(78, '8.505', '127.140')"
78,79,N,87,0.1836,,,,,,,False,78
79,80,T,63,0.2256,128.016,8.396,49.855,53.327,66.257,41.702,False,"(80, '8.423', '126.507')"
80,81,R,88,0.2444,122.958,8.962,56.555,49.924,46.391,67.211,False,80
81,82,L,,0.7562,,,,,,,False,81
82,83,F,93,0.2977,122.893,8.752,54.95,56.258,53.153,54.189,False,82
83,84,T,,0.7796,,,,,,,False,83
84,85,V,,0.3626,,,,,,,False,"(85, '8.605', '126.285')"
85,86,P,,0.0,,,,,,,False,"(86, '9.013', '125.452')"
86,87,W,75,0.2399,126.362,8.648,59.683,61.619,58.037,54.572,False,"(87, '9.332', '123.490')"
87,88,P,,0.0,,,,,,,False,"(88, '8.609', '124.550')"
88,89,V,23,0.1863,,,,,,,False,88
89,90,K,25,0.2113,118.582,7.396,58.703,59.18,,54.953,True,"(90, '9.337', '121.599')"
90,91,G,180,0.8524,103.902,8.339,44.934,58.501,,57.109,False,90
91,92,S,254,0.8773,117.321,7.401,,45.884,57.178,,False,"(92, '9.113', '121.796')"
92,93,N,300,0.2478,122.08,8.348,,55.623,44.498,57.481,False,92
93,94,I,154,0.0761,,,,,,,False,"(94, '8.960', '123.021')"
94,95,K,335,0.0849,,,,,,,False,94
95,96,H,28,0.2021,120.246,7.038,53.035,54.186,52.749,53.986,True,95
96,97,T,,0.7364,,,,,,,False,96
97,98,E,,0.2764,,,,,,,False,"(98, '8.820', '123.610')"
98,99,A,64,0.1062,,,,,,,False,"(99, '8.797', '123.493')"
99,100,E,33,0.1893,,,,,,,False,"(100, '8.789', '123.900')"
100,101,I,,0.6889,,,,,,,False,100
101,102,A,229,0.2256,122.149,8.513,56.32,62.767,55.787,54.801,False,101
102,103,A,,0.2721,,,,,,,False,102
103,104,A,,0.4423,,,,,,,False,"(104, '8.152', '126.598')"
104,105,C,,0.7272,,,,,,,False,104
105,106,E,,0.5236,,,,,,,False,"(106, '8.324', '125.307')"
106,107,T,,0.5026,,,,,,,False,"(107, '8.137', '124.941')"
107,108,F,194,0.2435,109.887,6.586,62.515,62.601,58.166,59.201,True,107
108,109,L,189,0.3026,109.938,7.027,62.533,62.556,,59.251,True,"(109, '8.217', '124.717')"
109,110,K,,0.6033,,,,,,,False,109
110,111,L,192,0.2521,112.313,7.039,52.06,57.594,46.414,59.041,False,110
111,112,N,,0.5787,,,,,,,False,"(112, '7.840', '124.885')"
112,113,D,219,0.4222,123.024,7.677,59.188,54.497,53.52,56.913,True,"(113, '7.742', '124.234')"
113,114,Y,176,0.5903,113.446,7.849,64.712,58.132,54.134,,False,113
114,115,L,35,0.6396,117.896,7.019,55.466,64.628,52.963,55.022,True,"(115, '8.485', '124.763')"
115,116,Q,15,0.5948,124.269,7.474,57.302,55.465,55.233,54.07,False,115
116,117,I,,0.947,,,,,,,False,116
117,118,E,209,0.1416,,,,,,,False,117
118,119,T,,0.7787,,,,,,,False,"(119, '8.893', '120.175')"
119,120,I,194,0.2691,109.887,6.586,62.515,62.601,58.166,59.201,True,119
120,121,Q,189,0.323,109.938,7.027,62.533,62.556,,59.251,True,"(121, '8.682', '121.676')"
121,122,A,,0.7224,,,,,,,False,121
122,123,L,,0.4122,,,,,,,False,"(123, '8.613', '122.560')"
123,124,E,,0.7099,,,,,,,False,"(124, '8.556', '122.573')"
124,125,E,,0.3766,,,,,,,False,"(125, '8.565', '122.348')"
125,126,L,264,0.1744,,,,,,,False,"(126, '8.598', '122.188')"
126,127,A,,0.3476,,,,,,,False,"(127, '8.561', '121.929')"
127,128,A,237,0.3607,123.763,8.254,50.748,57.667,64.177,22.078,True,127
128,129,K,,0.4673,,,,,,,False,"(129, '8.484', '122.253')"
129,130,E,,0.3254,,,,,,,False,129
130,131,K,264,0.1065,,,,,,,False,130
131,132,A,,0.3522,,,,,,,False,131
132,133,N,117,0.0834,,,,,,,False,132
133,134,E,154,0.1896,,,,,,,False,133
134,135,D,,0.4027,,,,,,,False,134
135,136,A,279,0.1942,,,,,,,False,"(136, '8.705', '119.679')"
136,137,V,124,0.225,119.306,8.977,,,,21.603,False,136
137,138,P,,0.0,,,,,,,False,"(138, '8.660', '119.317')"
138,139,L,43,0.3702,127.859,8.009,49.49,61.36,48.988,50.456,False,"(139, '8.916', '118.906')"
139,140,C,114,0.4131,122.748,8.626,56.542,,51.5,52.615,False,"(140, '9.133', '118.072')"
140,141,M,,0.2992,,,,,,,False,140
141,142,S,255,0.1623,,,,,,,False,141
142,143,A,179,0.3291,110.675,8.206,44.737,56.161,,56.73,False,"(143, '9.042', '117.186')"
143,144,D,,0.6195,,,,,,,False,"(144, '8.987', '117.842')"
144,145,F,325,0.2447,121.48,7.904,59.715,52.093,53.314,67.725,True,144
145,146,P,,0.0,,,,,,,False,"(146, '8.726', '118.032')"
146,147,R,315,0.1257,,,,,,,False,146
147,148,V,,0.3787,,,,,,,False,147
148,149,G,166,0.4901,114.982,8.141,42.867,59.198,,52.41,True,148
149,150,M,125,0.4463,118.472,9.193,57.652,42.917,,,False,149
150,151,G,181,0.1979,,,,,,,False,"(151, '8.764', '115.892')"
151,152,S,32,0.2536,118.313,6.99,49.098,57.527,65.214,,True,151
152,153,S,337,0.5151,113.541,6.928,,,57.997,58.835,True,"(153, '8.593', '115.813')"
153,154,Y,,0.5409,,,,,,,False,"(154, '8.600', '116.914')"
154,155,N,49,0.4962,130.687,8.974,55.072,55.563,54.948,57.238,False,154
155,156,G,178,0.6183,110.696,8.294,43.753,56.116,,56.421,False,155
156,157,Q,185,0.3577,109.363,7.18,58.301,45.81,13.268,,True,156
157,158,D,85,0.2164,123.551,9.049,56.523,58.359,,13.859,False,157
158,159,E,,0.2055,,,,,,,False,"(159, '8.314', '116.855')"
159,160,V,,0.6365,,,,,,,False,"(160, '8.376', '116.799')"
160,161,D,,0.9492,,,,,,,False,"(161, '8.405', '117.284')"
161,162,I,271,0.4335,119.203,7.819,61.76,53.787,52.884,45.738,False,161
162,163,K,228,0.5099,123.598,7.818,57.563,,,,False,162
163,164,S,331,0.8037,120.714,7.817,,57.864,53.574,57.116,False,"(164, '8.346', '118.263')"
164,165,R,,0.4207,,,,,,,False,"(165, '8.290', '118.373')"
165,166,A,,0.8149,,,,,,,False,"(166, '8.606', '118.626')"
166,167,A,237,0.2539,123.763,8.254,50.748,57.667,64.177,22.078,True,166
167,168,Y,,0.3142,,,,,,,False,"(168, '8.405', '118.894')"
168,169,N,13,0.0925,,,,,,,False,"(169, '8.448', '119.232')"
169,170,V,,0.7674,,,,,,,False,"(170, '8.458', '119.763')"
170,171,T,,0.5023,,,,,,,False,"(171, '8.483', '120.014')"
171,172,L,,0.6435,,,,,,,False,"(172, '8.306', '118.924')"
172,173,L,9,0.2758,121.347,6.659,52.852,56.342,43.54,58.128,True,"(173, '8.341', '118.771')"
173,174,N,9,0.2262,121.347,6.659,52.852,56.342,43.54,58.128,True,173
174,175,F,,0.7735,,,,,,,False,"(175, '8.860', '112.767')"
175,176,M,51,0.1406,,,,,,,False,175
176,177,D,192,0.154,,,,,,,False,"(177, '8.516', '114.014')"
177,178,P,,0.0,,,,,,,False,177
178,179,Q,,0.2438,,,,,,,False,178
179,180,K,214,0.1132,,,,,,,False,"(180, '8.187', '113.670')"
180,181,M,28,0.2916,120.246,7.038,53.035,54.186,52.749,53.986,True,180
181,182,P,,0.0,,,,,,,False,181
182,183,Y,58,0.1875,,,,,,,False,182
183,184,L,160,0.2024,114.414,8.576,55.248,55.368,45.189,67.967,False,"(184, '8.320', '112.465')"
184,185,K,69,0.1519,,,,,,,False,"(185, '7.931', '116.320')"
185,186,E,81,0.2932,121.791,9.54,54.277,54.348,51.248,45.443,False,185
186,187,E,,0.8749,,,,,,,False,"(187, '7.821', '115.200')"
187,188,P,,0.0,,,,,,,False,187
188,189,Y,68,0.3005,126.583,8.844,60.709,61.778,,17.485,False,188
189,190,F,52,0.2737,128.462,8.854,57.857,59.3,,,False,"(190, '7.924', '113.956')"
190,191,G,91,0.235,124.3,8.849,55.983,56.232,,44.768,False,"(191, '8.057', '113.123')"
191,192,M,90,0.253,123.893,8.857,59.004,54.62,,,False,191
192,193,G,134,0.3075,116.852,8.843,44.985,58.344,,,False,"(193, '7.788', '113.046')"
193,194,K,296,0.2174,120.379,8.376,56.257,43.552,,,False,193
194,195,M,,0.9193,,,,,,,False,194
195,196,A,,0.786,,,,,,,False,195
196,197,V,201,0.2709,111.929,6.646,,,,,False,"(197, '8.234', '110.296')"
197,198,S,190,0.3887,110.918,7.156,62.7,63.799,58.255,59.29,False,197
198,199,W,197,0.3619,110.858,6.645,62.651,62.753,58.219,59.295,False,"(199, '8.279', '103.502')"
199,200,H,,0.6137,,,,,,,False,199
200,201,H,294,0.1659,,,,,,,False,200
201,202,D,,0.3903,,,,,,,False,201
202,203,E,121,0.2082,120.765,8.814,54.462,55.9,54.611,55.602,True,202
203,204,N,12,0.6983,122.172,7.107,54.788,54.158,53.623,55.148,False,203
204,205,L,105,0.5279,124.568,8.446,52.133,55.123,44.903,55.919,False,"(205, '7.792', '109.480')"
205,206,V,,0.6557,,,,,,,False,205
206,207,D,59,0.3571,127.474,9.504,52.475,60.765,67.123,,False,"(207, '7.668', '109.206')"
207,208,R,332,0.2012,121.427,7.841,53.076,52.038,51.868,67.883,False,"(208, '7.581', '108.621')"
208,209,S,,0.6615,,,,,,,False,208
209,210,A,241,0.2024,123.39,8.117,53.544,51.854,53.642,67.814,True,"(210, '7.119', '108.963')"
210,211,V,,0.5251,,,,,,,False,"(211, '7.082', '108.875')"
211,212,A,,0.8444,,,,,,,False,"(212, '7.008', '109.083')"
212,213,V,,0.916,,,,,,,False,"(213, '7.018', '109.513')"
213,214,Y,,0.7239,,,,,,,False,"(214, '6.966', '109.538')"
214,215,S,4,0.3068,109.235,6.285,63.646,63.742,56.981,57.774,False,214
215,216,Y,191,0.3239,110.28,7.142,63.758,,,57.527,False,215
216,217,S,14,0.4371,125.415,7.51,54.865,63.123,67.176,49.517,False,"(217, '7.095', '110.518')"
217,218,C,251,0.3534,113.118,7.648,57.483,54.845,,68.526,False,217
218,219,E,208,0.2447,112.216,7.238,59.766,60.929,,59.236,False,218
219,220,G,262,0.0849,,,,,,,False,219
220,221,P,,0.0,,,,,,,False,220
221,222,E,17,0.239,124.03,7.541,54.354,66.063,66.33,17.695,False,221
222,223,E,184,0.1458,,,,,,,False,222
223,224,E,81,0.1129,,,,,,,False,223
224,225,S,,0.5729,,,,,,,False,224
225,226,E,could not find mode,NA,,,,,,,False,225
226,227,D,277,0.1108,,,,,,,False,226
227,228,D,,0.4119,,,,,,,False,227
228,229,S,99,0.2222,125.355,7.987,51.812,56.405,66.8,56.859,True,228
229,230,H,241,0.3683,123.39,8.117,53.544,51.854,53.642,67.814,True,229
230,231,L,,0.624,,,,,,,False,230
231,232,E,213,0.1948,,,,,,,False,231
232,233,G,,0.3556,,,,,,,False,232
233,234,R,185,0.2317,109.363,7.18,58.301,45.81,13.268,,True,233
234,235,D,3,0.2712,120.326,6.425,56.74,58.271,55.626,22.79,False,234
235,236,P,,0,,,,,,,False,235
236,237,D,,0.4244,,,,,,,False,236
237,238,I,321,0.2052,121.739,7.992,62.609,56.764,55.753,56.828,False,237
238,239,W,,0.7422,,,,,,,False,238
239,240,H,,0.6174,,,,,,,False,239
240,241,V,,0.2813,,,,,,,False,240
241,242,G,186,0.7656,109.275,7.143,44.574,63.721,,57.675,False,241
242,243,F,,0.6253,,,,,,,False,242
243,244,K,333,0.3647,121.788,7.827,61.14,62.702,,57.637,False,"(244, '7.456', '119.807')"
244,245,I,,0.8304,,,,,,,False,244
245,246,S,131,0.5674,117.825,8.736,,66.416,67.307,54.686,False,245
246,247,W,325,0.2076,121.48,7.904,59.715,52.093,53.314,67.725,True,246
247,248,D,,0.2795,,,,,,,False,"(248, '7.583', '121.560')"
248,249,I,239,0.1312,,,,,,,False,"(249, '7.526', '122.097')"
249,250,E,152,0.2058,119.294,8.466,54.465,63.012,44.06,54.761,False,249
250,251,T,223,0.1747,,,,,,,False,"(251, '7.515', '123.281')"
251,252,P,,0,,,,,,,False,251
252,253,G,164,0.204,113.08,8.426,44.819,62.005,,54.006,True,252
253,254,L,310,0.2639,120.425,8.117,55.62,45.267,44.413,,True,253
254,255,A,13,0.1903,,,,,,,False,254
255,256,I,,0.5626,,,,,,,False,255
256,257,P,,0,,,,,,,False,256
257,258,L,168,0.3059,116.72,7.992,57.215,64.494,57.666,54.806,True,257
258,259,H,294,0.1848,,,,,,,False,258
259,260,Q,,0.8977,,,,,,,False,"(260, '7.639', '122.083')"
260,261,G,165,0.2402,114.734,8.204,45.02,70.313,,31.559,False,260
261,262,D,,0.7507,,,,,,,False,261
262,263,C,,0.9449,,,,,,,False,"(263, '7.757', '123.198')"
263,264,Y,207,0.2618,112.089,7.313,63.272,,58.23,,False,263
264,265,F,200,0.3689,112.041,6.692,63.05,63.212,57.882,58.998,False,"(265, '8.418', '121.559')"
265,266,M,249,0.1674,,,,,,,False,"(266, '8.411', '122.748')"
266,267,L,6,0.2454,128.485,7.002,52.688,57.381,52.519,60.846,False,"(267, '8.388', '122.759')"
267,268,D,89,0.2715,124.01,8.881,56.15,52.501,55.451,56.502,True,"(268, '8.317', '123.010')"
268,269,D,60,0.3047,126.917,9.393,55.751,56.186,66.715,56.49,True,"(269, '8.263', '123.433')"
269,270,L,,0.9023,,,,,,,False,"(270, '8.282', '123.368')"
270,271,N,79,0.4006,123.89,9.393,54.552,52.537,55.931,42.505,False,"(271, '8.193', '123.363')"
271,272,A,89,0.3595,124.01,8.881,56.15,52.501,55.451,56.502,True,"(272, '8.089', '123.556')"
272,273,T,60,0.3823,126.917,9.393,55.751,56.186,66.715,56.49,True,272
273,274,H,,0.3205,,,,,,,False,273
274,275,Q,,0.8426,,,,,,,False,274
275,276,H,62,0.3275,128.484,8.719,57.541,57.348,56.695,56.283,False,275
276,277,C,,0.8012,,,,,,,False,276
277,278,V,,0.6932,,,,,,,False,277
278,279,L,,0.7629,,,,,,,False,"(279, '8.115', '122.954')"
279,280,A,83,0.189,,,,,,,False,279
280,281,G,,0.2791,,,,,,,False,"(281, '8.291', '122.510')"
281,282,S,,0.2758,,,,,,,False,281
282,283,Q,98,0.2639,125.117,8.278,53.82,62.35,44.579,54.165,False,282
283,284,P,,0,,,,,,,False,283
284,285,R,,0.8125,,,,,,,False,284
285,286,F,,0.6484,,,,,,,False,285
286,287,S,37,0.1951,,,,,,,False,"(287, '7.275', '114.700')"
287,288,S,337,0.2438,113.541,6.928,,,57.997,58.835,True,"(288, '7.662', '112.765')"
288,289,T,131,0.1534,,,,,,,False,288
289,290,H,,0.3047,,,,,,,False,"(290, '7.662', '113.790')"
290,291,R,,0.5105,,,,,,,False,"(291, '7.647', '114.099')"
291,292,V,,0.3577,,,,,,,False,"(292, '7.341', '116.921')"
292,293,A,,0.5318,,,,,,,False,"(293, '7.432', '116.435')"
293,294,E,,0.5787,,,,,,,False,"(294, '7.432', '116.954')"
294,295,C,183,0.2554,109.021,7.642,,,,,False,"(295, '7.419', '117.745')"
295,296,S,40,0.4037,124.604,7.632,55.202,64.382,66.749,,False,295
296,297,T,215,0.6995,121.96,7.643,54.716,,68.087,69.038,False,"(297, '7.657', '116.563')"
297,298,G,275,0.8015,108.275,2.957,43.29,51.837,,67.539,False,"(298, '7.716', '116.566')"
298,299,T,,0.9842,,,,,,,False,298
299,300,L,16,0.2237,123.079,7.434,58.551,49.939,47.311,70.609,True,"(300, '7.888', '117.171')"
300,301,D,,0.396,,,,,,,False,300
301,302,Y,,0.2776,,,,,,,False,301
302,303,I,,0.7668,,,,,,,False,"(303, '8.159', '116.492')"
303,304,L,147,0.116,,,,,,,False,303
304,305,Q,,0.2317,,,,,,,False,"(305, '7.981', '118.124')"
305,306,R,,0.382,,,,,,,False,305
306,307,C,,0.396,,,,,,,False,"(307, '7.684', '117.748')"
307,308,Q,107,0.246,119.725,9.255,59.758,65.829,57.429,55.07,True,307
308,309,L,132,0.2992,117.692,8.749,55.323,60.084,48.39,57.274,False,308
309,310,A,,0.6676,,,,,,,False,309
310,311,L,95,0.1957,,,,,,,False,310
311,312,Q,73,0.1973,,,,,,,False,311
312,313,N,,0.361,,,,,,,False,312
313,314,V,219,0.2097,123.024,7.677,59.188,54.497,53.52,56.913,True,"(314, '7.670', '121.174')"
314,315,C,,0.6889,,,,,,,False,"(315, '7.622', '120.925')"
315,316,D,248,0.3135,122.772,8.452,56.046,56.428,55.445,56.375,False,315
316,317,D,55,0.2393,128.811,8.471,53.518,55.832,43.369,58.166,False,316
317,318,V,,0.3193,,,,,,,False,317
318,319,D,220,0.1187,,,,,,,False,"(319, '7.739', '119.736')"
319,320,N,67,0.2006,126.878,8.895,55.659,56.441,47.718,45.811,False,319
320,321,D,143,0.1924,,,,,,,False,320
321,322,D,233,0.14,,,,,,,False,"(322, '7.854', '118.625')"
322,323,V,,0.4177,,,,,,,False,"(323, '8.020', '118.615')"
323,324,S,35,0.2158,117.896,7.019,55.466,64.628,52.963,55.022,True,323
324,325,L,300,0.1315,,,,,,,False,"(325, '8.190', '118.778')"
325,326,K,,0.4219,,,,,,,False,"(326, '8.214', '119.253')"
326,327,S,102,0.1644,,,,,,,False,326
327,328,F,300,0.1492,,,,,,,False,327
328,329,E,182,0.0849,,,,,,,False,328
329,330,P,,0,,,,,,,False,"(330, '8.105', '119.644')"
330,331,A,172,0.2493,114.741,8.064,,67.094,,55.394,False,330
331,332,V,,0.3942,,,,,,,False,"(332, '7.970', '119.602')"
332,333,L,,0.6399,,,,,,,False,332
333,334,K,,0.34,,,,,,,False,333
334,335,Q,,0.3513,,,,,,,False,"(335, '8.308', '120.377')"
335,336,G,177,0.3647,110.982,8.403,43.909,56.465,,56.466,True,"(336, '8.312', '120.176')"
336,337,E,,0.6977,,,,,,,False,336
337,338,E,,0.7963,,,,,,,False,337
338,339,I,,0.5379,,,,,,,False,338
339,340,H,,0.2834,,,,,,,False,339
340,341,N,,0.3078,,,,,,,False,"(341, '8.231', '121.291')"
341,342,E,294,0.1921,,,,,,,False,341
342,343,V,,0.7677,,,,,,,False,342
343,344,E,,0.6441,,,,,,,False,343
344,345,F,,0.3671,,,,,,,False,344
345,346,E,216,0.0852,,,,,,,False,345
346,347,W,,0.4694,,,,,,,False,346
347,348,L,61,0.1297,,,,,,,False,347
348,349,R,,0.3513,,,,,,,False,348
349,350,Q,,0.5626,,,,,,,False,349
350,351,F,,0.3528,,,,,,,False,350
351,352,W,,0.2484,,,,,,,False,351
352,353,F,,0.5732,,,,,,,False,"(353, '8.064', '121.595')"
353,354,Q,,0.4685,,,,,,,False,353
354,355,G,187,0.2219,109.483,7.069,44.658,57.885,,46.33,False,"(355, '8.002', '121.428')"
355,356,N,291,0.2076,119.937,8.207,50.998,44.694,,,True,355
356,357,R,,0.5769,,,,,,,False,356
357,358,Y,224,0.2027,123.843,7.853,58.84,61.611,56.434,,False,357
358,359,R,,0.7562,,,,,,,False,"(359, '7.932', '121.339')"
359,360,K,100,0.2965,125.66,7.855,54.45,57.453,44.704,48.02,False,"(360, '7.892', '121.118')"
360,361,C,,0.6435,,,,,,,False,360
361,362,T,,0.2213,,,,,,,False,361
362,363,D,,0.3957,,,,,,,False,362
363,364,W,277,0.1373,,,,,,,False,363
364,365,W,,0.5038,,,,,,,False,364
365,366,C,76,0.207,126.223,8.705,65.807,62.893,53.77,54.392,True,"(366, '7.829', '119.697')"
366,367,Q,107,0.274,119.725,9.255,59.758,65.829,57.429,55.07,True,"(367, '7.789', '119.814')"
367,368,P,,0,,,,,,,False,"(368, '7.843', '119.914')"
368,369,M,260,0.2603,117.468,7.758,56.238,63.21,48.239,55.218,False,368
369,370,A,,0.2134,,,,,,,False,369
370,371,Q,,0.5026,,,,,,,False,"(371, '7.780', '121.027')"
371,372,L,26,0.1756,,,,,,,False,"(372, '7.766', '121.388')"
372,373,E,,0.4289,,,,,,,False,"(373, '7.750', '121.824')"
373,374,A,,0.3002,,,,,,,False,"(374, '7.799', '121.880')"
374,375,L,66,0.1808,,,,,,,False,"(375, '6.873', '113.603')"
375,376,W,,0.3373,,,,,,,False,"(376, '6.868', '113.141')"
376,377,K,,0.4317,,,,,,,False,376
377,378,K,22,0.0721,,,,,,,False,377
378,379,M,,0.4566,,,,,,,False,378
379,380,E,,0.4737,,,,,,,False,379
380,381,G,177,0.2688,110.982,8.403,43.909,56.465,,56.466,True,"(381, '7.734', '120.647')"
381,382,V,,0.6743,,,,,,,False,381
382,383,T,36,0.2113,115.766,6.891,68.63,68.673,52.85,33.258,True,382
383,384,N,276,0.2518,120.681,7.711,53.965,,43.968,68.981,False,383
384,385,A,,0.5135,,,,,,,False,384
385,386,V,,0.4161,,,,,,,False,385
386,387,L,,0.3008,,,,,,,False,386
387,388,H,11,0.2152,122.281,7.074,56.886,58.883,45.196,57.6,False,387
388,389,E,,0.3062,,,,,,,False,388
389,390,V,66,0.3205,127.404,8.851,59.358,58.128,56.167,22.74,False,389
390,391,K,149,0.3339,118.773,8.351,58.992,59.45,56.528,57.346,False,390
391,392,R,,0.4234,,,,,,,False,391
392,393,E,94,0.1495,,,,,,,False,392
393,394,G,166,0.284,114.982,8.141,42.867,59.198,,52.41,True,393
394,395,L,310,0.347,120.425,8.117,55.62,45.267,44.413,,True,394
395,396,P,,0,,,,,,,False,395
396,397,V,163,0.1772,,,,,,,False,396
397,398,E,308,0.088,,,,,,,False,397
398,399,Q,265,0.0998,,,,,,,False,398
399,400,R,,0.6636,,,,,,,False,399
400,401,N,,0.4155,,,,,,,False,400
401,402,E,121,0.2012,120.765,8.814,54.462,55.9,54.611,55.602,True,401
402,403,I,154,0.2024,120.163,8.518,58.264,54.448,53.824,55.539,False,402
403,404,L,,0.4046,,,,,,,False,403
404,405,T,225,0.1528,,,,,,,False,404
405,406,A,,0.5747,,,,,,,False,405
406,407,I,,0.7269,,,,,,,False,406
407,408,L,,0.3026,,,,,,,False,407
408,409,A,320,0.1215,,,,,,,False,408
409,410,S,319,0.2046,121.604,8.061,,,52.923,,False,409
410,411,L,,0.239,,,,,,,False,410
411,412,T,273,0.2107,126.356,8.065,52.008,56.196,66.887,56.792,False,411
412,413,A,,0.5236,,,,,,,False,412
413,414,R,,0.4085,,,,,,,False,413
414,415,Q,,0.6082,,,,,,,False,414
415,416,N,,0.263,,,,,,,False,415
416,417,L,7,0.109,,,,,,,False,416
417,418,R,,0.2664,,,,,,,False,417
418,419,R,,0.2795,,,,,,,False,418
419,420,E,,0.3294,,,,,,,False,419
420,421,W,,0.2152,,,,,,,False,420
421,422,H,,0.4155,,,,,,,False,421
422,423,A,,0.3793,,,,,,,False,422
423,424,R,42,0.109,,,,,,,False,423
424,425,C,,0.4094,,,,,,,False,424
425,426,Q,,0.2146,,,,,,,False,425
426,427,S,46,0.2122,130.143,8.476,52.609,53.984,67.299,45.734,False,426
427,428,R,266,0.2974,118.524,8.042,53.932,52.503,44.608,67.804,False,427
428,429,I,277,0.2959,121.574,7.731,55.445,53.978,46.752,45.597,False,428
429,430,A,,0.5306,,,,,,,False,429
430,431,R,,0.6259,,,,,,,False,430
431,432,T,293,0.3361,119.763,8.037,54.158,55.386,67.991,,False,431
432,433,L,74,0.4393,126.556,8.58,56.881,52.531,57.201,68.272,False,432
433,434,P,,0,,,,,,,False,433
434,435,A,268,0.2557,118.148,7.745,50.262,61.476,57.476,55.605,False,434
435,436,D,could not find mode,NA,,,,,,,False,435
436,437,Q,55,0.116,,,,,,,False,436
437,438,K,,0.4691,,,,,,,False,437
438,439,P,,0,,,,,,,False,438
439,440,E,,0.3282,,,,,,,False,439
440,441,C,42,0.2198,127.752,7.936,60.936,59.382,51.972,21.855,False,440
441,442,R,24,0.1641,,,,,,,False,441
442,443,P,,0,,,,,,,False,442
443,444,Y,58,0.2009,128.047,9.334,60.593,62.125,44.184,50.871,True,443
444,445,W,139,0.3327,116.512,8.587,56.253,54.808,53.797,44.427,False,444
445,446,E,144,0.2338,117.199,8.437,55.619,56.262,,54.696,False,445
446,447,K,81,0.1172,,,,,,,False,446
447,448,D,,0.3081,,,,,,,False,447
448,449,D,,0.4788,,,,,,,False,448
449,450,A,177,0.1726,,,,,,,False,449
450,451,S,,0.5349,,,,,,,False,450
451,452,M,148,0.225,118.663,8.406,53.664,,,59.273,False,451
452,453,P,,0,,,,,,,False,452
453,454,L,8,0.1638,,,,,,,False,453
454,455,P,,0,,,,,,,False,454
455,456,F,,0.2871,,,,,,,False,455
456,457,D,7,0.1875,,,,,,,False,456
457,458,L,,0.4615,,,,,,,False,457
458,459,T,,0.2454,,,,,,,False,458
459,460,D,325,0.0986,,,,,,,False,459
460,461,I,,0.2606,,,,,,,False,460
461,462,V,,0.8134,,,,,,,False,461
462,463,S,203,0.2119,114.194,6.917,,67.666,56.531,57.532,True,462
463,464,E,,0.3056,,,,,,,False,463
464,465,L,,0.2362,,,,,,,False,464
465,466,R,,0.3501,,,,,,,False,465
466,467,G,,0.6928,,,,,,,False,466
467,468,Q,312,0.2237,121.061,8.052,54.563,44.783,,,False,467
468,469,L,242,0.2158,122.746,8.076,49.028,53.664,43.892,51.29,False,468
469,470,L,319,0.1571,,,,,,,False,469
470,471,E,,0.2594,,,,,,,False,470
471,472,A,290,0.1279,,,,,,,False,471
472,473,K,17,0.1422,,,,,,,False,472
473,474,P,,0,,,,,,,False,473
