,residue number,amino acid,N,H,CA,CAPrime,CADelta,CACAPrime,CB,CBPrime,CBDelta,CBCBPrime,CACBExp,CAExpDelta,CBExpDelta,CACBExpPrime,CAExpPrimeDelta,CBExpPrimeDelta,NOESY,NearbyHShiftList,ClosestMatchDelta,Assignment Probable,Assignment Likely 
102,103,A,125.33,7.517,54.78,63.11,0.18,64.800001,17.89,36.57,0.34,231.200001,393.1284672,0.085106383,0.351851852,5359.443128,0.945783133,0.944444444,1517.475001,"[6.948, 7.668, 7.536]","[0.702, 0.005, 0.114]",1,1
103,104,A,119.63,8.048,54.06,54.96,0.01,0.200001,17.07,18.23,0.23,105.800001,5876.632632,0.85106383,1.111111111,38.06724182,0.106382979,0.037037037,1756.704001,"[8.557, 8.394, 6.848, 7.652, 8.187, 9.566, 8.057]","[0.308, 0.145, 0.669, 0.002, 0.033, 0.145, 0.0]",1,1
128,129,A,123.53,7.615,51.74,53,0.01,0.200001,18.72,18.42,0.18,64.800001,1016.394861,0.528409091,0.244094488,797.5761352,0.1875,0.480314961,300,[],[],1,1
136,137,A,124.03,7.897,52,54.17,0.16,51.200001,18.41,40.36,0.06,7.200001,1149.741371,0.380681818,0.488188976,274.9147531,0.050314465,0.298507463,0.195001,"[8.218, 7.902]","[0.007, 0.004]",1,1
167,168,A,122.63,6.302,49.92,49.05,0.13,33.800001,15.58,19.64,0.11,24.200001,29462.91303,1.5625,2.716535433,13383.61048,2.056818182,0.480314961,980.763001,"[7.004, 7.906, 7.419, 6.317]","[0.01, 0.025, 0.036, 0.57]",1,0
212,213,A,127.73,8.01,49.46,61.15,0.05,5.000001,22.14,29.32,0.11,24.200001,3757.784166,1.09375,0.237288136,19095.32278,0.270440252,2.508379888,4199.034001,"[9.907, 8.568, 8.307, 8.416, 9.543, 8.748, 8.022]","[0.993, 0.069, 0.025, 0.016, 0.629, 0.111, 0.005]",1,0
255,256,A,128.43,8.392,49.77,53.28,0.1,20.000001,18.85,44.47,0.1,20.000001,10062.96051,0.8515625,1.621468927,1542.650897,0.554621849,0.454545455,7.140001,"[8.193, 9.218, 8.972, 8.408]","[0.029, 0.013, 0.023, 0.029]",1,1
280,281,A,124.63,7.815,51.87,54.01,0.18,64.800001,18.67,40.43,0.04,3.200001,860.8911939,0.454545455,0.283464567,2813.17949,0.469273743,0.847058824,114.639001,"[8.166, 7.694, 7.817]","[0.012, 0.062, 0.185]",1,1
331,332,A,117.83,8.752,55.24,66.31,0.14,39.200001,17.69,31.26,0.2,80.000001,1355.493428,0.404255319,0.537037037,1973.163396,0.782178218,0.214285714,300,[],[],1,1
370,371,A,123.13,7.822,52.81,56.88,0.36,259.200001,17.84,31.44,0.04,3.200001,14743.89993,2.180851064,0.398148148,2752.06777,0.945783133,0.151162791,246.294001,"[8.015, 7.829]","[0.273, 0.087]",1,0
423,424,A,126.33,8.341,52.1,57.92,0.12,28.800001,18.07,31.93,0.32,204.800001,25966.16721,2.936170213,0.185185185,7906.641487,1.082802548,1.209580838,300,[],[],1,0
472,473,A,126.33,8.093,51.94,56.09,0.02,0.800001,18.27,29.33,0.02,0.800001,1590.447396,0.414772727,0.598425197,623.9882115,0.163043478,0.425925926,129.819001,"[7.815, 8.078]","[0.003, 0.208]",1,1
361,362,C,124.43,7.494,57.3,55.35,0.19,72.200001,29.82,31.88,0.44,387.200001,1594.879644,0.72815534,0.037634409,1865.981263,0.583333333,0.530769231,1394.487001,"[7.865, 8.723, 7.685, 8.2, 7.037, 7.155, 7.491]","[0.038, 0.184, 0.11, 0.023, 0.51, 0.392, 0.056]",1,1
441,442,C,100.93,9.913,56.06,59.25,0.01,0.200001,26.87,,0.06,7.200001,12499.98259,1.330097087,1.548387097,7547.991494,1.554347826,0,300,[],[],1,1
5,6,D,126.63,8.665,55.39,54.07,0.03,1.800001,40.47,41.02,0.16,51.200001,8169.652424,1.65,0.026785714,113.4174147,0.012578616,0.194029851,487.926001,"[9.059, 7.802, 8.833, 7.653, 8.678]","[0.11, 0.169, 0.011, 0.318, 0.144]",1,1
135,136,D,121.03,8.225,54.19,56.81,0.02,0.800001,40.41,29.24,0.05,5.000001,216.5335839,0.062893082,0.26119403,851.7823258,0.22826087,0.481481481,24.855001,"[7.904, 8.221]","[0.002, 0.091]",1,1
237,238,D,119.53,8.486,54.4,62.89,0.45,405.000001,40.77,31.5,0.13,33.800001,114.2052866,0.194968553,0.007462687,1219.63651,0.507936508,0.385416667,275.211001,"[7.662, 8.48]","[0.291, 0.084]",1,1
268,269,D,126.43,8.821,54.05,54.37,0.28,156.800001,40.79,43.75,0.17,57.800001,3.402335724,0.025157233,0.02238806,3884.650941,0.268156425,1.105882353,2239.878001,"[8.43, 9.026, 6.898, 7.818, 8.821]","[0.012, 0.422, 0.722, 0.005, 0.217]",1,1
316,317,D,120.43,8.35,54.34,62.95,0.48,460.800001,40.42,31.33,0.03,1.800001,267.3051547,0.157232704,0.253731343,14340.15247,2.014563107,0.849462366,300,[],[],1,0
319,320,D,124.63,6.969,53.5,61.35,0.48,460.800001,39.98,33.95,0.45,405.000001,1429.561756,0.371069182,0.582089552,1682.080321,0.2,0.721590909,1939.794001,"[7.548, 7.658, 6.973]","[0.199, 0.089, 0.774]",1,1
322,323,D,121.13,7.932,53.4,54.56,0.42,352.800001,40.67,40.35,0.07,9.800001,578.502822,0.433962264,0.067164179,542.9868158,0.295597484,0.305970149,707.085001,"[8.3, 6.791, 7.568, 7.932]","[0.329, 0.178, 0.307, 0.039]",1,1
457,458,D,118.73,8.295,53.12,55.56,0.44,387.200001,38.69,39.23,0.08,12.800001,8275.529979,0.610062893,1.544776119,1489.515906,0.696969697,0.103626943,300,[],[],1,1
6,7,E,121.63,8.398,58,55.36,0.05,5.000001,28.79,40.63,0.12,28.800001,5449.204476,1.238095238,0.532467532,8507.617731,1.68,0.116071429,300,[],[],1,1
125,126,E,121.93,8.345,56.34,58.58,0.42,352.800001,29.46,27.98,0.27,145.800001,360.6972044,0.027173913,0.345679012,8941.730478,0.685714286,1.584415584,300,[],[],1,1
134,135,E,122.03,8.13,56.83,53.21,0.02,0.800001,29.32,38.35,0.08,12.800001,731.6781248,0.239130435,0.432098765,130.4114423,0.188811189,0.088435374,786.432001,[8.737],[0.512],1,1
223,224,E,123.03,8.424,55.98,55.79,0.12,28.800001,29.56,29.72,0.05,5.000001,390.8382553,0.222826087,0.283950617,421.8787691,0.326086957,0.185185185,22.188001,[8.404],[0.086],1,1
224,225,E,123.03,8.49,56.01,55.86,0.04,3.200001,29.6,29.61,0.19,72.200001,329.5997777,0.206521739,0.259259259,441.0653447,0.288043478,0.25308642,300,[],[],1,1
338,339,E,123.83,7.867,58.75,61.28,0.32,204.800001,28.43,28.53,0.13,33.800001,3823.129253,0.523809524,1,12939.13308,1.885714286,0.87012987,904.773001,"[8.627, 7.706, 8.096, 8.281, 8.496, 7.863]","[0.438, 0.004, 0.077, 0.092, 0.307, 0.033]",1,1
342,343,E,122.33,7.746,59.14,55.61,0.49,480.200001,28.72,38.54,0.44,387.200001,1235.455109,0.152380952,0.623376623,172.6902031,0.060606061,0.232142857,2839.224001,"[6.924, 7.573, 8.322, 7.964, 9.27, 8.762, 8.435, 7.76]","[0.892, 0.243, 0.067, 0.01, 0.001, 0.287, 0.04, 0.056]",1,1
7,8,F,121.33,8.118,59.62,57.95,0.05,5.000001,38.48,28.91,0.07,9.800001,1666.24113,0.687116564,0.288590604,5384.719178,1.285714286,0.376623377,300,[],[],1,1
175,176,F,119.63,8.692,56.34,51.12,0.09,16.200001,42.49,41.6,0.31,192.200001,796.3180667,0.007633588,0.515151515,5134.721629,1.152542373,0.619047619,179.583001,"[8.123, 8.866, 8.735]","[0.02, 0.094, 0.225]",1,1
42,43,H,121.53,7.634,57.53,55.62,0.33,217.800001,27.02,39.03,0.46,423.200001,14300.6566,1.331210191,1.730538922,25191.60814,1.959183673,2.135135135,682.818001,"[7.053, 7.372, 7.933, 7.65]","[0.441, 0.122, 0.04, 0.129]",1,0
96,97,H,122.63,8.633,56.52,54.67,0,1.00E-06,33.55,33.5,0.49,480.200001,12102.99394,0.366336634,1.974874372,4306.529148,0.961111111,0.715384615,27.648001,[8.82],[0.096],1,1
101,102,I,117.53,8.154,63.04,59.27,0.07,9.800001,36.59,28.51,0.02,0.800001,5500.162782,0.987951807,0.925925926,2411.455558,0.028571429,0.896103896,2.103001,"[7.655, 8.155]","[0.005, 0.026]",1,1
461,462,I,123.93,7.722,64.41,57.03,0.04,3.200001,37.74,39.13,0.03,1.800001,137.2360268,0.162650602,0.138888889,4489.059567,0.01,1.223214286,281.910001,"[8.311, 8.089, 7.854, 8.625, 7.71]","[0.003, 0.006, 0.225, 0.006, 0.208]",1,1
32,33,K,116.03,7.701,57.54,60.28,0.3,180.000001,31.03,30.23,0.45,405.000001,9435.868757,1.319327731,1.185185185,640.3144521,0.420382166,0.191616766,300,[],[],1,1
57,58,K,121.23,7.612,54.03,44.88,0.02,0.800001,33.66,,0.01,0.200001,7309.886589,1.316666667,0.838461538,763.7300032,0.393162393,0,1752.819001,"[8.194, 8.079, 8.635, 8.995, 8.359, 7.621]","[0.014, 0.088, 0.366, 0.369, 0.09, 0.546]",1,1
194,195,K,120.33,8.394,56.13,43.45,0.13,33.800001,32,,0.27,145.800001,11421.76247,1.12,1.597765363,8128.402368,1.615384615,0,94.194001,"[8.764, 8.981, 8.391]","[0.071, 0.146, 0.071]",1,1
334,335,K,122.53,7.702,59.18,57.09,0.37,273.800001,31.14,,0.47,441.800001,3531.213957,0.058823529,1.083333333,932.5489389,0.459183673,0,83.703001,"[8.395, 7.879, 7.704]","[0.109, 0.012, 0.126]",1,1
20,21,L,129.03,8.799,53.36,57.29,0.05,5.000001,43.87,38.6,0.34,231.200001,781.5320596,0.487394958,0.151515152,11608.89927,1.794701987,0.805405405,3035.439001,"[6.729, 9.32, 10.018, 8.804]","[0.77, 0.009, 0.644, 0.064]",1,1
109,110,L,122.33,7.09,56.77,58.69,0.44,387.200001,40.23,36.55,0.16,51.200001,5185.130664,0.785714286,1.054054054,12271.33924,1.257668712,1.583892617,2598.957001,"[7.748, 8.361, 8.866, 7.419, 7.081]","[0.126, 0.112, 0.045, 0.455, 0.793]",1,1
126,127,L,120.93,8.166,54.08,56.76,0.06,7.200001,40.52,29.19,0.11,24.200001,2447.001,0.430167598,0.794117647,908.8021777,0.201086957,0.512345679,300,[],[],1,1
173,174,L,123.43,8.96,54.05,53.79,0.14,39.200001,43.95,41.79,0.15,45.000001,40.63225347,0.092436975,0.070707071,15269.27617,0.12605042,2.252525253,350.583001,"[9.435, 8.847, 8.648, 8.391, 8.182, 8.08, 9.157, 8.978]","[0.317, 0.084, 0.044, 0.021, 0.02, 0.053, 0.039, 0.047]",1,0
254,255,L,123.63,8.379,53.17,44.08,0.11,24.200001,44.76,,0.29,168.200001,2932.210859,0.647058824,0.747474747,2383.333334,0.833333333,0,300,[],[],1,1
304,305,L,118.33,8.432,57.79,66.11,0.16,51.200001,41.39,36.65,0.06,7.200001,195.4746414,0.255102041,0.009009009,4498.900258,0.861445783,0.87037037,919.452001,"[7.959, 7.761, 7.555, 8.754, 8.435]","[0.437, 0.239, 0.033, 0.059, 0.232]",1,1
309,310,L,120.63,8.103,57.45,58.74,0.45,405.000001,40.67,28.34,0.48,460.800001,1322.842743,0.091836735,0.657657658,47.3556932,0.125,0.012658228,122.379001,"[7.674, 8.099]","[0.152, 0.133]",1,1
372,373,L,118.53,8.818,57.45,56.8,0.04,3.200001,40.81,26.63,0.09,16.200001,872.8792656,0.091836735,0.531531532,22978.82032,1.740384615,2.151898734,224.622001,"[8.338, 8.002, 8.807]","[0.157, 0.056, 0.217]",1,0
195,196,M,121.63,8.178,54.18,56,0.11,24.200001,40.53,31.73,0.16,51.200001,19316.36757,0.054794521,2.536885246,12113.14105,0.99,1.748603352,300,[],[],1,0
93,94,N,118.03,9.387,54.03,55.41,0.09,16.200001,40.26,61.96,0.1,20.000001,7520.611889,0.762237762,1.387755102,15376.70172,1.651685393,1.548387097,2180.274001,"[8.628, 9.385, 9.559, 8.814]","[0.288, 0.469, 0.643, 0.102]",1,1
133,134,N,117.73,8.016,53.21,52.68,0,1.00E-06,38.39,17.88,0.04,3.200001,147.0711674,0.188811189,0.115646259,2459.95177,0.005681818,0.905511811,300,[],[],1,1
204,205,N,116.13,9.234,54.53,55.31,0.05,5.000001,36.56,31.96,0.31,192.200001,7534.513732,1.111888112,1.129251701,5335.794388,0.586956522,1.197530864,252.888001,"[8.377, 9.249]","[0.014, 0.29]",1,1
313,314,N,112.23,7.051,51.99,57.42,0.01,0.200001,38.57,26.96,0.24,115.200001,1494.093653,0.664335664,0.238095238,12949.904,1.144230769,1.734177215,374.211001,"[7.65, 7.938, 7.375, 7.05]","[0.176, 0.005, 0.01, 0.306]",1,1
401,402,N,121.53,8.248,53.95,56.17,0.28,156.800001,40.61,29.4,0.09,16.200001,9426.720385,0.706293706,1.62585034,1257.885446,0.108247423,0.638418079,300,[],[],1,1
121,122,Q,118.13,7.475,58.49,65.67,0.21,88.200001,27.24,41.33,0.07,9.800001,5751.044819,0.115384615,1.379746835,37043.36459,0.596385542,3.462962963,268.836001,"[8.743, 7.953, 7.599, 7.338, 8.211, 7.493]","[0.139, 0.233, 0.02, 0.116, 0.025, 0.039]",1,0
308,309,Q,116.73,7.51,58.65,59.33,0.09,16.200001,28.09,25.97,0.25,125.000001,281.3165762,0.038461538,0.303797468,15346.09905,1.908108108,1.214285714,96.492001,"[8.243, 7.912, 8.57, 7.785, 7.505]","[0.011, 0.021, 0.097, 0.148, 0.017]",1,1
354,355,Q,119.63,9.031,55.6,55.12,0.43,369.800001,29.12,,0.21,88.200001,306.5367796,0.18579235,0.260115607,2834.741354,0.919191919,0,300,[],[],1,1
468,469,Q,120.53,8.362,55.52,44.94,0.01,0.200001,28.55,,0.08,12.800001,172.4561989,0.229508197,0.069364162,650.6465055,0.341880342,0,300,[],[],1,1
147,148,R,122.13,8.534,56.25,62.62,0.48,460.800001,29.39,31.28,0.04,3.200001,1311.50686,0.149484536,0.644067797,2697.952837,0.722222222,0.614583333,32.862001,"[8.379, 8.527]","[0.075, 0.073]",1,1
208,209,R,121.73,8.291,56.05,54.86,0.01,0.200001,29.32,41.12,0.13,33.800001,1408.44835,0.046391753,0.683615819,920.1011472,0.48427673,0.268656716,0.147001,[8.302],[0.007],1,1
400,401,R,124.03,8.899,56.12,52.28,0.05,5.000001,29.6,20.92,0.2,80.000001,848.6162797,0.082474227,0.525423729,72204.98513,2,4.479768786,373.125001,"[8.612, 9.385, 9.303, 7.707, 8.285, 7.423, 7.908, 8.894, 8.901]","[0.119, 0.028, 0.11, 0.15, 0.037, 0.134, 0.006, 0.163, 0.17]",1,0
414,415,R,120.23,7.822,58.14,53.89,0.03,1.800001,31.19,17.59,0.08,12.800001,7863.597961,0.752066116,1.43373494,4383.845456,1.031914894,0.62962963,22.686001,"[7.742, 8.017, 7.818]","[0.009, 0.016, 0.085]",1,1
466,467,R,123.53,9.025,55.44,55.56,0.47,441.800001,32.16,41.15,0.46,423.200001,2759.730597,0.268041237,0.920903955,1010.120503,0.396648045,0.423529412,489.648001,[9.035],[0.404],1,1
198,199,S,122.53,8.39,56.19,62.33,0.07,9.800001,64.59,32.75,0.07,9.800001,3074.019967,0.855855856,0.540540541,4127.973454,1.012578616,0.592178771,300,[],[],1,1
209,210,S,118.03,8.339,57.52,56.04,0.02,0.800001,63.46,29.45,0.41,336.200001,996.4578027,0.466292135,0.338709677,1122.021925,0.041237113,0.610169492,24.300001,"[8.532, 8.332]","[0.09, 0.0]",1,1
282,283,S,113.03,7.953,58.91,43.5,0.36,259.200001,63.16,,0.08,12.800001,1308.378617,0.314606742,0.580645161,7719.680036,1.572649573,0,300,[],[],1,1
324,325,S,113.83,7.971,55.67,57.9,0.08,12.800001,64.35,32.62,0.06,7.200001,7231.652842,1.505617978,0.379032258,9016.819905,1.733333333,0.034090909,50.022001,"[7.642, 8.315, 8.678, 7.787, 7.982]","[0.105, 0.035, 0.018, 0.04, 0.05]",1,1
34,35,V,113.43,7.855,64.62,58.06,0.25,125.000001,30.69,28.86,0.34,231.200001,5628.083668,0.964028777,0.972972973,4768.867151,1.180952381,0.441558442,523.662001,"[7.485, 8.189, 7.035, 7.694, 7.862]","[0.009, 0.012, 0.394, 0.007, 0.138]",1,1
63,64,V,121.83,7.831,61.05,62.59,0.21,88.200001,32.4,28.23,0.47,441.800001,1990.68624,0.20754717,0.787709497,44799.89843,0.746031746,3.791666667,300,[],[],1,0
148,149,V,122.03,8.158,61.75,55.77,0.07,9.800001,31.93,29.43,0.03,1.800001,546.2580837,0.022222222,0.426136364,1187.446521,0.097938144,0.621468927,300,[],[],1,1
206,207,V,119.13,7.842,61.64,53.69,0.34,231.200001,31.97,40.31,0.09,16.200001,503.3870553,0.071111111,0.403409091,3786.114146,0.648044693,0.917647059,421.788001,"[8.233, 8.464, 8.359, 6.78, 7.835]","[0.029, 0.071, 0.011, 0.193, 0.312]",1,1
462,463,V,119.73,8.631,66.99,64.45,0,1.00E-06,30.29,37.77,0.26,135.200001,8519.444454,0.741007194,1.513513514,140.9251474,0.138554217,0.166666667,117.618001,"[7.707, 8.498, 8.296, 7.862, 8.088, 8.624]","[0.015, 0.012, 0.012, 0.14, 0.007, 0.138]",1,1
11,12,W,109.83,4.713,60.81,60.78,0.01,0.200001,27.43,27.44,0.05,5.000001,4377.815651,0.402061856,1.139130435,16868.49115,2.086538462,1.126582278,300,[],[],1,0
347,348,W,122.73,8.475,55.95,56.32,0.12,28.800001,29.62,29.29,0.35,245.000001,15025.67074,2.103092784,0.765217391,613.5097295,0.038043478,0.450617284,18.723001,[8.468],[0.079],1,0
445,446,W,120.93,7.79,56.3,55.02,0.08,12.800001,29.27,41.04,0.09,16.200001,3645.408001,1.056,0,8847.201248,1.261682243,1.165,300,[],[],1,1
183,184,Y,117.43,7.79,56.2,63.08,0.03,1.800001,36.74,30.9,0.03,1.800001,4424.169629,0.710280374,0.985,3445.478583,0.357142857,1.010416667,94.602001,"[8.239, 7.61, 7.773]","[0.003, 0.014, 0.177]",1,1
189,190,Y,125.23,8.309,53.9,62.48,0.15,45.000001,40.3,31.68,0.11,24.200001,11455.25047,1.785046729,0.795,2200.846355,0.833333333,0.197916667,34.587001,"[8.323, 8.182, 7.904, 7.999, 8.286, 8.281]","[0.003, 0.043, 0.063, 0.055, 0.034, 0.039]",1,1
214,215,Y,122.83,8.368,54.03,61.62,0.12,28.800001,40.46,31.93,0.23,105.800001,7699.984664,1.591194969,0.186440678,4270.456167,0.566037736,1.05027933,22.770001,"[8.657, 7.843, 8.517, 8.368]","[0.02, 0.045, 0.067, 0.026]",1,1
444,445,Y,123.73,8.364,54.96,62.51,0.06,7.200001,41.13,31.6,0.09,16.200001,9382.430143,1.289719626,1.21,2203.291083,0.80952381,0.28125,300,[],[],1,1
23,24,A,125.33,8.018,51.76,56.3,0.83,1377.800001,18.33,29.26,0.4,320.000001,32637.14518,3.29787234,0.055555556,24508.01147,2.857142857,0.077922078,294.318001,"[7.431, 7.798, 8.126, 7.686, 8.001]","[0.231, 0.136, 0.032, 0.024, 0.157]",0,0
37,38,A,122.33,8.177,54.03,60.72,0.11,24.200001,,,,300,2638.954279,0.882978723,0,5786.802722,1.352380952,0,300,[],[],0,0
99,100,A,126.93,9.421,55.82,56.09,1.07,2289.800001,18.5,29.66,0.78,1216.800001,3265.077327,1.021276596,0.212962963,227.8976766,0.163043478,0.222222222,5912.535001,"[7.339, 8.891, 8.611, 7.941, 9.407]","[0.178, 0.652, 0.372, 0.107, 1.168]",0,0
104,105,A,121.93,7.65,54.66,54.05,0.13,33.800001,16.77,17.3,,300,5922.845096,0.212765957,1.388888889,4647.60196,0.861702128,0.898148148,1422.516001,"[8.398, 8.064, 6.845, 8.194, 7.656]","[0.149, 0.007, 0.672, 0.017, 0.007]",0,0
122,123,A,122.43,7.579,54.38,58.7,0.99,1960.200001,17.46,27.31,0.57,649.800001,2469.754415,0.510638298,0.75,5023.588332,0.086538462,1.291139241,234.555001,"[7.96, 7.499, 8.734, 8.226, 8.587, 7.603]","[0.206, 0.024, 0.13, 0.04, 0.017, 0.128]",0,0
127,128,A,124.53,7.968,51.84,54.02,1.16,2691.200001,18.41,40.41,0.01,0.200001,1382.179388,0.471590909,0.488188976,2857.750887,0.463687151,0.858823529,300,[],[],0,0
132,133,A,125.23,7.906,51.91,54.13,0.77,1185.800001,18.28,,0.4,320.000001,1605.65292,0.431818182,0.590551181,5071.203705,1.261111111,0,1275.018001,"[7.51, 8.241, 8.574, 8.765, 7.915]","[0.105, 0.016, 0.349, 0.54, 0.018]",0,0
143,144,A,132.33,7.935,53.39,57.75,0.62,768.800001,19.33,63.2,1.56,4867.200001,669.4664515,0.409090909,0.236220472,1243.051277,0.337078652,0.548387097,300,[],[],0,0
166,167,A,118.23,6.994,49.07,57.66,0.02,0.800001,20.14,,0.5,500.000001,14843.36348,2.045454545,0.874015748,2603.645447,0.87628866,0,39.693001,"[7.91, 6.312, 7.414, 7.007]","[0.029, 0.01, 0.041, 0.103]",0,0
196,197,A,124.43,7.464,51.87,54.07,1.14,2599.200001,18.35,40.37,2.08,8652.800001,12742.99055,0.7890625,1.903954802,18323.40788,0.020547945,2.471311475,300,[],[],0,0
210,211,A,123.83,8.269,50.7,57.54,1.16,2691.200001,21.06,63.87,2.67,14257.8,463.9965178,0.125,0.372881356,621.4234905,0.45505618,0.008064516,1.890001,"[7.989, 8.808, 8.272]","[0.01, 0.013, 0.019]",0,0
272,273,A,120.73,7.727,54.01,54.18,1.76,6195.200001,17.31,40.31,,300,4823.403418,0.904255319,0.888888889,16650.99982,1.505050505,1.8125,131.922001,"[8.006, 7.814, 7.731]","[0.193, 0.001, 0.082]",0,0
293,294,A,111.43,6.973,63.11,63.07,6.07,73689.8,15.47,29.27,2.81,15792.2,129132.344,5.931818182,2.803149606,12217.51134,0.564444444,1.9375,300,[],[],0,0
310,311,A,126.43,8.314,52.39,57.9,0.4,320.000001,18,41.15,2.37,11233.8,20901.28452,2.627659574,0.25,557.0105275,0.367346939,0.225225225,300,[],[],0,0
374,375,A,127.43,9.514,52.49,60.39,0.07,9.800001,17.75,,0.55,605.000001,19765.98027,2.521276596,0.481481481,3532.925171,1.038095238,0,1720.980001,"[7.114, 8.075, 7.532, 9.515]","[0.199, 0.017, 0.219, 0.697]",0,0
385,386,A,130.13,8.506,52.56,53.82,0.58,672.800001,17.72,40.36,0.32,204.800001,18738.65064,2.446808511,0.509259259,20822.91062,1.868686869,1.857142857,1396.281001,"[6.884, 8.71, 8.259, 7.585, 8.494]","[0.679, 0.014, 0.045, 0.022, 0.041]",0,0
406,407,A,124.03,7.543,54.33,65.88,4.83,46657.8,19.06,69.14,0.3,180.000001,2670.449831,0.943181818,0.023622047,13937.89783,2.102941176,0.472868217,109.101001,"[7.964, 7.754, 8.766, 8.447, 7.556]","[0.021, 0.052, 0.005, 0.109, 0.146]",0,0
409,410,A,122.23,7.902,54.22,57.14,1.12,2508.800001,17.36,,2.67,14257.8,3520.561346,0.680851064,0.842592593,799.7917544,0.408163265,0,300,[],[],0,0
413,414,A,123.93,8.001,54.76,66.72,0.87,1513.800001,16.76,68.16,0.83,1377.800001,5898.406748,0.106382979,1.398148148,1579.929054,0.535483871,0.489795918,131.946001,"[8.217, 8.591, 7.999]","[0.181, 0.105, 0.014]",0,0
430,431,A,123.23,7.925,53.43,59.74,1.69,5712.200001,17.06,38.47,1.25,3125.000001,7777.889264,0.431818182,1.551181102,592.8442601,0.432692308,0.101941748,54.840001,"[8.549, 7.935]","[0.134, 0.018]",0,0
435,436,A,124.63,7.637,55.18,65.36,2.94,17287.2,18.23,,0.18,64.800001,7291.997165,1.426136364,0.62992126,6628.231294,1.452380952,0,2074.398001,"[6.869, 8.057, 7.646]","[0.829, 0.039, 0.052]",0,0
450,451,A,120.73,8.182,54.78,54.41,0.7,980.000001,,40.46,,300,4611.822057,1.198863636,0,271.8817468,0.201257862,0.223880597,300,[],[],0,0
46,47,C,110.33,6.412,62.91,41.78,0.15,45.000001,28.57,,0.81,1312.200001,13149.24109,1.995145631,0.634408602,28074.70962,3.042735043,0,300,[],[],0,0
73,74,C,115.53,7.895,62.91,43.85,2.14,9159.200001,27.41,,0.07,9.800001,25450.33143,2.716494845,1.050761421,5165.439405,1.273504274,0,300,[],[],0,0
105,106,C,115.83,8.057,65.12,54.53,0.55,605.000001,26.57,,0.64,819.200001,5227.07816,1.221621622,0.5,669.7374388,0.35106383,0,300,[],[],0,0
140,141,C,121.43,8.31,57.85,52.56,3.43,23529.8,32.23,40.5,1.84,6771.200001,5971.35294,0.461165049,1.333333333,6858.391846,1.279329609,0.805882353,867.990001,"[7.398, 8.657, 7.067, 8.322, 7.639, 7.986]","[0.341, 0.384, 0.114, 0.049, 0.1, 0.014]",0,0
218,219,C,128.13,8.552,53.18,63.62,1.11,2464.200001,,63.36,,300,22628.49468,2.72815534,0,26824.34984,2.960674157,0.419354839,287.631001,"[7.599, 7.362, 8.256, 8.556]","[0.063, 0.3, 0.042, 0.012]",0,0
263,264,C,124.33,9.374,54.48,52.44,1.34,3591.200001,29.35,43.45,0.54,583.200001,7972.677117,1.628865979,0.065989848,2574.105506,0.843478261,0.382857143,101.493001,"[8.02, 7.337, 8.863, 9.406]","[0.002, 0.149, 0.051, 0.095]",0,0
277,278,C,122.13,8.791,54.87,53.45,0.51,520.200001,29.39,30.89,0.47,441.800001,6122.400238,1.427835052,0.045685279,2596.010961,0.771428571,0.51984127,300,[],[],0,0
295,296,C,130.73,8.986,54.99,55.4,1.05,2205.000001,30.58,28.64,1.13,2553.800001,10859.49356,1.849514563,0.446236559,3045.427087,0.538043478,0.851851852,172.644001,"[8.78, 8.267, 8.01, 8.389, 8.987]","[0.047, 0.103, 0.137, 0.019, 0.16]",0,0
307,308,C,126.43,8.667,59.68,61.48,0.35,245.000001,27.04,31.46,1.07,2289.800001,8874.676002,1.718918919,0.05952381,21382.00293,2.008264463,1.759036145,180.234001,"[7.971, 8.374, 7.37, 8.663]","[0.038, 0.015, 0.14, 0.197]",0,0
315,316,C,111.43,7.474,63.12,63.12,0.17,57.800001,28.95,28.94,2.38,11328.8,13748.30388,2.097087379,0.430107527,14579.40833,0.586666667,2.125,273.531001,"[6.75, 7.389]","[0.301, 0.024]",0,0
366,367,C,113.23,7.742,62.72,62.74,0.61,744.200001,27.51,27.48,0.31,192.200001,1166.840289,0.075675676,0.619047619,9455.410374,1.396907216,1.095652174,1393.566001,"[6.822, 7.736]","[0.679, 0.059]",0,0
425,426,C,113.23,7.717,62.29,62.17,0.56,627.200001,28.92,29.06,1.93,7449.800001,9208.065526,1.694174757,0.446236559,23794.05196,2.578512397,1.13253012,300,[],[],0,0
4,5,D,121.83,8.949,53.48,54.31,0.59,696.200001,42.14,33.89,1.12,2508.800001,3623.33458,0.383647799,1.029850746,7137.55479,1.161111111,1.015384615,300,[],[],0,0
50,51,D,117.03,8.813,51.14,53.57,0.57,649.800001,42.5,28.88,,300,15385.29025,1.855345912,1.298507463,7160.176661,1.231958763,0.93220339,168.507001,[8.813],[0.237],0,0
58,59,D,123.33,8.208,53.89,54.01,1.5,4500.000001,42.11,33.67,,300,3092.409672,0.125786164,1.007462687,7436.910477,1.327777778,0.846153846,461.283001,"[8.977, 8.634, 7.624, 8.189]","[0.387, 0.058, 0.012, 0.022]",0,0
113,114,D,125.63,7.874,54.37,57.32,0.39,304.200001,40.31,38.01,,300,21473.0361,2.67,0.169642857,8507.679635,1.666666667,0.241071429,295.788001,[7.868],[0.314],0,0
144,145,D,117.53,7.953,53.15,52.77,,300,38.41,17.77,,300,10275.25535,0.591194969,1.753731343,2962.626824,0.056818182,0.992125984,437.301001,"[7.05, 7.653, 7.38, 7.944]","[0.097, 0.086, 0.359, 0.009]",0,0
158,159,D,128.83,8.478,53.44,55.66,0.92,1692.800001,41.52,27.62,1.64,5379.200001,1466.39028,0.408805031,0.567164179,1175.347457,0.153005464,0.606936416,411.159001,"[8.23, 8.498]","[0.098, 0.357]",0,0
161,162,D,131.53,8.925,56.68,63.5,0.57,649.800001,40.71,31.97,0.27,145.800001,494.268751,0.36,0.1875,11114.45042,1.769784173,0.756756757,11.907001,[8.918],[0.063],0,0
177,178,D,122.73,8.103,49,53.52,,300,41.1,35.13,,300,30937.29447,3.201257862,0.253731343,3957.799669,0.893854749,0.721311475,277.770001,"[7.052, 7.806, 7.625, 8.28, 8.092, 8.081]","[0.216, 0.025, 0.05, 0.052, 0.136, 0.147]",0,0
202,203,D,121.63,9.539,54.15,54.09,0.52,540.800001,40.4,29.65,1.26,3175.200001,220.8012777,0.037735849,0.268656716,2100.549462,0.836633663,0.015075377,951.063001,"[8.307, 8.829, 9.907, 9.379, 9.555]","[0.053, 0.229, 0.491, 0.037, 0.139]",0,0
207,208,D,124.53,8.295,53.86,61.98,1,2000.000001,40.52,31.88,0.6,720.000001,159.0096583,0.144654088,0.179104478,639.0347117,0.08,0.454545455,300,[],[],0,0
227,228,D,124.03,8.339,52.1,54.96,0.61,744.200001,40.47,29.68,0.52,540.800001,4839.810006,1.251572327,0.21641791,1944.142365,0.777173913,0.209876543,300,[],[],0,0
228,229,D,127.53,8.589,54.2,52.71,1.4,3920.000001,41.98,39.95,0.59,696.200001,2501.103988,0.06918239,0.910447761,3356.058511,0.867924528,0.604477612,16.551001,"[8.248, 8.583]","[0.051, 0.054]",0,0
235,236,D,125.03,8.564,52.24,54.54,,300,40.26,29.54,,300,4479.038103,1.163522013,0.373134328,2545.814306,0.731958763,0.559322034,32.811001,"[8.05, 8.59]","[0.011, 0.104]",0,0
248,249,D,121.73,8.419,54.28,57.16,0.95,1805.000001,40.5,28.55,0.21,88.200001,155.7812453,0.119496855,0.194029851,1691.561257,0.368,0.654545455,300,[],[],0,0
262,263,D,125.83,7.145,52.56,44.43,0.12,28.800001,41.78,,1.67,5577.800001,2618.533237,0.739130435,0.571428571,2114.814816,0.777777778,0,38.337001,"[8.601, 8.729, 7.153]","[0.105, 0.023, 0.035]",0,0
269,270,D,121.03,7.813,55.62,53.77,2.07,8569.800001,40.42,40.62,1.12,2508.800001,6064.506123,1.42,0.071428571,154.2608958,0.201257862,0.104477612,300,[],[],0,0
301,302,D,117.33,8.695,57.31,56.37,2.01,8080.200001,40.02,40.42,,300,769.7204092,0.27,0.428571429,6614.477376,1.193877551,0.882882883,3476.442001,"[9.06, 7.858, 7.2, 5.769, 8.675]","[0.2, 0.037, 0.015, 1.046, 0.152]",0,0
317,318,D,121.53,7.747,55.39,53.86,0.96,1843.200001,38.31,40.39,0.87,1513.800001,12034.13987,0.817610063,1.828358209,291.5001907,0.144654088,0.276119403,67.404001,"[8.049, 7.747]","[0.078, 0.128]",0,0
321,322,D,131.63,9.156,53.35,52.17,1.21,2928.200001,41.97,36.65,1.62,5248.800001,3095.962203,0.465408805,0.902985075,4291.868856,0.538461538,1.068027211,569.910001,"[8.76, 8.207, 8.892, 9.153]","[0.282, 0.275, 0.15, 0.111]",0,0
363,364,D,119.63,8.539,56.16,59.68,1.25,3125.000001,41.7,71.74,0.61,744.200001,6561.003002,1.301886792,0.701492537,9769.004203,0.93627451,1.542635659,300,[],[],0,0
436,437,D,119.03,8.096,53.79,52.24,0.25,125.000001,40.54,18.41,1.23,3025.800001,187.6639088,0.188679245,0.164179104,894.0595529,0.244318182,0.488188976,70.428001,"[8.096, 7.812]","[0.124, 0.09]",0,0
448,449,D,124.93,8.524,52.28,54.61,1.15,2645.000001,39.83,31.28,0.9,1620.000001,5332.655418,1.13836478,0.694029851,5920.782929,0.994444444,0.992307692,300,[],[],0,0
449,450,D,120.73,7.559,53.81,53.43,0.6,720.000001,40.24,38.93,0.22,96.800001,544.8052913,0.176100629,0.388059701,6112.087033,0.41509434,1.365671642,871.086001,"[8.251, 7.787, 6.899, 8.523, 8.826, 8.707, 7.573]","[0.069, 0.003, 0.379, 0.001, 0.269, 0.15, 0.217]",0,0
460,461,D,117.23,7.502,57.37,61.59,0.34,231.200001,39.86,,0.73,1065.800001,1306.291838,0.33,0.571428571,600.000001,0,0,275.529001,"[7.926, 8.778, 8.247, 7.511]","[0.153, 0.147, 0.048, 0.211]",0,0
22,23,E,117.33,8.158,57.91,55.05,1.61,5184.200001,,,,300,5557.414967,1.323809524,0,960.0860888,0.469072165,0,300,[],[],0,0
28,29,E,120.83,7.389,57.32,60.63,1.92,7372.800001,29.22,61.62,0.24,115.200001,10669.77905,1.885714286,0.025974026,12727.11001,0.181102362,2.051724138,2729.646001,"[6.316, 7.92, 7.011, 7.397]","[0.904, 0.219, 0.209, 0.032]",0,0
29,30,E,123.03,7.652,58.1,59.24,0.79,1248.200001,28.36,28.98,0.09,16.200001,7488.615282,1.142857143,1.090909091,254.6938786,0.057142857,0.285714286,300,[],[],0,0
33,34,E,120.23,8.002,58.61,57.84,0.55,605.000001,,31.48,,300,1595.510205,0.657142857,0,5188.78185,1.067226891,0.768518519,300,[],[],0,0
36,37,E,122.93,8.623,59.22,57.64,1.5,4500.000001,28.64,27.53,,300,1604.191826,0.076190476,0.727272727,5686.174883,0.932692308,1.012658228,646.602001,"[7.423, 8.204, 8.635]","[0.071, 0.027, 0.458]",0,0
98,99,E,126.93,8.239,55.71,62.25,0.38,288.800001,27.8,70.19,1.86,6919.200001,6043.480207,0.369565217,1.37037037,663.0313288,0.323529412,0.341085271,136.236001,"[7.59, 8.486, 7.383, 8.387, 8.227]","[0.043, 0.053, 0.111, 0.152, 0.073]",0,0
100,101,E,113.03,7.663,57.46,54.75,1.81,6552.200001,29.08,17.72,0.57,649.800001,9285.379211,1.752380952,0.155844156,819.116918,0.117021277,0.509259259,904.638001,"[6.969, 8.13, 7.538, 7.665]","[0.548, 0.024, 0.021, 0.015]",0,0
106,107,E,118.93,8.249,59.33,65.67,,300,30.65,25.93,,300,10640.83657,0.028571429,1.883116883,11698.55493,1.518918919,1.261904762,300,[],[],0,0
118,119,E,,,,,,300,,,,300,600.000001,0,0,600.000001,0,0,300,[],[],0,0
124,125,E,117.83,8.186,59.34,56.96,0.76,1155.200001,29.14,38.92,1.16,2691.200001,22.56929318,0.038095238,0.077922078,16026.22,0.591836735,2.234234234,89.265001,"[7.038, 7.49, 7.691, 7.865, 8.192]","[0.134, 0.015, 0.017, 0.103, 0.026]",0,0
130,131,E,123.23,8.099,54.06,59.01,0.02,0.800001,30.55,33.95,0.53,561.800001,5131.682071,1.266304348,0.327160494,9688.091717,1.45,1.061538462,9371.457001,"[7.623, 6.848, 5.624, 9.024, 8.633, 8.367, 8.082]","[0.008, 0.267, 1.491, 0.799, 0.408, 0.142, 0.066]",0,0
159,160,E,123.23,8.855,58.31,54.36,1.62,5248.800001,29.14,43.16,0.13,33.800001,2685.154327,0.942857143,0.077922078,9710.031825,0.169811321,1.791044776,20.667001,[8.842],[0.083],0,0
186,187,E,120.73,8.835,54.38,55.81,0.66,871.200001,30.44,30.48,0.3,180.000001,3781.602377,1.092391304,0.259259259,8076.338484,0.327777778,1.607692308,259.026001,"[8.248, 8.531, 7.575, 8.828]","[0.006, 0.004, 0.021, 0.293]",0,0
187,188,E,120.03,8.535,59.16,53.72,,300,33.33,30.14,,300,19323.12145,1.505434783,2.043209877,6333.420973,1.451086957,0.074074074,655.884001,"[7.999, 8.155, 8.979, 9.252, 8.537]","[0.055, 0.023, 0.144, 0.417, 0.143]",0,0
203,204,E,116.53,8.6,56.18,54.67,0.87,1513.800001,31.46,41.66,0.5,500.000001,2409.44764,0.114130435,0.888888889,1752.501157,0.364779874,0.671641791,312.555001,"[8.881, 8.451, 7.335, 9.311, 8.605]","[0.286, 0.058, 0.114, 0.077, 0.01]",0,0
219,220,E,120.13,8.544,58.27,54.29,0.07,9.800001,31.07,30.34,1.62,5248.800001,4392.140619,1.02173913,0.648148148,14681.227,2.189320388,0.317204301,261.324001,"[8.237, 8.83, 7.57, 8.544]","[0.036, 0.278, 0.092, 0.008]",0,0
222,223,E,122.53,8.679,56.37,62.18,0.58,672.800001,29.31,33.83,0.41,336.200001,576.6004424,0.010869565,0.438271605,15949.08589,1.071428571,2.041666667,92.928001,[8.666],[0.176],0,0
226,227,E,122.93,8.172,55.79,57.97,0.83,1377.800001,29.34,62.96,0.34,231.200001,847.5760713,0.326086957,0.419753086,1788.129949,0.213483146,0.741935484,300,[],[],0,0
232,233,E,124.23,8.854,55.93,56.07,0.4,320.000001,30.64,41.19,1.07,2289.800001,626.9147244,0.25,0.382716049,1873.589464,0.681564246,0.4,1552.587001,"[7.803, 6.956, 8.863]","[0.092, 0.564, 0.437]",0,0
250,251,E,115.13,7.388,53.47,61.1,1.91,7296.200001,,,,300,7855.293007,1.586956522,0,446.727072,0.221153846,0,300,[],[],0,0
294,295,E,119.63,8.147,53.83,57.04,1.57,4929.800001,,18.28,,300,6107.183366,1.391304348,0,19541.44192,2.482954545,0.590551181,300,[],[],0,0
329,330,E,119.63,8.286,59.41,57.69,,300,31.19,35.83,,300,20070.53691,0.104761905,2.584415584,10868.30488,0.378787879,1.865284974,300,[],[],0,0
337,338,E,117.23,7.395,60.83,45.91,0.45,405.000001,27.8,,0.73,1065.800001,16287.15129,1.457142857,1.818181818,4863.333334,1.233333333,0,11.820001,"[7.644, 7.427]","[0.058, 0.024]",0,0
344,345,E,119.63,9.269,59.69,65.6,0.53,561.800001,27.62,30.58,1.43,4089.800001,13045.34998,0.371428571,2.051948052,3975.337008,0.258992806,1.121621622,1302.015001,"[8.315, 6.921, 8.731, 7.754, 9.27]","[0.074, 0.392, 0.015, 0.008, 0.524]",0,0
346,347,E,119.83,8.138,57.05,59.76,0.73,1065.800001,27.73,37.26,1.56,4867.200001,6380.615057,0.358695652,1.413580247,4763.310034,0.601226994,1.10738255,56.256001,"[8.006, 8.539, 8.173]","[0.12, 0.064, 0.016]",0,0
373,374,E,118.33,8.495,59.23,57.41,1.16,2691.200001,29.17,40.9,,300,17.887222,0.066666667,0.038961039,661.5073299,0.132653061,0.45045045,85.194001,"[8.496, 7.443, 7.866, 8.098, 8.621, 7.674]","[0.094, 0.13, 0.01, 0.04, 0.031, 0.001]",0,0
380,381,E,118.13,7.406,58.35,59.74,0.83,1377.800001,28.99,31.93,0.15,45.000001,2678.92281,0.904761905,0.272727273,1865.336416,0.777108434,0.13372093,610.800001,"[8.635, 8.205, 7.112, 8.816, 7.938, 7.42]","[0.1, 0.25, 0.201, 0.281, 0.017, 0.107]",0,0
389,390,E,118.13,7.637,59.11,61.95,2.85,16245,28.85,29.34,0.48,460.800001,718.0660043,0.180952381,0.454545455,6956.941211,1.484076433,0.341317365,1250.631001,"[8.967, 8.104, 9.191, 7.836, 7.64]","[0.271, 0.079, 0.495, 0.093, 0.289]",0,0
393,394,E,126.43,5.243,55.74,51.59,0.36,259.200001,30.44,23.76,1.07,2289.800001,576.0258174,0.35326087,0.259259259,59110.94728,2.25257732,3.824858757,7715.451001,"[8.828, 5.269]","[0.444, 1.541]",0,0
398,399,E,118.63,7.914,58.15,63.7,,300,26.91,31.12,,300,13801.15725,0.956521739,1.919753086,4496.180748,0.844444444,0.886363636,1827.750001,"[7.541, 7.911]","[0.705, 0.335]",0,0
402,403,E,121.73,8.246,56.59,54.23,0.53,561.800001,29.33,40.52,0.06,7.200001,579.6829185,0.108695652,0.425925926,9785.504031,0.902097902,1.56462585,300,[],[],0,0
420,421,E,,,,,,300,,,,300,600.000001,0,0,600.000001,0,0,300,[],[],0,0
440,441,E,120.63,8.968,59.64,64.03,0.39,304.200001,24.16,30.92,,300,48613.72269,1.766304348,3.617283951,3410.236709,0.396825397,0.989583333,162.054001,"[8.416, 7.85, 8.089, 7.64, 9.187, 8.968]","[0.006, 0.133, 0.068, 0.058, 0.156, 0.063]",0,0
446,447,E,122.93,8.382,55.88,56.22,0.11,24.200001,29.64,29.36,1.56,4867.200001,395.5424361,0.277173913,0.234567901,3783.282646,1.12,0.081818182,300,[],[],0,0
464,465,E,121.83,8.095,,61.69,,300,31.95,64,,300,4558.00183,0,1.191358025,13910.07238,0.653543307,2.051724138,300,[],[],0,0
471,472,E,116.43,8.397,58.14,46.75,2.05,8405.000001,32.33,,3,18000,8813.493436,0.951086957,1.425925926,61730.66696,4.525139665,0,593.586001,"[8.796, 8.002, 8.397]","[0.434, 0.091, 0.035]",0,0
38,39,F,106.33,7.494,61.63,54.14,1.08,2332.800001,39.58,22.84,1.1,2420.000001,1500.982495,0.54601227,0.44966443,55476.37902,0.765957447,4.231481481,300,[],[],0,0
48,49,F,121.63,7.916,55.13,53.75,1.13,2553.800001,38.1,40.79,0.2,80.000001,3931.619272,0.914141414,0.689119171,2343.719291,0.61452514,0.635294118,300,[],[],0,0
83,84,F,126.13,8.783,57.21,52.77,1.66,5511.200001,38.41,,1.88,7068.800001,893.71366,0.136363636,0.528497409,3200.007063,0.983193277,0,300,[],[],0,0
108,109,F,112.33,8.072,57.88,63.97,0.81,1312.200001,36.78,68.11,0.23,105.800001,15366.54619,1.754601227,1.429530201,5480.651893,1.238709677,0.540816327,300,[],[],0,0
145,146,F,,,,,,300,,,,300,600.000001,0,0,600.000001,0,0,300,[],[],0,0
190,191,F,121.83,7.841,55.34,53.75,1.24,3075.200001,38.21,40.41,0.41,336.200001,3157.727369,0.808080808,0.632124352,12492.13534,1.855140187,0.85,300,[],[],0,0
243,244,F,118.13,9.205,57.62,42.87,0,1.00E-06,44.62,,,300,12694.66095,0.984732824,1.806060606,10475.20833,1.841666667,0,26.151001,"[8.161, 9.208, 8.844, 8.461, 8.351]","[0.022, 0.044, 0.053, 0.052, 0.028]",0,0
265,266,F,126.93,8.914,55.65,56.35,0.58,672.800001,36.96,40.17,0.82,1344.800001,24943.22054,0.519083969,2.836363636,420.4252514,0.132075472,0.350282486,193.764001,"[8.382, 8.491, 8.913]","[0.174, 0.146, 0.114]",0,0
286,287,F,126.83,8.5,56.34,54.8,0.38,288.800001,40.16,30.97,,300,2413.838728,0.007633588,0.896969697,1788.412576,0.113333333,0.763736264,553.590001,"[8.217, 8.496, 8.382, 7.242, 8.906]","[0.023, 0.056, 0.03, 0.406, 0.123]",0,0
328,329,F,122.33,8.114,57.38,57.89,0.31,192.200001,38.08,63.13,2.25,10125,1615.972789,0.222222222,0.699481865,1297.843086,0.258426966,0.60483871,300,[],[],0,0
345,346,F,121.43,7.816,59.37,59.16,0.39,304.200001,38.24,29.05,0.98,1920.800001,2725.868641,0.840490798,0.44966443,167.1805261,0.133333333,0.194805195,300,[],[],0,0
351,352,F,120.23,7.867,60.2,57.22,1.16,2691.200001,36.45,27.66,,300,8506.725384,0.331288344,1.651006711,7516.83245,1.336538462,0.848101266,300,[],[],0,0
353,354,F,124.63,8.467,54,59.65,1.12,2508.800001,40.28,26.84,,300,7196.219886,1.484848485,0.440414508,8304.138479,0.195876289,1.652173913,300,[],[],0,0
456,457,F,123.93,8.261,55.39,62.68,0.17,57.800001,40.87,31.35,1.64,5379.200001,3508.518619,0.782828283,0.74611399,2245.476664,0.674603175,0.541666667,300,[],[],0,0
45,46,G,108.93,8.736,43.39,,1.61,5184.200001,,,,300,8633.333334,1.666666667,0,600.000001,0,0,300,[],[],0,0
56,57,G,115.73,6.973,45.75,,0.87,1513.800001,,,,300,668.3979848,0.35042735,0,600.000001,0,0,300,[],[],0,0
69,70,G,111.63,8.426,43.99,56.31,0.69,952.200001,,44.09,,300,4294.082841,1.153846154,0,31939.97095,2.443708609,2.162162162,300,[],[],0,0
72,73,G,114.03,8.474,44.78,61.95,0.93,1729.800001,,32.19,,300,987.2671498,0.478632479,0,5050.64248,1.253968254,0.333333333,300,[],[],0,0
91,92,G,109.73,7.859,46.66,57.41,0.23,105.800001,,31.35,,300,4118.540435,1.128205128,0,3586.667216,0.561111111,0.938461538,300,[],[],0,0
149,150,G,113.13,8.454,44.76,61.82,0,1.00E-06,,31.9,,300,1037.234277,0.495726496,0,589.4674099,0.008888889,0.443181818,300,[],[],0,0
151,152,G,109.43,7.057,44.64,57.69,0.24,115.200001,,34.94,,300,1373.854921,0.598290598,0,7487.078103,1.43575419,0.659016393,1841.490001,"[7.759, 8.215, 8.867, 7.085]","[0.034, 0.239, 0.233, 0.708]",0,0
156,157,G,109.63,7.735,45.19,52.55,0.02,0.800001,,38.4,,300,349.3096657,0.128205128,0,268.1217547,0.272727273,0.12244898,300,[],[],0,0
191,192,G,112.63,8.359,44.6,56.58,0.06,7.200001,,37.8,,300,1500.087663,0.632478632,0,2239.016235,0.181818182,0.844559585,300,[],[],0,0
193,194,G,110.83,8.32,43.74,55.96,0.29,168.200001,,29.59,,300,5910.344073,1.367521368,0,4258.267083,0.469273743,1.095081967,1.00E-06,[8.309],[0.0],0,0
220,221,G,106.73,8.201,48.34,58.34,,300,,29.45,,300,20023.86588,2.564102564,0,3740.816711,1.059782609,0.351851852,952.806001,"[7.417, 8.819, 8.638, 8.204]","[0.536, 0.14, 0.041, 0.095]",0,0
233,234,G,110.93,8.426,43.88,56.33,1.06,2247.200001,,29.57,,300,4971.488057,1.247863248,0,234.6714636,0.032608696,0.277777778,753.558001,"[7.184, 6.844, 7.703, 7.529, 8.418]","[0.145, 0.195, 0.192, 0.366, 0.146]",0,0
242,243,G,116.23,7.632,44.63,,1.76,6195.200001,,,,300,721.875001,0.375,0,600.000001,0,0,300,[],[],0,0
253,254,G,114.83,8.139,43.93,59.06,0.15,45.000001,,32.87,,300,3055.208334,0.958333333,0,41012.01106,3.547619048,1.041666667,146.169001,"[9.029, 8.507, 9.245, 8.157]","[0.173, 0.115, 0.04, 0.063]",0,0
261,262,G,110.53,8.329,44.97,56.39,0.54,583.200001,,29.26,,300,600.0219164,0.316239316,0,530.3286407,0.245901639,0.341040462,300,[],[],0,0
281,282,G,108.23,2.961,43.33,51.69,0.17,57.800001,,18.63,,300,9154.043394,1.717948718,0,1227.740059,0.556818182,0.31496063,9454.923001,"[8.496, 7.63, 7.875, 10.944, 9.763]","[0.01, 0.166, 0.0, 1.692, 0.511]",0,0
298,299,G,117.03,8.827,44.89,58.29,0.92,1692.800001,,61.58,,300,743.7869832,0.384615385,0,128183.6794,1.617647059,6.333333333,642.732001,"[9.42, 7.334, 8.854]","[0.434, 0.092, 0.132]",0,0
336,337,G,109.63,7.356,46.73,60.41,0.82,1344.800001,,27.92,,300,611.4814825,0.322222222,0,9794.729974,1.730769231,0.518987342,300,[],[],0,0
355,356,G,110.73,8.231,44.67,56.03,0.08,12.800001,,29.33,,300,1283.7826,0.572649573,0,443.8894806,0.049180328,0.38150289,6.348001,"[8.067, 8.22]","[0.046, 0.0]",0,0
381,382,G,105.53,7.862,46.15,59.18,,300,,29.14,,300,3103.333334,0.966666667,0,57.39922515,0.114285714,0.077922078,300,[],[],0,0
394,395,G,110.73,8.168,44.12,56.1,0.42,352.800001,,29.37,,300,3561.889109,1.042735043,0,557.4890393,0.157608696,0.401234568,300,[],[],0,0
467,468,G,103.73,8.362,44.93,55.91,0.01,0.200001,,32.62,,300,668.3979848,0.35042735,0,4184.794651,0.025773196,1.18079096,300,[],[],0,0
31,32,H,,,,,,300,,,,300,600.000001,0,0,600.000001,0,0,300,[],[],0,0
44,45,H,126.03,8.016,51.77,56.28,,300,30.36,,,300,12237.28189,1.985148515,0.371859296,313.3333343,0.066666667,0,300,[],[],0,0
200,201,H,117.73,7.944,55.65,,0.19,72.200001,,,,300,312.4252534,0.064356436,0,600.000001,0,0,300,[],[],0,0
201,202,H,117.53,8.595,54.26,55.46,0.17,57.800001,31.61,18.49,1.96,7683.200001,4698.656995,0.752475248,1,93919.05331,0.158415842,5.592964824,300,[],[],0,0
230,231,H,120.23,6.392,56.7,58.11,0.93,1729.800001,29.35,62.91,0.29,168.200001,677.5178113,0.455445545,0.135678392,1890.321608,0.134831461,0.782258065,7059.468001,"[8.486, 6.438]","[0.0, 1.534]",0,0
240,241,H,122.83,8.753,54.93,56.06,0.87,1513.800001,31.97,31.82,0.21,88.200001,41.54565482,0.074285714,0.091269841,64.39584816,0.144736842,0.022727273,156.675001,"[7.397, 7.612, 8.249, 8.559, 8.983, 8.393, 8.767]","[0.067, 0.02, 0.07, 0.005, 0.019, 0.029, 0.203]",0,0
259,260,H,104.83,7.188,45.71,56.17,0.45,405.000001,,39.98,,300,74855.11715,4.985148515,0,5339.472041,0.737430168,1.111764706,300,[],[],0,0
274,275,H,118.73,8.36,58.92,59.22,1.39,3864.200001,28.47,70.39,0.87,1513.800001,23200.59327,2.354285714,1.48015873,3750.734267,1.099415205,0.203791469,410.505001,"[7.752, 7.09, 7.419, 8.866, 8.363]","[0.025, 0.045, 0.308, 0.195, 0.036]",0,0
276,277,H,120.23,7.045,53.03,54.05,0.42,352.800001,32.39,31.95,1.5,4500.000001,3086.01731,1.011428571,0.075396825,122.624626,0.201438849,0.017241379,1020.114001,"[8.009, 7.586, 7.051]","[0.019, 0.046, 0.581]",0,0
290,291,H,116.23,8.45,54.3,53.71,0.74,1095.200001,30.22,71.03,0.37,273.800001,2096.938777,0.285714286,0.785714286,56059.36646,4.321637427,0.099526066,300,[],[],0,0
340,341,H,114.43,8.019,56.26,66.22,0.88,1548.800001,28.15,,0.94,1767.200001,17072.50212,2.140127389,1.053892216,2881.942228,0.927710843,0,88.188001,"[8.553, 8.004]","[0.164, 0.05]",0,0
388,389,H,123.83,8.214,65.5,61.89,3.55,25205,31.55,44.18,2.21,9768.200001,44973.26808,3.74522293,0.982035928,77925.81253,4.43877551,2.504504505,286.989001,"[7.596, 7.496, 8.744, 7.941, 8.21]","[0.041, 0.141, 0.209, 0.012, 0.174]",0,0
422,423,H,120.53,8.962,60.42,61.72,2.5,12500,30.66,27.81,1.27,3225.800001,1384.013537,0.50955414,0.449101796,4238.58942,0.871134021,0.808695652,300,[],[],0,0
19,20,I,130.73,8.74,57.73,52.93,0.44,387.200001,39.68,43.98,1.08,2332.800001,6927.182648,1.503311258,0.221621622,2165.973656,0.848739496,0.04040404,98.301001,"[8.21, 9.142, 8.933, 8.737]","[0.001, 0.169, 0.019, 0.062]",0,0
54,55,I,128.03,9.364,60.48,62.06,1.95,7605.000001,40.65,35.54,0.06,7.200001,4055.90305,0.076923077,1.160194175,53695.76618,3.144329897,2.830508475,10481.343,"[5.268, 9.342]","[1.705, 0.766]",0,0
66,67,I,125.33,8.202,57.99,53.24,1.25,3125.000001,40.66,31.47,,300,5600.479728,1.331125828,0.308108108,3293.528576,0.926666667,0.489010989,300,[],[],0,0
68,69,I,120.33,7.941,58.61,54.08,2.3,10580,,,,300,2842.125346,0.920529801,0,341.5224923,0.117647059,0,300,[],[],0,0
94,95,I,123.53,8.187,64.21,53.94,,300,37.06,40.36,1.11,2464.200001,9855.535942,1.716346154,0.582524272,7824.970833,0.699300699,1.455782313,300,[],[],0,0
117,118,I,120.73,7.454,64.29,60.41,,300,36.6,28.45,,300,2686.423405,0.234939759,0.916666667,9055.906068,1.730769231,0.151898734,837.381001,"[9.082, 7.939, 8.195, 8.376, 7.474]","[0.524, 0.065, 0.001, 0.018, 0.001]",0,0
120,121,I,110.63,6.904,65.52,65.64,0.15,45.000001,,,,300,1068.181159,0.506024096,0,378.0437055,0.161290323,0,300,[],[],0,0
162,163,I,121.33,7.674,61.03,57.25,,300,37.74,40.44,,300,14561.97111,2.198795181,0.138888889,140.9096949,0.21,0.053571429,191.493001,"[7.91, 9.079, 8.385, 7.706]","[0.029, 0.154, 0.093, 0.175]",0,0
238,239,I,122.43,8.039,61.79,53.95,1.74,6055.200001,37.47,40.64,0.58,672.800001,10232.74127,1.185430464,1.416216216,47.31738506,0.088050314,0.089552239,300,[],[],0,0
245,246,I,127.13,8.643,59.31,54.21,0.11,24.200001,39.42,30.35,,300,1019.90419,0.456953642,0.362162162,20964.44306,0.8,2.519553073,203.688001,"[7.621, 8.079, 8.981, 8.361, 8.18, 8.636]","[0.233, 0.015, 0.108, 0.001, 0.041, 0.006]",0,0
249,250,I,121.93,8.094,62.41,53.33,1.31,3432.200001,40.73,40.71,,300,6485.419157,0.850961538,1.199029126,689.5928028,0.477987421,0.037313433,886.770001,"[6.849, 8.077, 8.678]","[0.539, 0.062, 0.035]",0,0
256,257,I,123.03,9.002,56.53,49.67,,300,38.65,18.95,,300,17660.21332,2.298013245,0.778378378,9940.366292,0.9296875,1.564971751,109.929001,"[9.193, 8.413, 8.546, 8.978]","[0.012, 0.021, 0.033, 0.187]",0,0
303,304,I,,,,,,300,,,,300,600.000001,0,0,600.000001,0,0,300,[],[],0,0
339,340,I,121.53,7.954,66.29,59.07,0.07,9.800001,37.2,28.56,,300,3213.202543,0.969879518,0.361111111,2216.470457,0.219047619,0.831168831,1100.262001,"[7.758, 8.446, 7.563, 8.764, 6.912]","[0.012, 0.057, 0.16, 0.375, 0.444]",0,0
403,404,I,118.73,8.338,57.52,56.06,0.99,1960.200001,41.5,29.39,0.51,520.200001,14171.24611,1.5,1.572815534,550.2006329,0.179347826,0.388888889,300,[],[],0,0
407,408,I,124.93,8.685,65.63,59.16,1.29,3328.200001,37.24,18.76,1.16,2691.200001,1297.616654,0.572289157,0.324074074,40928.56302,3.6875,0.212598425,27.648001,[8.675],[0.096],0,0
429,430,I,116.73,8.251,57.98,58.2,1.76,6195.200001,39.16,31.49,0.69,952.200001,5478.969471,1.278846154,0.436893204,4882.079903,1.154639175,0.542372881,300,[],[],0,0
3,4,K,117.83,7.039,55.41,64.12,1.1,2420.000001,32.36,31.49,1.53,4681.800001,985.7840247,0.55,0.161538462,1127.837421,0.468253968,0.395833333,2862.168001,"[8.734, 8.179, 7.859, 7.49, 7.693, 7.034]","[0.069, 0.043, 0.036, 0.405, 0.202, 0.861]",0,0
14,15,K,122.73,8.564,54.92,57.33,0.95,1805.000001,,,,300,2328.148149,0.822222222,0,437.755103,0.214285714,0,544.137001,"[8.006, 8.244, 8.23, 7.481, 7.985, 7.788, 8.755, 7.427, 8.557, 8.557]","[0.069, 0.035, 0.021, 0.018, 0.048, 0.149, 0.067, 0.072, 0.265, 0.265]",0,0
17,18,K,121.23,8.209,56.06,63.2,0.16,51.200001,31.56,31.16,0.5,500.000001,13503.81098,1.05,1.843575419,1846.732835,0.261904762,0.739583333,300,[],[],0,0
43,44,K,128.73,7.973,56.62,57.86,0.34,231.200001,32.94,27.48,,300,287.8325673,0.122222222,0.284615385,10121.91068,1.121019108,1.45508982,300,[],[],0,0
76,77,K,112.73,8.391,54.03,55.64,0.42,352.800001,36.85,,,300,6589.043077,0.98,1.111731844,1304.39065,0.578616352,0,40.167001,"[8.493, 8.898, 8.388]","[0.1, 0.058, 0.005]",0,0
90,91,K,127.43,8.722,57.92,61.02,0.51,520.200001,30.83,32.15,0.52,540.800001,7513.69713,0.844444444,1.338461538,632.5826628,0.346666667,0.301136364,2152.227001,[8.706],[0.847],0,0
95,96,K,115.33,8.916,53.86,,0.81,1312.200001,33.04,35.95,0.46,423.200001,6365.833882,1.411111111,0.361538462,4072.339524,0,1.121359223,300,[],[],0,0
110,111,K,121.83,8.821,59.77,56.33,0.42,352.800001,32.22,40.39,1.64,5379.200001,943.6495196,0.554621849,0.083333333,7057.215047,1.234693878,0.90990991,330.324001,"[7.416, 8.2, 7.104, 8.817]","[0.326, 0.006, 0.014, 0.06]",0,0
129,130,K,118.33,7.652,59.14,51.75,0.13,33.800001,32.91,18.54,1.04,2163.200001,7156.688583,1.522222222,0.261538462,1266.318299,0.522727273,0.385826772,300,[],[],0,0
131,132,K,122.13,7.115,54.76,54.08,0.63,793.800001,31.59,31.08,,300,4195.222442,0.911111111,0.753846154,6012.757346,1.255434783,0.654320988,1125.267001,"[8.587, 7.971, 7.121]","[0.362, 0.003, 0.494]",0,0
163,164,K,,,,,,300,,,,300,600.000001,0,0,600.000001,0,0,300,[],[],0,0
180,181,K,117.53,7.575,54.09,57.13,0.42,352.800001,32.33,18.59,,300,5043.081855,1.283333333,0.184615385,103116.0047,0.650273224,5.826589595,300,[],[],0,0
185,186,K,129.53,8.242,54.74,56.07,1.07,2289.800001,30.87,41.78,0.39,304.200001,7681.658997,0.922222222,1.307692308,1401.997769,0.681564246,0.052941176,1175.637001,"[7.27, 6.871, 8.5, 8.215]","[0.194, 0.593, 0.035, 0.037]",0,0
244,245,K,121.33,7.99,54.5,57.62,0.29,168.200001,,,,300,1080.300001,0.51,0,3209.096208,0.984732824,0,96.825001,"[8.567, 7.471, 7.971]","[0.075, 0.161, 0.027]",0,0
326,327,K,116.33,8.804,54.04,57.66,0.91,1656.200001,31.95,,0.05,5.000001,5839.403902,1.311111111,0.476923077,7693.121314,1.569832402,0,904.047001,"[9.19, 8.478, 8.839]","[0.494, 0.192, 0.143]",0,0
360,361,K,120.73,7.827,56.66,57.82,1.31,3432.200001,31.5,28.9,0.38,288.800001,2094.959457,0.144444444,0.823076923,8369.263021,1.016528926,1.325301205,353.310001,"[8.023, 7.828]","[0.197, 0.281]",0,0
377,378,K,,,,,,300,,,,300,600.000001,0,0,600.000001,0,0,300,[],[],0,0
378,379,K,116.93,7.779,58.98,59.05,0.22,96.800001,30.46,31.56,,300,8838.528895,0.109243697,1.712962963,1454.38584,0.050420168,0.694444444,300,[],[],0,0
391,392,K,123.13,8.384,55.91,62.24,0.27,145.800001,33.17,29.45,,300,861.3680703,0.272222222,0.461538462,10218.90335,0.195555556,1.835227273,300,[],[],0,0
438,439,K,118.63,7.698,59.07,51.82,,300,32.79,18.63,,300,6686.750494,1.483333333,0.169230769,116246.6779,2.25136612,5.803468208,7.512001,"[7.9, 7.687]","[0.002, 0.05]",0,0
447,448,K,117.73,8.468,53.77,55.77,0.84,1411.200001,32.51,31.2,1.23,3025.800001,6410.927571,1.461111111,0.046153846,1932.297191,0.336956522,0.728395062,311.091001,"[8.843, 8.48]","[0.319, 0.044]",0,0
473,474,K,121.43,7.87,53.02,51.92,,300,33.24,18.25,,300,11375.01205,1.877777778,0.515384615,1676.402865,0.426136364,0.614173228,5.811001,"[8.398, 7.856]","[0.001, 0.044]",0,0
13,14,L,118.23,9.05,57.22,61.08,0.11,24.200001,39.23,,,300,11785.41335,0.326530612,1.954954955,17221.875,2.375,0,454.152001,"[8.382, 7.703, 7.937, 9.074]","[0.182, 0.234, 0.0, 0.252]",0,0
18,19,L,122.93,7.499,52.79,55.9,0.14,39.200001,43.06,31.06,0.92,1692.800001,5622.645559,0.966386555,0.96969697,15896.47727,0.89,2.122905028,5277.642001,"[10.027, 7.363, 7.5]","[1.113, 0.574, 0.437]",0,0
30,31,L,120.23,7.429,55.87,57.31,,300,41.4,28.45,,300,9011.682633,1.704081633,0,13621.96211,1.895238095,0.974025974,783.426001,"[7.672, 8.099, 7.801, 8.498, 7.438]","[0.02, 0.097, 0.054, 0.496, 0.049]",0,0
39,40,L,120.73,7.794,55.35,62.71,,300,41,40.68,,300,15371.14895,2.234693878,0.36036036,8615.519755,1.208588957,1.187919463,300,[],[],0,0
41,42,L,118.53,7.779,56.6,67.62,0.98,1920.800001,38.38,68.01,0.65,845.000001,24967.06368,0.959183673,2.720720721,4977.027969,1.116129032,0.642857143,300,[],[],0,0
47,48,L,122.23,8.294,55.42,62.76,1.67,5577.800001,40.86,29.38,0.07,9.800001,1363.131325,0.318435754,0.594117647,11204.77215,1.922330097,0.198924731,300,[],[],0,0
51,52,L,124.03,8.15,53.49,51.71,0.59,696.200001,41.48,,1.29,3328.200001,1889.67043,0.759776536,0.229411765,7021.727781,1.496855346,0,300,[],[],0,0
59,60,L,122.73,8.167,55.12,55.39,0.01,0.200001,41.38,,,300,317.4950519,0.150837989,0.288235294,2305.458646,0.817610063,0,300,[],[],0,0
60,61,L,121.63,7.992,59.45,55.11,0.31,192.200001,41.99,,0.5,500.000001,19827.06382,2.569832402,0.070588235,363.2939057,0.145251397,0,300,[],[],0,0
67,68,L,122.03,8.528,52.93,59.24,1.15,2645.000001,,,,300,2461.076196,0.848739496,0,1059.966669,0.503311258,0,10857.393,"[10.951, 7.887, 8.493]","[1.901, 0.029, 0.067]",0,0
78,79,L,117.13,7.449,56.17,61.61,0.05,5.000001,41.06,40.73,1.03,2121.800001,2312.482422,0.737430168,0.476470588,12973.02164,1.817757009,1.01,300,[],[],0,0
82,83,L,122.03,8.261,53.94,53.98,1.17,2737.800001,43.32,32.91,,300,1799.846955,0,0.707070707,837.3038693,0.433333333,0.302197802,53.067001,[8.258],[0.133],0,0
111,112,L,127.93,8.757,56.7,60.19,,300,41.73,33.86,,300,2469.238683,0.857142857,0.297297297,8650.281483,0.907563025,1.435185185,287.670001,"[7.839, 7.945, 9.113, 8.748]","[0.016, 0.071, 0.292, 0.073]",0,0
115,116,L,125.73,8.394,59.17,61.53,,300,40.31,39.8,,300,11192.22028,1.663265306,0.981981982,7851.489978,0.26744186,1.595505618,41.235001,"[8.435, 7.544, 8.402]","[0.067, 0.09, 0.034]",0,0
123,124,L,114.43,8.604,55.22,55.37,1.74,6055.200001,39.46,18.03,0.54,583.200001,25976.86116,2.367346939,1.747747748,1031.240046,0.542553191,0.222222222,134.898001,"[7.114, 7.973, 8.587]","[0.21, 0.005, 0.029]",0,0
139,140,L,127.33,8.273,53.07,67.52,0.51,520.200001,,,,300,3266.574078,0.994413408,0,30383.33333,3.166666667,0,300,[],[],0,0
172,173,L,129.43,8.027,52.1,60.9,1.69,5712.200001,42.91,68.53,1.12,2508.800001,10943.7247,1.546218487,1.121212121,3574.719004,0.116959064,1.085308057,300,[],[],0,0
184,185,L,123.23,7.596,54.47,56.17,1.6,5120.000001,41.34,36.71,0.44,387.200001,426.7934692,0.212290503,0.311764706,4573.82741,0.724299065,1,95.997001,"[8.757, 7.773, 8.243, 7.612]","[0.005, 0.017, 0.001, 0.178]",0,0
205,206,L,117.33,8.393,52.69,54.48,1,2000.000001,41.18,36.87,0.87,1513.800001,4862.624438,1.206703911,0.405882353,6009.485694,1.076923077,0.918367347,0.054001,"[9.235, 8.596, 8.39]","[0.001, 0.004, 0.001]",0,0
231,232,L,123.83,7.972,54.88,55.77,1.19,2832.200001,41.3,29.06,0.11,24.200001,338.1091073,0.016759777,0.335294118,237.6432815,0.004950495,0.281407035,221.148001,"[8.326, 8.196, 7.999]","[0.1, 0.23, 0.104]",0,0
258,259,L,123.73,8.364,55.53,62.37,0.64,819.200001,41.21,33.41,1.23,3025.800001,885.1252206,0.379888268,0.388235294,3552.21972,0.344262295,1.032258065,300,[],[],0,0
267,268,L,122.63,8.208,55.18,,0.81,1312.200001,44.45,34.94,0.7,980.000001,7011.720896,0.184357542,1.517647059,1602.907821,0,0.659016393,300,[],[],0,0
270,271,L,119.23,8.399,57.2,57.69,1.09,2376.200001,40.35,39.3,1.17,2737.800001,3045.540741,0.346938776,0.945945946,4711.377552,0.65,1.071428571,198.054001,"[7.692, 9.074, 8.388]","[0.035, 0.253, 0.028]",0,0
279,280,L,132.43,9.252,53.06,61.74,0.95,1805.000001,39.63,33.21,0.8,1280.000001,8208.581316,1,1.317647059,1571.671194,0.641509434,0.335195531,63.795001,"[7.586, 8.541, 8.268, 7.386, 8.665, 9.249]","[0.046, 0.028, 0.051, 0.078, 0.088, 0.044]",0,0
300,301,L,,,,,,300,,,,300,600.000001,0,0,600.000001,0,0,300,[],[],0,0
311,312,L,120.33,7.933,55.39,51.99,0.12,28.800001,40.49,15.63,0.83,1377.800001,16455.60974,2.193877551,0.81981982,45891.86074,3.053191489,2.444444444,300,[],[],0,0
325,326,L,122.83,8.696,56.21,55.59,1.45,4205.000001,37.56,64.41,,300,21014.92995,0.759776536,2.535294118,7760.787582,1.550561798,0.427419355,313.098001,"[8.163, 8.277, 8.001, 8.685]","[0.192, 0.229, 0.03, 0.119]",0,0
333,334,L,129.23,7.83,56.32,62.73,0.77,1185.800001,42.28,30.96,,300,6534.874024,1.244897959,0.792792793,17308.70322,2.323741007,0.608108108,300,[],[],0,0
348,349,L,123.13,7.856,55.94,56.07,,300,41.08,29.27,,300,8245.998467,1.632653061,0.288288288,13137.14913,2.041237113,0.460869565,679.914001,"[8.856, 7.353, 7.829]","[0.11, 0.463, 0.013]",0,0
375,376,L,118.53,8.058,53.88,52.42,,300,40.41,18.3,,300,44230.22852,3.734693878,0.891891892,20215.98616,2.595744681,0.027777778,33.486001,"[7.748, 8.056]","[0.031, 0.101]",0,0
387,388,L,,,,,,300,,,,300,600.000001,0,0,600.000001,0,0,300,[],[],0,0
395,396,L,125.53,7.557,58.57,44.54,,300,39.41,,,300,19238.83669,2.078212291,1.447058824,1702.586019,0.683760684,0,300,[],[],0,0
404,405,L,122.03,9.413,51.6,58.51,1.98,7840.800001,38.41,42.01,,300,22316.93904,1.815642458,2.035294118,13087.40554,1.024038462,1.82038835,133.824001,"[8.431, 9.414]","[0.088, 0.192]",0,0
408,409,L,123.13,9.606,58.61,64.34,1.47,4321.800001,39.21,38.4,,300,15254.18942,1.091836735,1.972972973,1813.35281,0.204819277,0.75,300,[],[],0,0
411,412,L,,,,,,300,,,,300,600.000001,0,0,600.000001,0,0,300,[],[],0,0
417,418,L,122.23,9.193,57.1,55.7,0.38,288.800001,39.82,37.53,0.86,1479.200001,6683.15075,0.448979592,1.423423423,1348.01949,0.03030303,0.669642857,255.849001,"[8.001, 7.403, 8.19, 7.63, 7.84, 9.187]","[0.0, 0.003, 0.154, 0.103, 0.018, 0.225]",0,0
433,434,L,120.93,8.003,52.45,61.5,,300,43.13,,,300,7041.117786,1.340782123,0.741176471,305.8391013,0.044117647,0,7097.826001,"[8.996, 8.87, 8.499, 9.416, 8.002, 8.018, 8.002]","[0.745, 0.619, 0.248, 1.165, 0.049, 0.065, 0.049]",0,0
454,455,L,123.23,8.264,55.23,62.62,,300,41.27,31.2,,300,508.9041959,0.212290503,0.352941176,3026.077837,0.722222222,0.697916667,2857.041001,"[8.962, 7.613, 6.454, 8.774, 8.245]","[0.405, 0.249, 0.824, 0.217, 0.016]",0,0
458,459,L,120.03,8.308,54.59,52.68,0.52,540.800001,40.35,38.61,,300,2461.633006,0.145251397,0.894117647,10082.24779,0.886792453,1.604477612,34.371001,"[8.074, 7.93, 8.309]","[0.005, 0.106, 0.014]",0,0
465,466,L,118.23,7.35,54.67,45.09,0.89,1584.200001,41.66,,0.51,520.200001,76.11467954,0.100558659,0.123529412,113446.8573,6.141304348,0,997.935001,"[9.405, 7.827, 8.857, 7.336]","[0.38, 0.105, 0.168, 0.386]",0,0
469,470,L,121.73,8.343,54.34,55.51,0.5,500.000001,40.5,28.47,0.02,0.800001,2191.870826,0.284916201,0.805882353,205.7313699,0.234972678,0.115606936,628.932001,"[7.744, 9.271, 6.924, 8.727, 8.324]","[0.068, 0.142, 0.426, 0.044, 0.038]",0,0
470,471,L,109.73,7.812,45.15,53.84,1.6,5120.000001,,40.52,,300,88396.50136,5.418994413,0,2846.988516,0.56424581,0.794117647,300,[],[],0,0
141,142,M,118.03,7.739,50.18,61.28,3.72,27676.8,27.54,30.39,1.04,2163.200001,32218.22617,2.759776536,1.767213115,4703.191981,1.203883495,0.344086022,7080.492001,"[8.226, 7.086, 8.867, 10.833, 7.759]","[0.047, 0.133, 0.549, 1.417, 0.176]",0,0
150,151,M,125.83,7.793,56.53,44.76,1.16,2691.200001,32.87,,2.07,8569.800001,1862.619735,0.787709497,0.019672131,1037.234277,0.495726496,0,300,[],[],0,0
176,177,M,115.63,6.836,53.35,56.43,0.17,57.800001,32.19,42.8,2.94,17287.2,3109.933104,0.988826816,0.242622951,1500.236321,0.076335878,0.703030303,300,[],[],0,0
181,182,M,121.13,8.762,57.28,54.51,,300,35.4,,,300,6335.906344,1.206703911,0.809836066,3607.500001,1.05,0,1241.328001,"[7.49, 8.569, 7.982, 7.598, 8.753]","[0.085, 0.341, 0.121, 0.002, 0.525]",0,0
192,193,M,121.23,8.054,54.55,44.66,1.41,3976.200001,29.53,,0.06,7.200001,4032.234089,0.318435754,1.114754098,1313.368399,0.581196581,0,40.518001,"[8.212, 8.591, 8.068]","[0.073, 0.056, 0.071]",0,0
266,267,M,125.63,7.62,53.56,56.23,,300,35.15,37.78,0.21,88.200001,3867.959769,0.87150838,0.727868852,16435.77351,0.076335878,2.339393939,102.408001,"[8.098, 7.796, 8.752, 7.636]","[0.088, 0.002, 0.012, 0.162]",0,0
369,370,M,125.33,7.673,56.79,64.85,0.09,16.200001,32.71,29.37,1.27,3225.800001,4034.444295,1,0.587209302,13752.56265,0.663366337,2.035714286,47.163001,"[8.397, 7.88, 7.749, 7.69]","[0.098, 0.058, 0.007, 0.052]",0,0
379,380,M,127.83,7.955,60.81,59.2,1.07,2289.800001,32.81,,0.88,1548.800001,7313.004986,1.421686747,0.645348837,317.1598061,0.075630252,0,958.263001,"[8.623, 7.947]","[0.565, 0.014]",0,0
452,453,M,123.93,8.557,56.2,57.5,0.04,3.200001,29.42,63.44,,300,5065.2585,0.603351955,1.150819672,1061.830761,0.47752809,0.35483871,1.119001,"[8.254, 8.542]","[0.007, 0.018]",0,0
70,71,N,119.83,8.221,50.95,44.68,,300,36.08,,,300,12167.62818,1.391608392,1.455782313,1254.635109,0.564102564,0,11023.488,"[7.089, 7.896, 7.325, 8.224, 7.415, 10.833, 7.768]","[0.05, 0.001, 0.083, 0.038, 0.173, 1.902, 0.127]",0,0
79,80,N,121.43,6.676,52.86,56.12,,300,41.46,40.03,,300,1202.10599,0.322033898,0.544973545,5024.622528,0.709497207,1.082352941,1843.968001,[6.665],[0.784],0,0
112,113,N,123.13,8.182,55.66,,1.66,5511.200001,38.06,,0.05,5.000001,116.0586432,0.01010101,0.196428571,600.000001,0,0,300,[],[],0,0
155,156,N,122.43,8.314,52.53,57.69,0.02,0.800001,40.79,37.9,2.39,11424.2,9416.265061,0.286713287,1.74829932,492.6645721,0.014018692,0.405,300,[],[],0,0
169,170,N,117.93,8.262,52.69,59.94,0.04,3.200001,39.91,38.07,2.23,9945.800001,322.1091075,0.177966102,0.275132275,3535.691572,1.037383178,0.32,9797.661001,"[5.263, 8.581, 10.402, 8.239]","[1.039, 0.149, 1.471, 0.018]",0,0
174,175,N,123.33,8.412,52.3,54.19,1.18,2784.800001,42.14,43.8,0.54,583.200001,2525.58984,0.152542373,0.904761905,280.5540527,0.210084034,0.222222222,332.739001,"[9.432, 8.982, 8.014, 8.392]","[0.314, 0.022, 0.013, 0.108]",0,0
271,272,N,117.23,8.442,55.61,56.11,1.43,4089.800001,40.26,41.52,0.05,5.000001,9386.975917,0.060606061,1.767857143,6422.713069,1.459183673,0.108108108,185.826001,"[8.751, 9.285, 9.386, 8.63, 8.449]","[0.07, 0.131, 0.03, 0.191, 0.05]",0,0
320,321,N,118.93,7.875,52.69,53.98,0.52,540.800001,38.63,40.43,1.98,7840.800001,325.0665089,0.174825175,0.278911565,196.3033641,0.06918239,0.246268657,300,[],[],0,0
341,342,N,118.93,8.189,55.73,57.14,0.12,28.800001,37.26,27.21,1.28,3276.800001,2499.220815,0.060606061,0.910714286,15327.37894,1.579617834,1.616766467,818.148001,"[6.893, 9.188, 7.833, 7.983, 7.404, 7.644, 8.19]","[0.502, 0.081, 0.011, 0.029, 0.009, 0.102, 0.052]",0,0
356,357,N,120.53,8.22,55.07,44.75,,300,40.38,,,300,13133.22562,1.48951049,1.469387755,1062.875302,0.504273504,0,300,[],[],0,0
384,385,N,122.83,8.535,54.96,62.58,1.14,2599.200001,40.78,,0.42,352.800001,16490.39102,0.717171717,2.232142857,13980.87409,2.135483871,0,300,[],[],0,0
416,417,N,117.63,8.77,55.47,59.97,0.23,105.800001,36.56,28.88,0.97,1881.800001,7197.691589,0.202020202,1.535714286,6584.271411,1.307692308,0.696202532,1537.815001,"[8.203, 7.423, 7.102, 7.965, 6.919, 7.767, 7.582, 8.326, 8.435, 9.269, 8.752, 8.762]","[0.105, 0.023, 0.298, 0.036, 0.481, 0.034, 0.151, 0.018, 0.051, 0.076, 0.266, 0.276]",0,0
2,3,P,,,,,,300,,,,300,600.000001,0,0,600.000001,0,0,300,[],[],0,0
16,17,P,,,,,,300,,,,300,600.000001,0,0,600.000001,0,0,300,[],[],0,0
62,63,P,,,,,,300,,,,300,600.000001,0,0,600.000001,0,0,300,[],[],0,0
71,72,P,,,,,,300,,,,300,600.000001,0,0,600.000001,0,0,300,[],[],0,0
86,87,P,,,,,,300,,,,300,600.000001,0,0,600.000001,0,0,300,[],[],0,0
88,89,P,,,,,,300,,,,300,600.000001,0,0,600.000001,0,0,300,[],[],0,0
138,139,P,,,,,,300,,,,300,600.000001,0,0,600.000001,0,0,300,[],[],0,0
146,147,P,114.73,7.782,,62.98,,300,,44.43,,300,600.000001,0,0,48051.51191,3.050505051,2.590673575,300,[],[],0,0
178,179,P,,,,,,300,,,,300,600.000001,0,0,600.000001,0,0,300,[],[],0,0
182,183,P,,,,,,300,,,,300,600.000001,0,0,600.000001,0,0,300,[],[],0,0
188,189,P,,,,,,300,,,,300,600.000001,0,0,600.000001,0,0,300,[],[],0,0
221,222,P,,,,,,300,,,,300,600.000001,0,0,600.000001,0,0,300,[],[],0,0
236,237,P,,,,,,300,,,,300,600.000001,0,0,600.000001,0,0,300,[],[],0,0
252,253,P,,,,,,300,,,,300,600.000001,0,0,600.000001,0,0,300,[],[],0,0
257,258,P,,,,,,300,,,,300,600.000001,0,0,600.000001,0,0,300,[],[],0,0
284,285,P,,,,,,300,,,,300,600.000001,0,0,600.000001,0,0,300,[],[],0,0
330,331,P,,,,,,300,,,,300,600.000001,0,0,600.000001,0,0,300,[],[],0,0
368,369,P,,,,,,300,,,,300,600.000001,0,0,600.000001,0,0,300,[],[],0,0
396,397,P,,,,,,300,,,,300,600.000001,0,0,600.000001,0,0,300,[],[],0,0
434,435,P,,,,,,300,,,,300,600.000001,0,0,600.000001,0,0,300,[],[],0,0
439,440,P,,,,,,300,,,,300,600.000001,0,0,600.000001,0,0,300,[],[],0,0
443,444,P,,,,,,300,,,,300,600.000001,0,0,600.000001,0,0,300,[],[],0,0
453,454,P,123.63,8.382,,56.24,,300,,,,300,600.000001,0,0,1474.495179,0.625698324,0,300,[],[],0,0
455,456,P,,,,,,300,,,,300,600.000001,0,0,600.000001,0,0,300,[],[],0,0
474,475,P,,,,,,300,,,,300,600.000001,0,0,600.000001,0,0,300,[],[],0,0
9,10,Q,128.43,8.822,57.84,59.08,1.8,6480.000001,27.34,38.76,0.41,336.200001,6355.772358,0.740384615,1.253164557,4562.686205,1.156976744,0.426966292,109.443001,[8.856],[0.191],0,0
10,11,Q,119.23,6.914,58.06,59.64,2.72,14796.8,27.88,27.75,0.44,387.200001,1812.436463,0.528846154,0.569620253,4559.63361,0.990384615,0.734177215,370.014001,"[7.766, 8.319, 8.738, 9.27, 6.92]","[0.171, 0.079, 0.084, 0.22, 0.18]",0,0
12,13,Q,109.93,7.1,60.81,60.82,0.27,145.800001,27.23,27.38,,300,19240.93179,2.115384615,1.392405063,4693.165803,0.407216495,1.182608696,1296.147001,"[6.299, 7.146]","[0.615, 0.232]",0,0
35,36,Q,116.63,8,57.14,64.37,0.5,500.000001,27.47,31.03,0.06,7.200001,9548.82005,1.413461538,1.088607595,4716.506326,1.143884892,0.513513514,453.543001,"[8.006, 7.051, 7.585]","[0.004, 0.378, 0.091]",0,0
55,56,Q,124.33,8.269,53.89,62.43,,300,29.2,40.71,,300,4046.235371,1.120218579,0.306358382,6465.226881,0.860576923,1.189320388,300,[],[],0,0
116,117,Q,,,,,,300,,,,300,600.000001,0,0,600.000001,0,0,300,[],[],0,0
157,158,Q,120.33,8.132,55.55,45.17,0.11,24.200001,28.55,,0.93,1729.800001,150.6878571,0.213114754,0.069364162,363.3355259,0.145299145,0,150.807001,"[8.332, 7.864, 8.624, 8.496, 8.125]","[0.018, 0.129, 0.146, 0.018, 0.108]",0,0
179,180,Q,122.03,8.228,55.4,62.85,1.73,5985.800001,,31.01,,300,561.2201031,0.295081967,0,3281.323815,0.53968254,0.895833333,32.448001,[8.207],[0.104],0,0
260,261,Q,120.43,7.662,57.37,46.16,0.98,1920.800001,28.44,,0.82,1344.800001,1884.880731,0.781420765,0.132947977,68340.68229,4.762376238,0,699.540001,"[8.5, 7.811, 7.437, 8.107, 7.671]","[0.0, 0.207, 0.249, 0.089, 0.347]",0,0
275,276,Q,116.13,8.642,53.97,57.53,0.08,12.800001,33.45,27.6,1.5,4500.000001,2520.791869,0.258992806,0.879310345,17297.02071,1.56,1.825396825,9.612001,"[9.245, 8.555, 8.669]","[0.04, 0.04, 0.002]",0,0
283,284,Q,121.83,6.87,49.5,59.27,,300,29.84,63.08,,300,38524.88414,3.519125683,0.676300578,2050.113235,0.516853933,0.64516129,3017.247001,"[8.493, 8.712, 6.885]","[0.007, 0.16, 0.99]",0,0
305,306,Q,120.23,7.522,58.62,57.95,0.69,952.200001,26.92,41.33,0.77,1185.800001,9556.918932,0.009615385,1.784810127,537.0245617,0.418367347,0.063063063,312.030001,"[7.331, 6.673, 7.854, 7.533]","[0.146, 0.142, 0.249, 0.023]",0,0
312,313,Q,119.83,8.232,58.03,55.27,0.61,744.200001,27.17,41.32,0.21,88.200001,7401.256331,0.557692308,1.46835443,16111.68894,2.316326531,0.072072072,300,[],[],0,0
335,336,Q,118.53,7.403,58.7,58.81,1.71,5848.200001,28.85,31.61,0.93,1729.800001,1322.258417,0.086538462,0.658227848,1450.952568,0.25210084,0.648148148,386.487001,"[8.56, 8.253, 7.78, 7.403]","[0.192, 0.299, 0.05, 0.008]",0,0
350,351,Q,128.63,8.746,57.52,57.27,0.3,180.000001,28.46,29.74,0.8,1280.000001,3376.632692,1.048076923,0.164556962,6786.561846,1.47107438,0.313253012,1806.687001,"[7.49, 7.148, 8.733]","[0.326, 0.668, 0.223]",0,0
367,368,Q,112.53,7.501,62.07,62.11,,300,27.76,27.82,,300,34767.02043,3.326923077,0.721518987,3422.057228,0.405405405,0.988095238,2201.784001,"[6.831, 7.515]","[0.842, 0.158]",0,0
371,372,Q,126.63,8.59,56.82,52.45,0.02,0.800001,27.86,17.88,1.23,3025.800001,9948.96075,1.721153846,0.594936709,20110.87324,2.563829787,0.361111111,2006.631001,"[7.553, 9.229, 8.877, 7.092, 6.609, 8.346, 9.507, 7.992, 8.597]","[0.052, 0.285, 0.059, 0.221, 0.704, 0.149, 0.007, 0.066, 0.102]",0,0
399,400,Q,,,,,,300,,,,300,600.000001,0,0,600.000001,0,0,300,[],[],0,0
415,416,Q,120.13,8.036,57.89,58.11,2.08,8652.800001,28.87,31.27,0.01,0.200001,2839.568269,0.692307692,0.683544304,8834.338136,0.776859504,1.530120482,1.479001,"[7.825, 8.023]","[0.003, 0.022]",0,0
426,427,Q,115.03,7.349,53.81,62.85,1.61,5184.200001,28.11,26.99,,300,4378.573994,1.163934426,0.323699422,18201.3162,1.966019417,1.483870968,2158.413001,"[8.408, 7.894, 8.28, 6.953, 7.355]","[0.007, 0.031, 0.061, 0.764, 0.362]",0,0
437,438,Q,126.13,7.902,52.06,54.04,0.24,115.200001,,41.77,,300,13785.98047,2.120218579,0,1707.299469,0.031446541,0.753731343,300,[],[],0,0
21,22,R,128.93,9.311,52.37,53.41,2.68,14364.8,29.41,43.53,,300,11474.40985,1.850515464,0.632768362,1330.010102,0.445378151,0.494949495,17.679001,"[8.605, 8.829, 9.311]","[0.032, 0.03, 0.063]",0,0
49,50,R,124.03,8.179,54.49,56.26,0.92,1692.800001,28.69,37.9,0.19,72.200001,4964.453439,0.757731959,1.039548023,2239.180649,0.343434343,0.792746114,44.844001,"[8.691, 8.142]","[0.122, 0.008]",0,0
53,54,R,,,,,,300,,,,300,600.000001,0,0,600.000001,0,0,300,[],[],0,0
65,66,R,128.53,6.998,52.65,57.28,0.59,696.200001,32.52,60.28,1.05,2205.000001,5250.385607,1.32,0.087912088,35811.19126,0.126126126,3.452702703,518.127001,"[7.406, 7.013]","[0.022, 0.415]",0,0
81,82,R,119.03,8.956,54.92,64.29,0.94,1767.200001,34.66,71.95,1.75,6125.000001,4903.221367,0.193333333,1.263736264,11300.66344,1.865497076,0.535545024,4.800001,[8.991],[0.04],0,0
165,166,R,114.13,5.747,58.54,60.79,0.88,1548.800001,27,60.54,,300,17238.1765,1.329896907,1.994350282,45962.44339,0.05511811,3.913793103,879.855001,"[8.273, 8.087, 5.765]","[0.004, 0.07, 0.537]",0,0
234,235,R,121.03,7.895,55.08,44.94,0.54,583.200001,30.01,,0.47,441.800001,876.2107538,0.453608247,0.293785311,650.6465055,0.341880342,0,300.489001,"[8.676, 9.067, 7.212, 7.861]","[0.112, 0.213, 0.173, 0.111]",0,0
285,286,R,122.33,7.875,54.12,62.9,0.68,924.800001,33.04,32.02,2.07,8569.800001,765.5900022,0.34,0.373626374,665.7344265,0.090163934,0.462365591,271.278001,"[8.277, 7.576, 7.187, 7.875]","[0.021, 0.148, 0.241, 0.1]",0,0
291,292,R,124.83,8.432,52.05,55.04,0.52,540.800001,30.21,29.85,1.37,3753.800001,12284.34052,2.015463918,0.18079096,2665.315269,0.137142857,0.932539683,300,[],[],0,0
306,307,R,123.93,8.86,59,59.31,2.48,12300.8,30.88,26.15,0.58,672.800001,3377.455306,0.041322314,1.060240964,24203.51359,0.673076923,2.759493671,300,[],[],0,0
349,350,R,119.53,7.886,58.55,,1.28,3276.800001,29.51,,0.23,105.800001,1557.840003,0.41322314,0.590361446,600.000001,0,0,467.577001,"[7.484, 9.074, 8.372, 8.199, 7.927]","[0.332, 0.195, 0.017, 0.061, 0.06]",0,0
357,358,R,,,,,,300,,,,300,600.000001,0,0,600.000001,0,0,300,[],[],0,0
359,360,R,113.93,8.246,57.01,61.28,0.81,1312.200001,29.57,38.38,0.67,897.800001,9332.483079,1.685950413,0.518072289,344.72012,0.122093023,0,2.700001,[8.261],[0.03],0,0
392,393,R,115.53,6.81,53.31,56.18,1.72,5916.800001,,,,300,5897.699013,1.365979381,0,344.8148158,0.122222222,0,3122.058001,"[7.572, 6.888, 6.787]","[0.015, 0.669, 0.77]",0,0
418,419,R,116.93,7.733,59.11,56.72,0.67,897.800001,30.52,40.68,0.36,259.200001,1184.905941,0.049586777,0.626506024,3362.610053,0.836734694,0.648648649,345.846001,"[8.359, 7.426, 7.083, 8.862, 7.749]","[0.018, 0.026, 0.317, 0.092, 0.073]",0,0
419,420,R,121.53,7.4,58.56,59.78,,300,30.52,30.16,,300,1669.503988,0.404958678,0.626506024,1203.415685,0.603305785,0.192771084,1103.307001,"[7.194, 7.408]","[0.512, 0.325]",0,0
424,425,R,121.53,7.93,59.61,51.98,2.56,13107.2,31.49,18.39,2.43,11809.8,10310.60054,0.462809917,1.795180723,28198.19593,3.063829787,0.111111111,75.783001,"[6.61, 8.21, 7.917]","[0.072, 0.131, 0.054]",0,0
428,429,R,119.03,8.415,59.37,54.73,1.17,2737.800001,30.35,64.95,1.14,2599.200001,9299.890485,1.757731959,0.101694915,14641.70897,2.033707865,0.862903226,300,[],[],0,0
431,432,R,123.43,8.151,53.51,51.74,1.13,2553.800001,31.41,18.31,0.4,320.000001,5526.197042,1.262886598,0.497175141,1801.874432,0.528409091,0.566929134,663.222001,"[7.944, 7.772, 8.843, 8.131]","[0.009, 0.153, 0.428, 0.12]",0,0
442,443,R,118.53,8.41,53.56,56.05,,300,33.14,26.81,,300,11114.47425,1.237113402,1.474576271,12841.60355,1.334951456,1.580645161,451.923001,"[8.079, 9.913, 9.412, 8.421]","[0.058, 0.0, 0.381, 0.046]",0,0
0,1,S,110.63,7.625,65.59,65.65,3.79,28728.2,55.58,55.54,1.25,3125.000001,184042.3822,4.06741573,6.693548387,300,,,300,[],[],0,0
24,25,S,115.33,8.706,59.32,52.59,,300,63.09,17.93,0.15,45.000001,5110.352481,1.212598425,0.482758621,17792.45865,2.414893617,0.314814815,621.084001,"[6.883, 8.701]","[0.262, 0.372]",0,0
25,26,S,121.93,8.324,58.79,,1.77,6265.800001,,62.94,,300,483.3101891,0.247191011,0,450.7134374,0,0.224137931,300,[],[],0,0
27,28,S,113.13,7.22,62.36,62.26,1.73,5985.800001,61.41,28.84,0.21,88.200001,21664.19981,1.181102362,2.413793103,14406.38433,0.204444444,2.181818182,300,[],[],0,0
64,65,S,119.63,7.428,58.04,60.84,0.76,1155.200001,63.18,32.87,2.9,16820,8661.568664,0.810810811,1.493243243,844.4029353,0.075471698,0.525139665,564.330001,"[7.742, 8.366, 7.94, 7.066, 8.861, 7.418]","[0.089, 0.046, 0.024, 0.068, 0.048, 0.413]",0,0
92,93,S,113.93,7.753,59.69,46.89,4.28,36636.8,,,,300,2000.164122,0.752808989,0,5565.17642,1.324786325,0,282.855001,"[6.865, 7.606]","[0.174, 0.253]",0,0
142,143,S,117.43,6.953,58.01,53.9,0.26,135.200001,64.2,28.58,1,2000.000001,309.2477612,0.191011236,0.258064516,7495.981295,0.681564246,1.426229508,2295.498001,"[7.905, 8.421, 7.352, 6.963]","[0.03, 0.111, 0.387, 0.776]",0,0
152,153,S,115.83,7.902,58.3,44.88,0.22,96.800001,64.35,,,300,433.3634843,0.028089888,0.379032258,763.7300032,0.393162393,0,300,[],[],0,0
153,154,S,122.03,7.828,53.86,58.52,,300,63.97,,,300,19104.39746,2.52247191,0.072580645,327.3639702,0.095505618,0,300,[],[],0,0
164,165,S,115.03,7.881,60.84,59.52,0.05,5.000001,62.1,30.48,1.56,4867.200001,4496.285025,0.015748031,1.224137931,8969.544845,0.344537815,1.694444444,360.102001,"[7.015, 6.326, 7.917, 8.173, 7.383]","[0.021, 0.024, 0.1, 0.156, 0.291]",0,0
215,216,S,116.93,8.24,58.86,53.91,1.17,2737.800001,62.99,40.23,1.26,3175.200001,15092.28147,1.54954955,1.621621622,8633.630184,1.666666667,0.316384181,10.092001,[8.24],[0.058],0,0
217,218,S,116.73,8.298,62.17,55.25,1.45,4205.000001,63.12,39.18,0.24,115.200001,14943.76715,2.146067416,0.612903226,4518.571669,0.823899371,0.90960452,300,[],[],0,0
225,226,S,117.73,8.299,57.46,55.97,0.51,520.200001,63.32,29.41,0.36,259.200001,1361.862644,0.5,0.451612903,581.6634414,0.22826087,0.37654321,300,[],[],0,0
229,230,S,112.63,8.637,60.14,55.6,2.03,8241.800001,61.66,42.57,1.25,3125.000001,12649.56738,1.005617978,1.790322581,8179.254292,0.949685535,1.350746269,2004.342001,"[9.406, 8.614]","[0.817, 0.025]",0,0
246,247,S,119.03,8.671,59.04,59.42,0.97,1881.800001,63.65,,0.35,245.000001,554.0081543,0.387640449,0.185483871,742.6121671,0.38410596,0,0.588001,[8.657],[0.014],0,0
287,288,S,123.63,7.775,57.63,56.72,1.17,2737.800001,64.18,,0.78,1216.800001,2589.861822,0.441441441,0.817567568,565.8935969,0.297709924,0,300,[],[],0,0
288,289,S,117.63,9.118,56.58,56.46,,300,65.81,63.4,,300,1005.174094,0.504504505,0.283783784,6549.686512,0.612612613,1.344594595,89.511001,"[7.931, 8.752, 9.115]","[0.096, 0.115, 0.086]",0,0
296,297,S,118.03,8.37,57.52,56.04,0.62,768.800001,63.46,29.45,,300,996.4578027,0.466292135,0.338709677,5463.282654,1.339805825,0.161290323,300,[],[],0,0
327,328,S,123.43,7.903,59.56,54.95,1.67,5577.800001,64.13,32,1,2000.000001,1508.226587,0.679775281,0.201612903,2523.504822,0.805555556,0.438461538,300,[],[],0,0
410,411,S,112.53,7.985,57.5,55.34,,300,64.01,14.69,,300,33840.55293,2.645669291,2.068965517,33746.24618,0.510638298,3.314814815,300,[],[],0,0
427,428,S,119.53,7.971,54.24,55.42,0.49,480.200001,65.85,,0.9,1620.000001,23566.28266,2.308988764,1.588709677,542.2287925,0.284153005,0,1.323001,[7.974],[0.021],0,0
451,452,S,122.93,7.278,56.72,55.48,0.78,1216.800001,63.29,21.56,0.15,45.000001,3194.86149,0.915730337,0.475806452,19553.00541,1.596590909,1.992125984,640.284001,"[8.849, 7.201]","[0.292, 0.358]",0,0
463,464,S,114.73,8.079,61.46,66.99,0.23,105.800001,62.17,30.55,1.83,6697.800001,4322.395633,0.472440945,1.103448276,5699.13766,0.741007194,1.162162162,113.280001,"[8.498, 8.294, 8.63, 7.707, 7.862, 8.088]","[0.133, 0.014, 0.001, 0.015, 0.14, 0.007]",0,0
1,2,T,114.73,8.222,44.96,69.38,,300,,54.33,,300,199663.3939,8.151960784,0,293139.1648,6.196629213,7.701612903,27.648001,[8.214],[0.096],0,0
40,41,T,,,,,,300,,,,300,600.000001,0,0,600.000001,0,0,300,[],[],0,0
61,62,T,119.63,8.513,56.23,59.76,,300,71.73,41.49,,300,27778.10007,2.62745098,1.534883721,22722.31903,2.74301676,0.223529412,859.878001,"[8.099, 7.353, 8.977, 7.889, 8.417]","[0.051, 0.478, 0.164, 0.058, 0.159]",0,0
74,75,T,112.13,7.242,59.62,60.77,1.44,4147.200001,72.11,27.48,0.17,57.800001,3368.591566,0.865497076,0.611374408,10901.26491,1.613402062,1.015228426,6924.573001,"[8.521, 5.467, 7.452, 7.246]","[0.047, 1.506, 0.185, 0.061]",0,0
80,81,T,,,,,,300,,,,300,600.000001,0,0,600.000001,0,0,300,[],[],0,0
84,85,T,109.13,7.637,61.71,55.55,0.12,28.800001,72.66,36.53,4.1,33620,15276.4704,0.058823529,2.255813953,8251.83329,0.702020202,1.502590674,300,[],[],0,0
97,98,T,113.33,8.129,63.48,56.52,1.23,3025.800001,68.46,34.04,1.73,5985.800001,5575.043254,0.926470588,1,15202.53688,0.366336634,2.221105528,1119.000001,"[6.907, 8.124]","[0.61, 0.03]",0,0
107,108,T,,,,,,300,,,,300,600.000001,0,0,600.000001,0,0,300,[],[],0,0
119,120,T,122.63,8.558,65.83,58.43,0.19,72.200001,,,,300,304.4953184,0.038709677,0,2359.591838,0.828571429,0,300,[],[],0,0
171,172,T,113.13,8.931,57.53,57.91,3.37,22713.8,68.16,36.45,0.37,273.800001,17843.53304,2.087719298,1.260663507,15895.64021,1.767295597,1.474860335,92.787001,"[8.182, 8.062, 7.084, 8.388, 8.734, 8.933]","[0.039, 0.035, 0.111, 0.038, 0.117, 0.027]",0,0
251,252,T,112.63,8.856,56.43,55.38,,300,65.79,33.13,,300,47464.18807,2.529411765,3.069767442,11960.27233,0.548913043,1.919753086,150.528001,[8.867],[0.224],0,0
273,274,T,121.03,9.416,59.77,52.25,0.55,605.000001,68.67,,1.72,5916.800001,4929.637035,0.777777778,1.018957346,23428.45179,2.776595745,0,423.906001,"[8.389, 9.03, 9.428]","[0.01, 0.359, 0.111]",0,0
289,290,T,,,,,,300,,,,300,600.000001,0,0,600.000001,0,0,300,[],[],0,0
297,298,T,122.23,7.816,57.55,58.14,0.74,1095.200001,,,,300,12065.85929,1.980392157,0,341.7560924,0.117977528,0,489.903001,"[7.921, 7.812]","[0.226, 0.335]",0,0
299,300,T,109.33,7.185,58.2,45.81,,300,71.81,,,300,105232.9384,4.961290323,3.234693878,784.1113313,0.401709402,0,186.798001,"[7.656, 9.056, 8.08, 7.185, 7.198]","[0.134, 0.07, 0.185, 0.057, 0.044]",0,0
362,363,T,108.63,7.547,61.37,57.49,1.69,5712.200001,69.95,29.38,1.79,6408.200001,107.0014788,0.107843137,0.15503876,1331.904777,0.63592233,0.198924731,300,[],[],0,0
383,384,T,108.63,7.563,61.35,68.05,1.23,3025.800001,69.41,32.38,,300,27589.73072,2.929032258,0.785714286,11937.08786,1.503597122,1.310810811,300,[],[],0,0
405,406,T,120.13,8.771,66.61,49.62,0.73,1065.800001,67.95,,1.19,2832.200001,24007.37345,2.460784314,1.395348837,25910.53026,2.921787709,0,29.898001,"[8.24, 7.913, 7.515, 8.78]","[0.006, 0.011, 0.028, 0.095]",0,0
412,413,T,113.73,8.486,66,57.93,0.72,1036.800001,68.36,41.16,0.2,80.000001,260.0072214,0.070967742,0.285714286,615.3628931,0.397959184,0.216216216,319.884001,"[7.961, 7.548, 8.455]","[0.024, 0.274, 0.176]",0,0
432,433,T,123.63,7.953,59.76,54.64,1.74,6055.200001,64.11,31.81,,300,59759.73581,0.897058824,4.372093023,2957.780812,0.680412371,0.723163842,300,[],[],0,0
459,460,T,122.13,8.354,62.28,54.07,0.69,952.200001,69.8,,,300,347.7162842,0.338235294,0.03875969,869.6451432,0.43575419,0,300,[],[],0,0
26,27,V,125.83,9.086,60.47,57.02,1.79,6408.200001,28.1,67.91,0.74,1095.200001,21363.70708,0.591111111,2.602272727,33362.38322,0.747191011,3.25,608.853001,"[7.471, 7.702, 7.933, 8.401, 9.081]","[0.082, 0.313, 0.085, 0.072, 0.293]",0,0
52,53,V,117.63,8.576,66.69,54.08,,300,30.03,40.19,,300,20971.36655,2.173333333,1.505681818,3484.959477,0.430167598,0.988235294,18.399001,"[7.985, 8.591]","[0.007, 0.078]",0,0
85,86,V,126.53,8.851,60.61,61.59,,300,30.72,68.56,,300,4559.728223,0.528888889,1.113636364,2852.911485,0,0.92248062,685.524001,"[7.768, 8.216, 7.092, 8.856]","[0.127, 0.005, 0.455, 0.073]",0,0
89,90,V,117.63,7.039,61.65,64.73,0.63,793.800001,33.08,31.08,0.93,1729.800001,168.292012,0.066666667,0.227272727,4752.663957,0.952380952,0.822916667,300,[],[],0,0
137,138,V,122.23,8,59.5,51.84,,300,31.86,18.35,,300,3786.028659,1.022222222,0.465909091,1527.259678,0.471590909,0.535433071,300,[],[],0,0
160,161,V,121.83,8.017,62.51,56.69,0.99,1960.200001,31.92,29.27,0.05,5.000001,19906.13149,2.482014388,0.689189189,18561.11992,2.485714286,0.090909091,87.243001,"[8.007, 8.248]","[0.125, 0.116]",0,0
170,171,V,122.13,8.309,60.15,52.65,2.24,10035.2,38.07,37.68,1.62,5248.800001,17377.15097,0.358490566,2.379888268,6413.572546,0.144067797,1.455026455,82.518001,"[8.775, 8.984, 8.281]","[0.156, 0.053, 0.019]",0,0
197,198,V,119.63,8.319,61.12,50.73,1.21,2928.200001,35.72,16.27,2.97,17641.8,3605.58327,0.251572327,1.067039106,28473.44219,0.1015625,3.079096045,391.173001,"[7.927, 8.869, 7.498, 7.716, 9.554, 8.019, 8.286, 8.306]","[0.096, 0.078, 0.034, 0.084, 0.302, 0.065, 0.085, 0.065]",0,0
211,212,V,122.03,7.999,59.54,51.86,1.61,5184.200001,31.52,18.39,2.2,9680.000001,6562.360803,0.742138365,1.279329609,12449.55512,0.78125,1.881355932,300,[],[],0,0
213,214,V,122.23,8.637,60.25,49.51,1.37,3753.800001,29.35,22.25,2.58,13312.8,18886.64596,0.295597484,2.491620112,3606.081177,1.0546875,0.299435028,100.494001,"[8.013, 8.45, 8.633]","[0.003, 0.0, 0.183]",0,0
241,242,V,125.23,8.513,61.34,54.06,,300,36.13,32.18,,300,5495.695928,0.389937107,1.296089385,536.6134553,0.422857143,0.007936508,85.683001,[8.561],[0.169],0,0
278,279,V,121.63,8.084,62.05,55.38,0.31,192.200001,32.1,29.86,1.11,2464.200001,4836.922169,0.836477987,0.955307263,4182.938292,1.164948454,0.192893401,300,[],[],0,0
292,293,V,123.73,8.332,63.5,52.57,0.43,369.800001,31.08,31.58,1.81,6552.200001,4191.931437,0.755555556,0.909090909,10216.18918,1.74742268,0.593220339,300,[],[],0,0
314,315,V,120.33,7.365,61.48,52,1.64,5379.200001,31.19,38.81,2.25,10125,2210.829985,0.142222222,0.846590909,1779.568968,0.657342657,0.401360544,149.910001,"[7.817, 7.942, 8.346, 7.053, 8.658, 7.649, 7.372]","[0.086, 0.009, 0.004, 0.002, 0.038, 0.175, 0.102]",0,0
318,319,V,119.13,8.258,61.7,54.43,0.35,245.000001,32.94,37.44,1.01,2040.200001,71.39596825,0.044444444,0.147727273,18552.8609,0.213836478,2.47761194,3170.400001,"[7.382, 8.782, 7.6, 8.548, 9.244, 8.264]","[0.092, 0.432, 0.126, 0.198, 0.894, 0.086]",0,0
323,324,V,122.13,9.042,59.02,53.82,1.12,2508.800001,33.87,40.74,1.25,3125.000001,5951.27374,1.235555556,0.676136364,87.17595526,0.169811321,0.014925373,564.144001,"[9.426, 8.201, 8.077, 8.39, 8.836, 9.022]","[0.27, 0.23, 0.106, 0.116, 0.14, 0.134]",0,0
332,333,V,120.03,7.094,64.89,55.1,2.16,9331.200001,31.05,17.49,0.09,16.200001,2487.710323,0.769784173,0.486486486,1760.378419,0.255319149,0.722222222,250.125001,"[8.756, 8.201, 7.937, 7.429, 7.103]","[0.004, 0.085, 0.107, 0.026, 0.253]",0,0
343,344,V,120.63,8.389,66.76,59.63,1.16,2691.200001,,28.28,,300,1293.737385,0.575539568,0,4579.004892,0.314285714,1.194805195,20.286001,"[8.083, 7.685, 7.882]","[0.055, 0.061, 0.004]",0,0
382,383,V,,,,,,300,,,,300,600.000001,0,0,600.000001,0,0,300,[],[],0,0
386,387,V,122.23,7.929,59.55,51.98,,300,31.79,18.04,,300,64589.18372,4.611510791,0.513513514,28297.21857,3.063829787,0.212962963,300,[],[],0,0
390,391,V,121.23,8.025,62.13,56.26,0.11,24.200001,31.82,29.33,2.37,11233.8,780.8298219,0.146666667,0.488636364,25232.72278,2.895238095,0.168831169,300,[],[],0,0
397,398,V,126.23,8.731,65.65,62.83,1.95,7605.000001,31.02,31.83,0.1,20.000001,11452.47953,1.711111111,0.943181818,931.1342603,0.555555556,0.041666667,1815.129001,"[6.923, 9.269, 8.321, 7.749, 7.962, 8.722]","[0.634, 0.37, 0.073, 0.165, 0.048, 0.177]",0,0
87,88,W,118.33,7.94,59.5,64.17,,300,30.48,30.77,,300,10416.048,1.504,1.1,4712.800573,0.507936508,1.145833333,1750.509001,"[6.322, 8.172, 6.998, 7.385, 8.291, 7.933]","[0.717, 0.049, 0.041, 0.252, 0.042, 0.008]",0,0
199,200,W,122.83,8.371,52.5,56.12,,300,31.98,64.52,,300,18591.89064,2.486842105,0.113636364,3569.89591,0.918918919,0.587837838,300,[],[],0,0
239,240,W,129.63,9.172,54.69,60.05,1.37,3753.800001,33.33,38.05,1.51,4560.200001,5609.47972,1.046052632,0.880681818,3651.149082,0.033112583,1.102702703,3153.324001,"[5.919, 8.301, 8.84, 9.126]","[0.951, 0.003, 0.087, 0.373]",0,0
247,248,W,127.33,8.873,59.32,58.07,2.16,9331.200001,28.84,63.3,0.29,168.200001,6007.229753,1.36,0.390909091,730.580607,0.157303371,0.467741935,4946.103001,"[8.365, 7.732, 7.086, 7.415, 8.865]","[0.054, 0.362, 1.008, 0.679, 0.194]",0,0
352,353,W,122.33,8.021,61.2,59.04,1.55,4805.000001,,,,300,1391.162718,0.603092784,0,3563.201476,1.042944785,0,300,[],[],0,0
364,365,W,123.83,7.795,58.62,54.91,0.7,980.000001,28.48,41.09,1.02,2080.800001,3467.355373,0.8,0.718181818,979.8562299,0.51572327,0.246268657,300,[],[],0,0
365,366,W,120.23,9.196,61.7,59.32,1.04,2163.200001,28.22,29.5,0.74,1095.200001,2836.441455,0.860824742,0.452173913,5679.957026,1.36,0.209090909,1962.024001,"[7.64, 7.839, 8.077, 8.436, 8.979, 9.194]","[0.033, 0.017, 0.169, 0.038, 0.44, 0.655]",0,0
376,377,W,116.83,7.313,70.19,,,300,25.51,,,300,105948.3842,5.237113402,2.808695652,600.000001,0,0,300,[],[],0,0
421,422,W,110.33,6.682,62.23,62.26,0.51,520.200001,28.3,28.28,0.49,480.200001,4297.176533,1.134020619,0.382608696,28123.7668,2.819047619,1.194805195,1811.775001,"[7.169, 6.658]","[0.231, 0.742]",0,0
8,9,Y,119.73,7.971,59.75,59.57,0.67,897.800001,37.58,38.41,1.18,2784.800001,4190.8374,0.76744186,0.898876404,1883.496151,0.717791411,0.33557047,300,[],[],0,0
15,16,Y,127.53,7.937,55.72,55.87,,300,41.52,29.73,,300,8542.391186,0.934579439,1.405,14577.72573,0.294444444,2.184615385,300,[],[],0,0
75,76,Y,123.53,9.05,56.49,58.18,0.85,1445.000001,40.29,71.94,,300,245.2094543,0.044025157,0.282485876,9592.98128,1.707602339,0.530805687,79.014001,"[7.857, 7.195, 8.676, 9.062]","[0.038, 0.047, 0.107, 0.106]",0,0
77,78,Y,123.33,7.737,59.22,54.45,2.39,11424.2,39.12,,1.61,5184.200001,1600.002855,0.700934579,0.205,1240.800001,0.56,0,300,[],[],0,0
114,115,Y,118.43,8.194,61.01,54.76,0.52,540.800001,38.67,,1.13,2553.800001,322.1710118,0.034883721,0.325842697,15895.2,2.28,0,342.435001,"[9.158, 8.206]","[0.337, 0.024]",0,0
154,155,Y,125.83,9.1,58.21,,0.52,540.800001,36.91,,0.99,1960.200001,2587.28448,0.228971963,0.9,600.000001,0,0,300,[],[],0,0
168,169,Y,123.03,7.455,58.48,49.79,1.46,4263.200001,37.72,15.47,0.35,245.000001,1113.448658,0.355140187,0.495,31606.001,1.636363636,2.803149606,2512.194001,"[7.738, 8.41, 7.915, 9.39, 6.316, 6.668, 7.004, 6.829, 7.446]","[0.272, 0.022, 0.095, 0.832, 0.014, 0.236, 0.01, 0.075, 0.008]",0,0
216,217,Y,127.53,9.029,55.34,57.69,0.09,16.200001,39.99,64.25,0.81,1312.200001,2379.078316,0.767295597,0.451977401,2516.496227,0.495495495,0.77027027,209.550001,"[8.893, 8.677, 9.058]","[0.225, 0.125, 0.06]",0,0
264,265,Y,120.53,7.798,55.12,55.82,1.23,3025.800001,40.81,28.81,0.64,819.200001,2461.04519,0.905660377,0.011299435,2987.35149,0.93814433,0.340101523,300,[],[],0,0
302,303,Y,119.13,6.815,64.34,59.32,,300,37.6,,,300,13147.51438,1.901162791,0.876404494,15895.2,2.28,0,368.139001,"[7.645, 6.857]","[0.123, 0.328]",0,0
358,359,Y,122.23,8.223,60.01,61.76,1.27,3225.800001,38.04,31.27,0.34,231.200001,1577.223184,0.61627907,0.382022472,22072.16342,2.239669421,1.530120482,5647.227001,"[10.403, 8.226]","[1.372, 0.005]",0,0