3303,"[234, 205, 257, 216, 322, 227, 457, 76, 107, 301, 279, 450, 132, 454, 81, 159, 58, 0, 414, 243, 354, 33, 419, 37, 337, 362, 149, 188, 24, 66, 11, 92, 258, 461, 456, 30, 416, 339, 259, 338, 260, 330, 306, 307, 187, 291, 344, 213, 72, 374, 84, 263, 444, 398, 137, 136, 70, 44, 97, 286, 244, 297, 36, 372, 116, 424, 147, 358, 164, 142, 29, 269, 109, 393, 16, 158, 361, 7, 87, 63, 390, 6, 93, 415, 106, 336, 96, 311, 23, 363, 180, 254, 300, 274, 38, 28, 425, 400, 64, 155, 118, 229, 364, 117, 408, 399, 194, 196, 189, 434, 192, 432, 219, 176, 35, 15, 423, 335, 383, 247, 75, 453, 221, 404, 323, 295, 175, 237, 397, 391, 384, 127, 143, 167, 233, 83, 108, 313, 43, 114, 429, 211, 171, 351, 332, 303, 315, 292, 166, 125, 135, 32, 2, 407, 49, 179, 312, 242, 288, 367, 409, 151, 342, 331, 228, 448, 352, 61, 69, 442, 431, 387, 9, 201, 357, 51, 1, 21, 343, 264, 280, 246, 220, 160, 50, 133, 368, 245, 68, 52, 91, 90, 134, 296, 472, 412, 124, 203, 170, 110, 123, 445, 238, 12, 105, 441, 56, 144, 410, 148, 473, 458, 386, 440, 4, 191, 5, 333, 208, 85, 126, 195, 443, 334, 102, 282, 10, 378, 99, 241, 382, 100, 463, 169, 3, 316, 359, 256, 435, 350, 31, 186, 328, 47, 430, 131, 325, 305, 239, 314, 281, 250, 465, 310, 13, 459, 198, 267, 26, 365, 165, 389, 470, 207, 200, 249, 437, 82, 27, 427, 79, 89, 60, 366, 466, 62, 401, 348, 379, 53, 18, 255, 209, 122, 349, 464, 197, 190, 199, 210, 420, 94, 240, 467, 183, 40, 215, 275, 421, 88, 346, 231, 449, 152, 145, 455, 161, 232, 248, 347, 55, 141, 181, 376, 345, 204, 217, 388, 153, 45, 73, 67, 403, 235, 302, 360, 59, 270, 262, 202, 172, 289, 405, 290, 304, 178, 377, 418, 381, 173, 438, 294, 422, 168, 321, 324, 411, 98, 385, 451, 119, 353, 14, 251, 462, 395, 120, 65, 128, 355, 42, 222, 261, 214, 447, 468, 20, 174, 206, 375, 341, 19, 25, 340, 95, 113, 373, 22, 394, 406, 177, 439, 252, 276, 182, 41, 224, 226, 460, 298, 39, 278, 156, 78, 129, 111, 163, 308, 287, 265, 413, 121, 154, 392, 225, 436, 285, 370, 320, 319, 402, 273, 396, 318, 433, 112, 150, 80, 77, 138, 452, 115, 446, 236, 146, 230, 46, 266, 277, 471, 380, 293, 74, 299, 284, 326, 428, 212, 271, 34, 184, 8, 86, 253, 139, 162, 193, 103, 140, 71, 104, 417, 309, 268, 317, 48, 57, 371, 223, 426, 327, 329, 283, 101, 272, 356, 369, 185, 469, 130, 54, 218, 17, 157]"
3301,"[234, 250, 17, 184, 227, 30, 386, 76, 107, 301, 279, 364, 235, 302, 444, 320, 58, 0, 394, 243, 366, 33, 412, 37, 337, 170, 255, 209, 378, 211, 372, 402, 108, 388, 109, 269, 392, 124, 87, 63, 88, 429, 341, 56, 44, 118, 43, 451, 113, 421, 27, 244, 442, 339, 259, 187, 291, 97, 286, 84, 263, 80, 253, 151, 114, 391, 210, 455, 164, 296, 29, 297, 142, 406, 199, 362, 330, 132, 217, 338, 260, 344, 93, 379, 369, 106, 96, 31, 414, 25, 180, 254, 300, 218, 204, 28, 445, 322, 145, 144, 161, 232, 248, 437, 461, 459, 432, 194, 189, 456, 192, 405, 219, 176, 35, 15, 422, 335, 351, 375, 115, 150, 61, 138, 77, 85, 13, 404, 185, 411, 212, 385, 237, 71, 438, 280, 308, 313, 163, 287, 265, 117, 121, 154, 64, 104, 155, 292, 166, 125, 127, 32, 2, 409, 49, 178, 357, 1, 130, 401, 465, 271, 228, 331, 435, 83, 389, 143, 233, 433, 363, 201, 9, 418, 41, 39, 226, 283, 278, 298, 272, 246, 8, 50, 69, 81, 377, 202, 68, 52, 134, 395, 135, 90, 424, 407, 463, 203, 116, 348, 285, 242, 213, 12, 105, 358, 59, 332, 439, 148, 157, 408, 376, 428, 4, 191, 14, 251, 38, 120, 336, 317, 123, 82, 423, 276, 102, 334, 225, 282, 374, 100, 447, 169, 3, 316, 457, 122, 256, 387, 23, 186, 328, 333, 471, 131, 325, 305, 239, 314, 281, 205, 188, 224, 398, 78, 198, 468, 54, 380, 18, 427, 454, 207, 200, 249, 413, 460, 67, 464, 79, 89, 60, 403, 288, 34, 382, 36, 347, 53, 133, 353, 241, 86, 420, 352, 196, 5, 190, 197, 371, 94, 240, 349, 183, 40, 215, 275, 359, 229, 167, 383, 462, 247, 75, 416, 208, 450, 19, 365, 449, 274, 22, 146, 171, 95, 55, 410, 220, 221, 323, 99, 270, 430, 6, 354, 153, 45, 73, 245, 48, 434, 257, 216, 384, 177, 425, 397, 321, 452, 324, 294, 415, 168, 393, 173, 340, 175, 295, 381, 119, 360, 306, 307, 165, 312, 367, 65, 355, 128, 42, 222, 160, 139, 436, 453, 20, 262, 206, 417, 448, 26, 431, 24, 66, 11, 373, 159, 91, 92, 181, 345, 252, 16, 399, 182, 258, 129, 156, 396, 149, 342, 311, 174, 310, 111, 236, 230, 141, 473, 10, 346, 231, 152, 46, 426, 361, 172, 318, 319, 356, 273, 470, 400, 62, 441, 7, 47, 466, 110, 370, 158, 446, 136, 70, 238, 467, 266, 277, 469, 458, 293, 74, 299, 140, 103, 368, 162, 264, 472, 193, 137, 126, 195, 343, 327, 101, 223, 329, 179, 443, 51, 309, 268, 315, 147, 57, 214, 440, 261, 21, 350, 267, 98, 284, 326, 390, 289, 419, 290, 304, 303, 112, 72]"
3335,"[234, 205, 257, 216, 227, 30, 379, 76, 107, 301, 338, 330, 132, 38, 339, 320, 48, 67, 366, 147, 249, 33, 346, 37, 337, 340, 237, 116, 408, 0, 386, 175, 295, 405, 168, 390, 426, 321, 324, 99, 443, 462, 173, 140, 323, 220, 221, 399, 26, 356, 286, 263, 378, 404, 292, 315, 171, 103, 438, 223, 352, 250, 253, 151, 114, 461, 115, 452, 247, 296, 113, 164, 142, 401, 270, 156, 127, 143, 87, 63, 88, 441, 53, 429, 322, 202, 75, 108, 96, 162, 180, 254, 49, 154, 204, 28, 455, 367, 64, 279, 118, 229, 155, 117, 402, 397, 460, 194, 189, 437, 192, 432, 219, 176, 35, 15, 369, 333, 396, 199, 210, 409, 377, 463, 442, 264, 280, 71, 349, 418, 365, 290, 326, 416, 304, 178, 265, 313, 163, 308, 288, 287, 268, 453, 93, 104, 188, 259, 187, 291, 403, 32, 2, 276, 425, 177, 185, 361, 84, 391, 440, 271, 228, 331, 375, 411, 465, 167, 233, 472, 368, 201, 9, 458, 450, 335, 298, 316, 329, 327, 272, 309, 1, 105, 69, 81, 90, 246, 68, 52, 91, 159, 134, 125, 135, 392, 410, 203, 170, 51, 218, 444, 121, 12, 470, 447, 59, 241, 363, 148, 126, 345, 347, 421, 4, 191, 14, 251, 8, 34, 336, 195, 343, 212, 102, 282, 334, 294, 225, 351, 242, 213, 157, 56, 44, 21, 43, 289, 428, 158, 31, 186, 357, 243, 122, 131, 235, 302, 130, 54, 466, 29, 256, 18, 83, 413, 198, 395, 50, 407, 165, 433, 380, 207, 200, 471, 6, 82, 27, 394, 79, 89, 60, 448, 398, 119, 445, 36, 435, 344, 133, 420, 98, 244, 417, 459, 196, 5, 190, 197, 469, 94, 240, 359, 214, 183, 215, 275, 414, 260, 217, 370, 348, 152, 145, 231, 161, 232, 248, 424, 55, 141, 45, 427, 269, 311, 274, 262, 39, 278, 300, 226, 41, 40, 160, 364, 255, 209, 372, 23, 109, 124, 439, 106, 360, 179, 312, 412, 385, 314, 239, 281, 423, 97, 305, 306, 307, 95, 73, 456, 22, 146, 362, 341, 431, 328, 138, 150, 80, 77, 430, 112, 436, 238, 350, 451, 20, 86, 206, 387, 434, 19, 25, 353, 446, 13, 342, 208, 153, 422, 181, 383, 252, 16, 371, 182, 258, 11, 92, 66, 149, 464, 174, 166, 310, 111, 110, 317, 123, 393, 10, 136, 70, 358, 46, 406, 373, 172, 318, 319, 419, 273, 415, 400, 62, 468, 7, 47, 473, 65, 128, 376, 284, 42, 384, 24, 454, 266, 277, 374, 457, 293, 74, 299, 129, 61, 78, 85, 245, 224, 236, 230, 285, 193, 139, 144, 137, 72, 389, 100, 388, 332, 297, 58, 303, 449, 57, 354, 222, 325, 283, 382, 267, 101, 355, 261, 381, 169, 3, 467, 211, 184, 17, 120]"
3349,"[234, 205, 107, 301, 227, 30, 346, 76, 260, 330, 259, 338, 132, 217, 445, 320, 58, 54, 403, 210, 249, 33, 414, 32, 2, 329, 37, 170, 34, 211, 387, 175, 295, 408, 168, 401, 340, 321, 324, 99, 439, 430, 173, 140, 323, 220, 221, 471, 28, 469, 286, 263, 171, 472, 335, 236, 169, 230, 377, 223, 470, 250, 253, 151, 114, 359, 147, 419, 164, 142, 111, 188, 193, 426, 199, 106, 109, 358, 87, 63, 88, 413, 93, 427, 322, 336, 96, 313, 23, 372, 180, 254, 49, 154, 264, 280, 435, 119, 51, 287, 350, 98, 393, 55, 392, 349, 404, 194, 189, 449, 192, 410, 219, 176, 35, 15, 465, 209, 418, 356, 243, 395, 308, 421, 163, 288, 420, 237, 265, 218, 212, 422, 64, 121, 118, 279, 124, 202, 43, 155, 292, 117, 179, 390, 325, 315, 428, 94, 166, 185, 85, 371, 337, 302, 304, 178, 380, 3, 141, 348, 402, 271, 228, 331, 459, 158, 462, 120, 7, 412, 448, 201, 9, 394, 41, 39, 226, 204, 278, 298, 272, 303, 1, 135, 69, 145, 90, 327, 68, 52, 91, 159, 134, 125, 464, 365, 122, 203, 333, 382, 294, 44, 108, 12, 105, 136, 10, 123, 429, 241, 339, 406, 397, 457, 4, 191, 14, 251, 0, 56, 245, 257, 18, 256, 255, 101, 103, 139, 409, 332, 389, 100, 466, 296, 127, 316, 441, 21, 454, 341, 262, 186, 378, 47, 437, 131, 270, 447, 231, 152, 46, 29, 366, 310, 238, 174, 198, 235, 130, 438, 187, 355, 436, 207, 200, 446, 6, 360, 27, 400, 79, 89, 60, 450, 443, 62, 343, 433, 345, 133, 214, 40, 261, 244, 375, 383, 196, 5, 190, 197, 369, 434, 110, 468, 240, 273, 215, 275, 442, 267, 26, 379, 367, 75, 80, 112, 150, 398, 70, 425, 61, 138, 77, 460, 344, 248, 232, 161, 167, 67, 143, 233, 157, 440, 247, 213, 451, 300, 246, 36, 172, 396, 224, 351, 146, 181, 328, 373, 354, 115, 137, 162, 431, 453, 415, 216, 307, 95, 73, 306, 463, 314, 45, 384, 165, 291, 385, 65, 461, 128, 42, 222, 160, 71, 473, 357, 24, 31, 206, 20, 416, 19, 25, 361, 467, 13, 399, 208, 374, 391, 177, 386, 252, 16, 417, 182, 92, 11, 258, 66, 149, 156, 78, 297, 129, 317, 195, 444, 289, 370, 290, 326, 284, 388, 381, 153, 352, 229, 424, 368, 276, 102, 282, 334, 376, 22, 363, 274, 311, 411, 183, 269, 38, 84, 432, 456, 293, 266, 277, 423, 455, 59, 74, 299, 268, 305, 50, 407, 104, 239, 281, 97, 283, 53, 458, 144, 81, 126, 82, 83, 362, 148, 309, 8, 318, 48, 57, 342, 225, 364, 113, 452, 347, 116, 72, 405, 353, 312, 242, 319, 285, 184, 17, 86]"
3347,"[234, 205, 235, 301, 227, 30, 388, 76, 107, 460, 393, 465, 19, 25, 459, 29, 48, 67, 451, 147, 292, 158, 444, 32, 2, 354, 255, 209, 256, 257, 18, 395, 78, 23, 413, 119, 450, 375, 243, 387, 260, 306, 338, 259, 187, 291, 370, 100, 236, 471, 27, 307, 438, 434, 54, 1, 56, 69, 217, 50, 406, 322, 36, 203, 170, 379, 335, 357, 247, 142, 317, 164, 169, 356, 5, 106, 405, 143, 127, 63, 88, 439, 53, 157, 466, 220, 75, 80, 20, 473, 180, 254, 49, 73, 298, 272, 278, 39, 283, 33, 345, 329, 34, 330, 400, 24, 433, 196, 469, 171, 263, 97, 219, 176, 35, 15, 350, 390, 470, 194, 189, 402, 445, 446, 163, 308, 265, 237, 457, 280, 71, 140, 103, 162, 384, 279, 303, 313, 43, 114, 82, 37, 148, 448, 93, 104, 86, 94, 166, 125, 135, 401, 337, 302, 362, 178, 185, 85, 13, 392, 341, 271, 228, 331, 404, 440, 128, 120, 65, 359, 367, 201, 9, 365, 423, 428, 192, 21, 422, 214, 28, 204, 173, 160, 126, 81, 421, 202, 68, 52, 91, 90, 134, 312, 409, 368, 112, 4, 191, 110, 123, 411, 238, 12, 105, 136, 10, 363, 46, 332, 122, 472, 353, 468, 206, 200, 346, 333, 208, 153, 245, 188, 193, 226, 425, 276, 102, 334, 225, 282, 348, 213, 44, 289, 324, 316, 355, 321, 349, 455, 31, 186, 456, 47, 342, 131, 325, 305, 239, 314, 281, 250, 165, 310, 130, 443, 198, 168, 294, 352, 133, 467, 464, 343, 211, 101, 424, 139, 144, 453, 79, 89, 60, 361, 441, 62, 398, 385, 340, 290, 304, 358, 98, 244, 249, 207, 210, 199, 197, 190, 442, 382, 420, 426, 183, 40, 215, 275, 410, 267, 26, 347, 351, 152, 145, 231, 161, 447, 45, 360, 95, 216, 132, 403, 42, 230, 55, 344, 3, 141, 232, 248, 407, 222, 261, 326, 414, 300, 246, 336, 229, 364, 224, 418, 146, 181, 328, 380, 412, 115, 137, 150, 378, 415, 70, 396, 77, 61, 138, 449, 0, 435, 14, 251, 369, 339, 274, 22, 430, 174, 436, 99, 374, 270, 262, 373, 109, 41, 269, 38, 391, 286, 84, 381, 221, 323, 175, 295, 366, 399, 177, 432, 252, 16, 383, 182, 258, 11, 92, 66, 149, 167, 297, 129, 156, 111, 195, 408, 212, 397, 394, 121, 154, 427, 218, 417, 285, 458, 320, 319, 454, 273, 419, 318, 416, 6, 242, 461, 288, 118, 64, 287, 51, 155, 117, 437, 293, 266, 277, 377, 429, 59, 74, 299, 268, 372, 241, 386, 315, 17, 184, 8, 159, 58, 96, 284, 327, 223, 463, 179, 462, 113, 311, 253, 309, 452, 7, 57, 389, 116, 151, 172, 376, 240, 72, 431, 371, 296, 87, 233, 83, 108, 124, 264]"
3288,"[234, 205, 249, 419, 27, 441, 207, 200, 210, 431, 442, 206, 19, 25, 464, 320, 58, 54, 406, 147, 50, 47, 354, 32, 2, 458, 149, 188, 24, 66, 11, 373, 258, 396, 449, 30, 453, 55, 471, 307, 260, 306, 338, 259, 187, 291, 305, 213, 72, 465, 221, 467, 348, 360, 314, 281, 239, 264, 390, 286, 263, 106, 171, 383, 116, 400, 243, 414, 335, 34, 104, 164, 169, 433, 16, 158, 44, 105, 460, 225, 282, 470, 93, 417, 29, 109, 366, 262, 235, 130, 180, 254, 300, 31, 209, 323, 392, 118, 64, 279, 347, 229, 411, 153, 380, 208, 23, 425, 45, 73, 97, 412, 219, 176, 35, 15, 372, 452, 461, 194, 189, 356, 367, 454, 163, 308, 265, 237, 444, 212, 218, 216, 95, 154, 405, 121, 315, 313, 43, 155, 292, 117, 179, 402, 1, 113, 280, 122, 287, 51, 288, 37, 337, 415, 49, 178, 303, 290, 304, 463, 371, 344, 334, 331, 228, 369, 457, 142, 96, 364, 5, 359, 9, 422, 211, 101, 192, 21, 451, 214, 28, 285, 253, 126, 135, 81, 350, 202, 68, 52, 91, 90, 181, 328, 352, 421, 379, 203, 191, 426, 123, 242, 236, 12, 448, 391, 10, 136, 378, 33, 429, 446, 394, 385, 76, 170, 14, 251, 238, 120, 245, 257, 18, 256, 255, 349, 3, 330, 99, 241, 393, 100, 469, 185, 56, 316, 268, 432, 196, 195, 361, 186, 403, 333, 342, 131, 325, 283, 329, 327, 223, 322, 134, 125, 13, 124, 198, 345, 261, 353, 165, 401, 376, 355, 4, 247, 447, 114, 82, 389, 79, 89, 60, 92, 450, 62, 427, 36, 468, 53, 357, 289, 98, 244, 340, 445, 199, 197, 190, 201, 413, 94, 240, 456, 183, 40, 215, 275, 443, 270, 301, 41, 151, 408, 302, 370, 110, 107, 132, 410, 339, 274, 22, 146, 384, 248, 232, 382, 269, 84, 38, 217, 204, 407, 6, 395, 102, 276, 182, 336, 250, 252, 374, 227, 420, 177, 386, 473, 321, 346, 324, 294, 387, 168, 404, 173, 295, 175, 351, 75, 26, 409, 462, 137, 438, 312, 459, 108, 341, 119, 435, 293, 160, 71, 439, 430, 39, 159, 129, 398, 85, 61, 138, 77, 362, 80, 115, 150, 112, 70, 381, 472, 222, 399, 326, 284, 267, 20, 375, 397, 0, 311, 174, 166, 310, 111, 224, 230, 141, 418, 231, 145, 161, 152, 46, 466, 455, 172, 318, 319, 365, 273, 416, 368, 226, 298, 272, 388, 156, 278, 78, 428, 437, 42, 65, 128, 423, 266, 277, 343, 440, 59, 74, 299, 220, 103, 140, 162, 193, 17, 184, 8, 271, 48, 139, 144, 69, 436, 57, 133, 377, 332, 86, 246, 309, 434, 7, 87, 63, 88, 157, 358, 424, 148, 233, 83, 363, 296, 167, 67, 297, 127, 143, 317]"
3363,"[234, 205, 235, 301, 227, 30, 471, 76, 107, 368, 448, 110, 132, 413, 120, 29, 204, 217, 436, 210, 392, 33, 457, 37, 337, 391, 149, 188, 24, 66, 11, 367, 259, 366, 338, 119, 428, 330, 260, 381, 288, 287, 163, 265, 308, 423, 395, 213, 72, 372, 326, 284, 351, 327, 335, 315, 171, 101, 283, 223, 426, 322, 36, 452, 116, 365, 147, 461, 115, 370, 104, 164, 169, 346, 16, 158, 472, 7, 47, 433, 193, 53, 93, 344, 270, 246, 75, 80, 195, 353, 180, 254, 268, 236, 230, 28, 354, 379, 292, 155, 118, 229, 64, 117, 438, 416, 382, 194, 189, 473, 263, 432, 219, 176, 35, 15, 364, 209, 427, 196, 434, 456, 95, 390, 306, 307, 280, 71, 348, 0, 447, 290, 304, 302, 466, 178, 303, 202, 43, 114, 126, 135, 141, 73, 45, 113, 153, 394, 187, 291, 329, 32, 2, 359, 49, 179, 185, 85, 138, 407, 358, 271, 228, 331, 441, 385, 77, 61, 13, 406, 14, 398, 211, 9, 361, 247, 184, 111, 8, 212, 339, 309, 1, 160, 50, 81, 90, 317, 68, 52, 91, 159, 134, 125, 451, 349, 124, 203, 170, 51, 218, 3, 121, 12, 105, 345, 59, 123, 450, 241, 378, 352, 410, 384, 4, 191, 5, 333, 208, 23, 336, 257, 18, 256, 255, 412, 102, 334, 225, 282, 440, 100, 375, 142, 324, 316, 409, 321, 445, 173, 454, 186, 360, 243, 122, 131, 325, 305, 239, 314, 281, 313, 417, 48, 279, 397, 198, 168, 294, 355, 44, 443, 362, 207, 200, 249, 401, 27, 82, 373, 79, 89, 60, 92, 393, 420, 34, 419, 374, 237, 468, 289, 98, 244, 411, 455, 199, 190, 197, 201, 470, 94, 442, 17, 323, 99, 215, 275, 469, 267, 26, 424, 151, 172, 240, 356, 458, 39, 311, 403, 174, 274, 22, 146, 380, 248, 55, 232, 10, 435, 130, 54, 415, 40, 251, 465, 216, 300, 258, 86, 250, 182, 387, 252, 460, 177, 467, 459, 183, 214, 192, 21, 347, 369, 430, 206, 20, 341, 25, 421, 19, 342, 388, 389, 165, 312, 453, 78, 396, 129, 42, 222, 261, 462, 106, 340, 109, 262, 269, 38, 429, 286, 84, 464, 221, 97, 437, 65, 128, 449, 181, 328, 422, 276, 418, 41, 224, 226, 156, 278, 298, 272, 357, 166, 310, 245, 96, 371, 56, 399, 231, 145, 161, 152, 46, 377, 350, 446, 320, 319, 404, 273, 376, 318, 363, 6, 242, 383, 62, 343, 175, 414, 70, 136, 112, 238, 408, 266, 277, 405, 402, 293, 74, 299, 220, 103, 140, 162, 31, 439, 150, 137, 295, 253, 139, 144, 69, 57, 463, 133, 386, 332, 285, 58, 108, 444, 143, 87, 63, 88, 157, 431, 425, 148, 233, 83, 400, 296, 167, 67, 297, 127, 154, 264]"
3345,"[234, 205, 257, 216, 227, 30, 359, 76, 107, 423, 353, 330, 132, 38, 120, 29, 173, 119, 454, 243, 433, 33, 362, 37, 337, 435, 149, 188, 24, 66, 11, 398, 258, 383, 415, 130, 54, 439, 217, 409, 260, 306, 338, 259, 187, 291, 417, 213, 113, 430, 6, 244, 345, 370, 294, 44, 108, 72, 97, 286, 263, 80, 253, 151, 114, 418, 147, 379, 335, 133, 116, 164, 169, 356, 270, 240, 461, 57, 395, 223, 437, 53, 93, 388, 106, 202, 109, 313, 96, 473, 180, 254, 268, 162, 140, 103, 293, 377, 64, 279, 118, 229, 155, 117, 341, 469, 421, 194, 189, 447, 192, 368, 219, 176, 35, 15, 449, 333, 448, 199, 210, 464, 428, 21, 214, 28, 455, 237, 380, 307, 264, 280, 361, 154, 352, 121, 287, 39, 308, 163, 265, 71, 160, 465, 221, 126, 292, 315, 166, 125, 135, 32, 2, 348, 49, 179, 312, 242, 285, 442, 369, 429, 228, 331, 334, 426, 412, 174, 7, 405, 346, 201, 9, 458, 419, 247, 3, 316, 470, 94, 86, 309, 1, 69, 50, 87, 360, 204, 68, 52, 91, 90, 134, 296, 396, 436, 34, 203, 170, 110, 123, 371, 211, 56, 105, 344, 168, 82, 471, 241, 393, 468, 374, 376, 4, 191, 14, 406, 144, 122, 220, 17, 184, 153, 446, 208, 236, 230, 46, 332, 444, 100, 392, 328, 59, 322, 364, 256, 209, 460, 31, 186, 422, 47, 424, 131, 325, 305, 239, 314, 281, 282, 347, 310, 139, 372, 198, 343, 261, 440, 165, 408, 363, 207, 200, 249, 384, 27, 67, 400, 79, 89, 60, 92, 467, 62, 381, 357, 48, 158, 351, 255, 18, 246, 172, 453, 196, 5, 190, 197, 407, 262, 382, 185, 183, 40, 215, 275, 466, 16, 26, 397, 401, 152, 231, 145, 161, 232, 248, 463, 141, 73, 45, 375, 193, 238, 112, 136, 10, 378, 300, 226, 41, 403, 74, 350, 102, 276, 182, 336, 250, 252, 224, 420, 146, 181, 366, 402, 358, 129, 297, 78, 23, 373, 472, 70, 85, 61, 77, 138, 150, 456, 115, 137, 441, 339, 274, 22, 411, 311, 450, 273, 266, 277, 367, 386, 414, 245, 206, 20, 445, 19, 25, 425, 84, 443, 404, 13, 410, 399, 177, 459, 36, 365, 212, 389, 283, 101, 329, 171, 327, 272, 298, 278, 156, 159, 195, 413, 304, 452, 290, 326, 284, 267, 222, 355, 289, 98, 349, 321, 324, 99, 354, 391, 75, 416, 12, 432, 323, 295, 175, 342, 340, 42, 65, 128, 385, 148, 157, 427, 124, 63, 88, 111, 269, 95, 55, 462, 104, 0, 288, 51, 218, 58, 235, 302, 81, 390, 301, 178, 394, 251, 299, 8, 271, 303, 43, 387, 225, 434, 320, 457, 319, 431, 438, 318, 451, 142, 167, 233, 83, 127, 143, 317]"
3291,"[170, 205, 17, 184, 211, 101, 340, 417, 206, 367, 20, 441, 19, 25, 394, 320, 48, 67, 387, 147, 274, 158, 412, 237, 2, 16, 32, 116, 404, 0, 393, 432, 65, 444, 110, 30, 429, 445, 217, 338, 260, 330, 468, 259, 187, 291, 305, 213, 461, 242, 319, 449, 370, 369, 39, 183, 185, 311, 273, 285, 318, 29, 430, 151, 114, 359, 243, 350, 458, 193, 104, 164, 142, 355, 4, 354, 283, 329, 327, 223, 349, 413, 93, 374, 216, 336, 188, 80, 66, 149, 180, 254, 268, 1, 54, 50, 403, 261, 34, 33, 409, 378, 8, 212, 342, 434, 399, 194, 189, 431, 192, 341, 219, 176, 35, 15, 379, 335, 358, 199, 210, 433, 55, 396, 346, 3, 141, 353, 154, 153, 306, 307, 386, 113, 264, 280, 308, 106, 163, 287, 265, 117, 121, 366, 332, 317, 315, 292, 166, 125, 135, 405, 337, 416, 49, 178, 428, 57, 376, 159, 440, 271, 228, 331, 467, 411, 133, 452, 13, 395, 5, 201, 9, 427, 421, 51, 218, 316, 451, 204, 28, 86, 56, 160, 69, 81, 401, 202, 68, 52, 91, 90, 134, 312, 382, 447, 124, 203, 209, 390, 123, 47, 238, 12, 105, 383, 10, 82, 407, 241, 365, 454, 418, 347, 76, 234, 14, 251, 38, 120, 245, 257, 18, 256, 255, 459, 102, 334, 225, 282, 437, 100, 389, 169, 59, 246, 414, 321, 371, 435, 446, 186, 400, 333, 348, 131, 325, 97, 239, 314, 281, 250, 165, 328, 230, 236, 198, 168, 294, 362, 44, 388, 339, 410, 200, 249, 6, 439, 27, 352, 79, 89, 60, 92, 419, 62, 385, 345, 109, 53, 289, 324, 98, 244, 288, 262, 196, 191, 190, 197, 436, 94, 240, 471, 31, 40, 215, 275, 356, 229, 473, 96, 343, 247, 75, 450, 24, 415, 26, 463, 95, 73, 45, 360, 398, 248, 232, 161, 220, 221, 323, 99, 270, 384, 302, 130, 301, 300, 235, 36, 172, 470, 258, 11, 448, 177, 420, 469, 253, 278, 156, 78, 363, 464, 129, 402, 85, 61, 77, 138, 150, 377, 115, 137, 391, 173, 118, 119, 155, 64, 425, 208, 442, 322, 227, 357, 107, 207, 392, 279, 344, 132, 457, 128, 406, 23, 460, 22, 146, 443, 181, 373, 252, 276, 182, 41, 224, 226, 424, 263, 171, 272, 298, 174, 310, 111, 195, 368, 304, 364, 290, 326, 284, 267, 222, 438, 380, 423, 145, 231, 152, 46, 381, 456, 455, 269, 286, 84, 408, 214, 372, 351, 175, 295, 303, 112, 466, 266, 277, 426, 422, 293, 74, 299, 140, 103, 71, 162, 313, 375, 136, 70, 42, 58, 139, 144, 126, 72, 361, 179, 37, 462, 309, 43, 21, 108, 7, 87, 63, 88, 157, 453, 397, 148, 233, 83, 465, 296, 472, 167, 297, 127, 143, 122]"
3330,"[234, 250, 8, 34, 227, 30, 444, 76, 107, 301, 279, 438, 235, 302, 405, 320, 48, 67, 396, 210, 249, 33, 384, 37, 337, 418, 80, 115, 150, 75, 472, 175, 295, 385, 173, 119, 362, 221, 323, 99, 270, 467, 435, 272, 278, 298, 453, 213, 72, 376, 223, 97, 340, 339, 259, 187, 291, 182, 329, 286, 263, 311, 195, 446, 116, 388, 147, 393, 164, 142, 29, 108, 296, 428, 109, 106, 451, 7, 87, 63, 88, 358, 93, 157, 395, 336, 96, 86, 24, 258, 180, 254, 268, 236, 0, 292, 378, 402, 64, 155, 419, 229, 118, 117, 361, 363, 383, 194, 189, 368, 192, 447, 219, 176, 35, 15, 416, 243, 390, 196, 415, 280, 71, 392, 404, 3, 466, 237, 421, 69, 371, 127, 143, 167, 233, 83, 124, 202, 43, 114, 144, 126, 148, 82, 79, 113, 359, 94, 166, 315, 171, 32, 2, 443, 49, 179, 185, 85, 138, 349, 434, 271, 228, 331, 437, 417, 77, 61, 78, 23, 380, 450, 19, 9, 355, 247, 261, 21, 400, 214, 28, 285, 58, 56, 54, 81, 406, 174, 68, 52, 91, 159, 181, 328, 408, 365, 414, 203, 191, 452, 123, 47, 238, 12, 105, 136, 10, 162, 422, 241, 420, 424, 391, 430, 4, 5, 342, 188, 193, 287, 313, 163, 308, 264, 343, 276, 102, 334, 225, 282, 471, 100, 468, 169, 59, 322, 432, 316, 288, 374, 31, 186, 407, 335, 347, 131, 325, 305, 239, 314, 281, 205, 456, 310, 130, 457, 198, 267, 20, 431, 122, 413, 423, 207, 200, 51, 379, 89, 60, 448, 27, 429, 436, 333, 455, 62, 465, 36, 427, 13, 112, 289, 98, 244, 389, 394, 199, 190, 197, 201, 411, 70, 441, 344, 183, 40, 215, 275, 372, 16, 373, 55, 470, 152, 145, 231, 161, 232, 248, 473, 141, 73, 45, 439, 426, 300, 226, 41, 39, 460, 326, 284, 256, 255, 209, 211, 445, 206, 25, 246, 303, 462, 353, 290, 304, 178, 469, 360, 369, 324, 357, 294, 433, 168, 321, 348, 464, 352, 84, 397, 26, 101, 398, 307, 165, 312, 401, 65, 364, 128, 42, 222, 160, 139, 458, 366, 208, 327, 260, 338, 330, 132, 38, 442, 217, 204, 412, 454, 410, 184, 177, 387, 14, 403, 18, 356, 257, 11, 370, 66, 149, 92, 90, 134, 125, 111, 297, 129, 156, 399, 351, 251, 262, 269, 274, 354, 386, 172, 240, 319, 367, 273, 350, 318, 461, 6, 242, 346, 110, 425, 158, 345, 22, 341, 146, 230, 46, 266, 277, 377, 409, 293, 74, 299, 220, 103, 140, 44, 104, 463, 153, 306, 283, 1, 135, 121, 154, 265, 212, 218, 95, 216, 245, 253, 309, 53, 133, 50, 382, 332, 440, 459, 151, 170, 224, 252, 381, 137, 375, 57, 449, 120, 17, 317]"
